x,y,color
170,11,#09071d
171,11,#07061b
172,11,#44444e
173,11,#63636c
174,11,#696972
175,11,#68696e
176,11,#66676d
177,11,#6b6b76
178,11,#535363
179,11,#040317
180,11,#0a091c
181,11,#08071b
223,11,#303143
224,11,#343549
225,11,#adadb7
226,11,#b8b8c0
227,11,#515363
228,11,#7d7e8f
229,11,#252635
230,11,#71717e
231,11,#a1a0b3
232,11,#e2e2ea
233,11,#cecdd6
234,11,#b8b9ba
235,11,#f0eff3
236,11,#f6f6f6
237,11,#fcfcfa
238,11,#fdfdfb
239,11,#fefefc
240,11,#fdfcfe
241,11,#fbfafc
242,11,#fefdff
243,11,#d2d1d6
244,11,#f8f7fa
245,11,#ebe9f2
246,11,#a4a2ac
247,11,#a2a3a6
248,11,#a5a5ad
249,11,#acabb5
250,11,#d8d8da
251,11,#e9e9eb
252,11,#b3b2bd
253,11,#7f7e86
254,11,#595963
255,11,#2f3041
155,12,#0e0c22
156,12,#73737a
157,12,#807e8a
158,12,#050417
162,12,#e1e2e3
163,12,#c8c8c9
164,12,#f9f9f9
165,12,#d7d7d7
166,12,#cacaca
167,12,#e5e5e6
168,12,#e3e3e4
169,12,#e3e3e4
170,12,#fbfbf9
171,12,#f7f7f7
172,12,#969696
173,12,#bababa
174,12,#cccccc
175,12,#e1e1e1
176,12,#cdcdcd
177,12,#d3d3d3
178,12,#e3e3e1
179,12,#fefefc
180,12,#d1d1d1
181,12,#d8d8d6
182,12,#c7c7c5
183,12,#a6a6a4
184,12,#c8c8c6
185,12,#d8d9d6
186,12,#fdfdfd
187,12,#d4d4d3
188,12,#eeedf2
189,12,#cbcacd
190,12,#c1c1c2
191,12,#dadad8
192,12,#f4f4f6
193,12,#cbc9d0
194,12,#94939c
195,12,#82818e
196,12,#7f7f89
213,12,#babdc6
214,12,#bebec6
215,12,#9b9aa4
216,12,#63626f
217,12,#b8b8c5
219,12,#9f9fa7
220,12,#fefdfe
221,12,#fdfcff
222,12,#d9dadb
223,12,#65656f
224,12,#cacacf
225,12,#e4e4e5
226,12,#f5f5f7
227,12,#f0f0f1
228,12,#fdfdfe
229,12,#ffffff
230,12,#e3e2e5
231,12,#e5e5e7
232,12,#f5f5f5
233,12,#f1f1f1
234,12,#fefefe
235,12,#fafaf9
236,12,#ffffff
237,12,#ffffff
238,12,#ffffff
239,12,#ffffff
240,12,#fcfcfb
241,12,#f6f6f6
242,12,#fffffd
243,12,#fdfdfb
244,12,#fefefc
245,12,#f8f8f6
246,12,#fefefc
247,12,#fefefe
248,12,#fbfbfb
249,12,#ffffff
250,12,#fefefd
251,12,#fefefd
252,12,#ffffff
253,12,#fefefe
254,12,#efefef
255,12,#f4f3f8
256,12,#fcfdf8
257,12,#f5f6f8
258,12,#fdfefd
259,12,#fbfcfd
260,12,#fefefd
261,12,#888791
148,13,#6b697d
149,13,#9693a6
150,13,#d3d4da
151,13,#dfdee0
152,13,#f5f5f6
153,13,#fdfcfd
154,13,#e9e9eb
155,13,#e7e7e9
156,13,#bcbcbd
157,13,#bcbcbf
158,13,#c7c7c9
159,13,#cececf
160,13,#dadbd5
161,13,#d9d9d8
162,13,#c9c9cb
163,13,#edecf0
164,13,#f2f1f3
165,13,#cfcfcf
166,13,#aaaaaa
167,13,#f3f3f1
168,13,#e0e0de
169,13,#e6e6e4
170,13,#d2d2d4
171,13,#e3e3e3
172,13,#e1e1e1
173,13,#e3e3e3
174,13,#eeeeee
175,13,#d9d9d9
176,13,#f1f1f1
177,13,#cacbc2
178,13,#dfe1d9
179,13,#eaeae7
180,13,#ccccce
181,13,#c4c3c8
182,13,#838288
183,13,#a3a2a9
184,13,#bebdc2
185,13,#e6e6e1
186,13,#f6f6f2
187,13,#e5e5e4
188,13,#e9e9e8
189,13,#e7e8e3
190,13,#e8e8ef
191,13,#dfe1df
192,13,#dfe0e2
193,13,#b5b5bd
194,13,#727182
196,13,#050417
197,13,#68676e
198,13,#474551
199,13,#8e8c97
200,13,#f3f3f7
201,13,#fafbfd
202,13,#fefefe
203,13,#fffffe
204,13,#fffffb
205,13,#fffffe
206,13,#fffffe
207,13,#fefffc
208,13,#1a192d
209,13,#d6d6de
210,13,#abaaad
211,13,#a7a6ab
212,13,#90939a
213,13,#8c8c99
214,13,#808083
215,13,#38383a
216,13,#fdfefa
217,13,#fdfeff
218,13,#fefffc
219,13,#f4f5f6
220,13,#e4e3e7
221,13,#6a6876
222,13,#0c0b1a
223,13,#2d2d38
224,13,#fcfdfc
225,13,#fefeff
226,13,#fefeff
227,13,#fefefe
228,13,#ffffff
229,13,#fefefe
230,13,#fcfcfd
231,13,#ffffff
232,13,#ffffff
233,13,#ffffff
234,13,#fdfdfd
235,13,#fafafa
236,13,#fbfbfb
237,13,#fbfbfb
238,13,#f9f9f9
239,13,#fbfbfb
240,13,#fbfbfc
241,13,#d2d1d6
242,13,#e6e5e9
243,13,#807f83
244,13,#35343a
245,13,#201f27
246,13,#6a6a71
247,13,#7f7e82
248,13,#d0cfd3
249,13,#fdfcfe
250,13,#fffffc
251,13,#f5f6f2
252,13,#fdfdfb
253,13,#fcfdfb
254,13,#fdfdfc
255,13,#fbfaff
257,13,#0c0c1a
258,13,#e3e4e4
259,13,#fdfefd
260,13,#fdfdf9
261,13,#f8f8fe
264,13,#5c5b6c
265,13,#cbcdd8
271,13,#7f818d
272,13,#80808a
273,13,#80808a
274,13,#82818c
275,13,#313043
276,13,#020016
397,13,#404152
142,14,#7f7d8f
143,14,#9492a0
144,14,#595869
145,14,#040217
148,14,#5d5f6a
149,14,#383842
150,14,#e0dfe8
151,14,#d2d2d6
152,14,#f6f5f8
153,14,#e1e1e1
154,14,#eae9f0
155,14,#e0dfe3
156,14,#bbb9c0
157,14,#7f7f7f
158,14,#e0e0e0
159,14,#ebebed
160,14,#f5f4f7
161,14,#e9e9eb
162,14,#c9c9c8
163,14,#aaaaa9
164,14,#a8a8a7
165,14,#cbcbcb
166,14,#cacaca
167,14,#e9e8ec
168,14,#e5e4e9
169,14,#7d7c81
170,14,#727277
171,14,#ededee
172,14,#dcdcdc
173,14,#cbcbcb
174,14,#f6f6f6
175,14,#e1e1e1
176,14,#e5e5e5
177,14,#dfdfde
178,14,#fbfbfa
179,14,#ededee
180,14,#dcdcdc
181,14,#e2e2e3
182,14,#d7d6d9
183,14,#d8d8db
184,14,#bebec1
185,14,#807e8a
186,14,#767382
187,14,#908f92
188,14,#f2f2f2
189,14,#edecf3
190,14,#cbcdd4
191,14,#5f6074
196,14,#b8b7c8
197,14,#fefefe
198,14,#eaeaeb
199,14,#fdfdf9
200,14,#ffffff
201,14,#fdfcfe
202,14,#ebeaed
203,14,#e6e6e6
204,14,#fcfcfd
205,14,#fcfcfe
206,14,#fcfcfd
207,14,#fefefd
208,14,#fefefa
209,14,#fefefa
210,14,#f6f8f7
211,14,#f5f7f6
212,14,#ffffff
213,14,#fbfbf9
214,14,#ffffff
215,14,#fefeff
216,14,#fdfdfd
217,14,#fffffe
218,14,#fefdff
219,14,#f6f6f7
220,14,#fffffd
221,14,#fefefe
222,14,#fdfdff
223,14,#fefefe
224,14,#fcfcfc
225,14,#ffffff
226,14,#ffffff
227,14,#ffffff
228,14,#ffffff
229,14,#ffffff
230,14,#ffffff
231,14,#ffffff
232,14,#ffffff
233,14,#ffffff
234,14,#ffffff
235,14,#ffffff
236,14,#ffffff
237,14,#fefefe
238,14,#fefefe
239,14,#fdfdfd
240,14,#fbfbf9
241,14,#fcfcfc
242,14,#fcfcfd
243,14,#fcfcfd
244,14,#fdfdfe
245,14,#fdfdfb
246,14,#fffffd
247,14,#f2f2f0
248,14,#fefefd
249,14,#fffffe
250,14,#ffffff
251,14,#ffffff
252,14,#efeff2
253,14,#fdfdff
254,14,#fefeff
255,14,#f5f4fb
256,14,#cac9ce
257,14,#efeef2
258,14,#fdfcff
259,14,#f1f0f4
260,14,#eceaf3
261,14,#191925
262,14,#53555b
263,14,#e6e7e9
264,14,#fcfcf9
265,14,#fffdff
266,14,#fdfdff
267,14,#f9fbfa
268,14,#fbfcfe
269,14,#f8f9f9
270,14,#fffffd
271,14,#fffffe
272,14,#fffffc
273,14,#fffffe
274,14,#fffeff
275,14,#fdfcfe
276,14,#fdfbff
277,14,#16162a
392,14,#424455
393,14,#c7c8d5
394,14,#a8a9b5
395,14,#63626f
396,14,#737280
397,14,#cfcfdc
450,14,#0a0a1e
140,15,#7b7d84
141,15,#c4c2cd
142,15,#c8cbca
143,15,#dbdddc
144,15,#dfdfdf
145,15,#e1e3e2
146,15,#eceeef
147,15,#212235
151,15,#828486
152,15,#ececef
153,15,#f1f0eb
154,15,#88868e
155,15,#808183
156,15,#ebeef2
157,15,#cac8c4
158,15,#eeecea
159,15,#d3cdd8
160,15,#b5b6b9
161,15,#94939b
162,15,#717078
163,15,#fdfefc
164,15,#fcfdff
165,15,#9d9ba5
166,15,#22212d
167,15,#434252
168,15,#7b7a7e
169,15,#99989e
170,15,#b4b5b9
171,15,#b0b1b2
172,15,#cbcbca
173,15,#e2e2e1
174,15,#fdfdfd
175,15,#fffbff
176,15,#f7f0f5
177,15,#e7e7e1
178,15,#cdcecb
179,15,#e4e4e0
180,15,#d5d5d4
181,15,#f3f3ee
182,15,#e5e6e2
183,15,#d4d4d5
184,15,#d1d1d4
185,15,#9b9ca4
190,15,#8d8d98
191,15,#fdfdff
192,15,#f9f9f9
193,15,#f9f9f9
194,15,#ffffff
195,15,#fcfcfd
196,15,#f8f8fa
197,15,#fcfcfc
198,15,#fefefe
199,15,#ffffff
200,15,#ffffff
201,15,#ffffff
202,15,#ffffff
203,15,#ffffff
204,15,#ffffff
205,15,#fdfdfd
206,15,#fefefe
207,15,#ffffff
208,15,#ffffff
209,15,#ffffff
210,15,#ffffff
211,15,#ffffff
212,15,#ffffff
213,15,#ffffff
214,15,#ffffff
215,15,#ffffff
216,15,#ffffff
217,15,#ffffff
218,15,#ffffff
219,15,#ffffff
220,15,#ffffff
221,15,#ffffff
222,15,#ffffff
223,15,#ffffff
224,15,#ffffff
225,15,#ffffff
226,15,#ffffff
227,15,#ffffff
228,15,#ffffff
229,15,#ffffff
230,15,#ffffff
231,15,#ffffff
232,15,#fefefe
233,15,#fcfcfc
234,15,#fcfcfc
235,15,#fafafa
236,15,#fcfcfc
237,15,#fbfbfb
238,15,#fbfbfb
239,15,#fdfdfd
240,15,#fafafa
241,15,#fdfdfd
242,15,#fefefe
243,15,#fefefe
244,15,#fdfdfd
245,15,#fbfbfb
246,15,#fefefe
247,15,#ffffff
248,15,#ffffff
249,15,#ffffff
250,15,#ffffff
251,15,#fefefe
252,15,#fdfdfd
253,15,#fafafa
254,15,#f9f9f9
255,15,#f1f1f1
256,15,#dfdfdf
257,15,#ececeb
258,15,#e0dfe3
259,15,#bfbec6
260,15,#f2f3f2
261,15,#fefff9
262,15,#fefffd
263,15,#fcfcfe
264,15,#fcfdfe
265,15,#edeef0
266,15,#f6f7fa
267,15,#fcfbff
268,15,#fbfbfc
269,15,#76767b
270,15,#959597
271,15,#fafaf9
272,15,#80808b
273,15,#100f23
375,15,#090a1a
376,15,#020213
377,15,#74767f
378,15,#c0c2cc
379,15,#9697a3
381,15,#b1afc1
382,15,#f9f9fd
383,15,#9696a0
384,15,#82818b
390,15,#9e9ea5
391,15,#c1bfcf
392,15,#838290
393,15,#d9d9dd
394,15,#cecfd0
395,15,#8e8d98
396,15,#c5c4cc
398,15,#4e4c5f
399,15,#a7a6aa
400,15,#7f7f80
401,15,#b6b5ba
402,15,#f9fbff
404,15,#fafdff
405,15,#fefdff
406,15,#f5f3fa
407,15,#6f727d
432,15,#2d2f42
454,15,#acafb0
455,15,#fffdff
456,15,#fcfdfe
457,15,#feffff
458,15,#fefeff
459,15,#fcfdff
460,15,#f9f9f5
461,15,#eeedf3
462,15,#737184
138,16,#42444f
139,16,#868487
140,16,#eeecf1
141,16,#cfcbd0
142,16,#e8e8e4
143,16,#e2e2e0
144,16,#e8eae9
145,16,#e9e9eb
146,16,#f9f9f7
147,16,#e8e6ee
148,16,#ebe9f0
149,16,#f7f8f9
150,16,#9f9e9a
151,16,#0b061f
152,16,#dedee1
156,16,#f7f4ed
157,16,#c2c0ca
158,16,#bbb8c2
159,16,#919099
160,16,#06051a
161,16,#bbb9b9
162,16,#f8fdff
163,16,#e6eeef
164,16,#dedadf
165,16,#f2f3f0
166,16,#fdfdfe
167,16,#fffeff
168,16,#fafaf8
169,16,#fdfdfd
170,16,#ebebeb
171,16,#efefef
172,16,#eff0f0
173,16,#d7d8da
174,16,#c0c1c6
175,16,#dfddd9
176,16,#e2e0db
177,16,#e2e3df
178,16,#bebeba
179,16,#d1d0d9
180,16,#c3c3c1
181,16,#a7a7ab
187,16,#fdfeff
188,16,#fcfcff
189,16,#feffff
190,16,#fdfdff
191,16,#fdfcfe
192,16,#f4f4f5
193,16,#fdfdfd
194,16,#fafafa
195,16,#fdfdff
196,16,#fdfdfe
197,16,#fefeff
198,16,#f6f6f8
199,16,#88888a
200,16,#f4f4f4
201,16,#ffffff
202,16,#ffffff
203,16,#ffffff
204,16,#ffffff
205,16,#ffffff
206,16,#ffffff
207,16,#ffffff
208,16,#ffffff
209,16,#ffffff
210,16,#ffffff
211,16,#ffffff
212,16,#ffffff
213,16,#ffffff
214,16,#ffffff
215,16,#ffffff
216,16,#ffffff
217,16,#fefefe
218,16,#fdfdfd
219,16,#ffffff
220,16,#fefefe
221,16,#ffffff
222,16,#ffffff
223,16,#ffffff
224,16,#ffffff
225,16,#ffffff
226,16,#ffffff
227,16,#ffffff
228,16,#ffffff
229,16,#ffffff
230,16,#ffffff
231,16,#ffffff
232,16,#fefefe
233,16,#fefefe
234,16,#fefefe
235,16,#ffffff
236,16,#ffffff
237,16,#fdfdfd
238,16,#fefefe
239,16,#ffffff
240,16,#fbfbfb
241,16,#fbfbfb
242,16,#fdfdfd
243,16,#fcfcfc
244,16,#fcfcfc
245,16,#fbfbfb
246,16,#fbfbfb
247,16,#fcfcfc
248,16,#fefefe
249,16,#fdfdfd
250,16,#fdfdfd
251,16,#fcfcfc
252,16,#fcfcfc
253,16,#fefefe
254,16,#fefefe
255,16,#fdfdfd
256,16,#fbfbfb
257,16,#fefeff
258,16,#fcfbff
259,16,#fefeff
260,16,#fdfcfe
261,16,#f1eeef
262,16,#fefdfa
263,16,#fefcfa
264,16,#f9f7f6
265,16,#dbdad7
266,16,#c5c4ca
267,16,#6f7173
268,16,#68696c
269,16,#707072
270,16,#71727f
331,16,#d2cfda
332,16,#fbfcf9
333,16,#eaeaec
334,16,#7f7e86
335,16,#afb3bf
336,16,#090a1c
337,16,#b3b4b4
338,16,#252535
339,16,#c7c8d0
340,16,#f6f7fc
341,16,#9594a0
342,16,#5e5d6c
343,16,#545366
377,16,#b6b5bd
378,16,#797888
379,16,#fcfdff
380,16,#bdbecb
381,16,#09071b
382,16,#858691
387,16,#d0d0d6
388,16,#adacb7
389,16,#777589
392,16,#797983
393,16,#fcfdfd
394,16,#7c7d81
395,16,#fcfeff
396,16,#9d9eb2
397,16,#080d21
398,16,#030519
452,16,#53575f
453,16,#dee4e6
454,16,#f9fdfe
455,16,#fbfbff
456,16,#f7f9f8
457,16,#d2ced9
458,16,#87868f
459,16,#848284
460,16,#7a7b7d
461,16,#555565
126,17,#585860
140,17,#8a9199
141,17,#9b9b95
142,17,#34382e
143,17,#5b614c
144,17,#475246
145,17,#1a2f25
146,17,#727562
147,17,#6a6c5e
148,17,#444834
149,17,#dcddd1
150,17,#d2cfd1
151,17,#c0c6bd
152,17,#77684a
153,17,#615d39
154,17,#837d60
155,17,#9a8f6f
156,17,#988e62
157,17,#7a7350
158,17,#22292c
159,17,#766b47
160,17,#88825b
161,17,#4f4b25
162,17,#4b3b24
163,17,#90835b
164,17,#534a29
165,17,#807b5e
166,17,#f5f4e7
167,17,#dee3df
168,17,#d5dcda
169,17,#bbc2c0
170,17,#8a958f
171,17,#323d2b
172,17,#536040
173,17,#3c4736
174,17,#6b695e
175,17,#434345
176,17,#32353c
190,17,#04071a
191,17,#c9d1d7
192,17,#f9fefd
193,17,#fbfffe
194,17,#ffffff
195,17,#ffffff
196,17,#fdfdfd
197,17,#ffffff
198,17,#ffffff
199,17,#ffffff
200,17,#ffffff
201,17,#ffffff
202,17,#ffffff
203,17,#ffffff
204,17,#ffffff
205,17,#ffffff
206,17,#ffffff
207,17,#ffffff
208,17,#ffffff
209,17,#ffffff
210,17,#ffffff
211,17,#ffffff
212,17,#ffffff
213,17,#ffffff
214,17,#ffffff
215,17,#ffffff
216,17,#ffffff
217,17,#ffffff
218,17,#ffffff
219,17,#ffffff
220,17,#ffffff
221,17,#ffffff
222,17,#ffffff
223,17,#ffffff
224,17,#ffffff
225,17,#ffffff
226,17,#ffffff
227,17,#ffffff
228,17,#ffffff
229,17,#ffffff
230,17,#ffffff
231,17,#ffffff
232,17,#ffffff
233,17,#ffffff
234,17,#ffffff
235,17,#ffffff
236,17,#ffffff
237,17,#ffffff
238,17,#ffffff
239,17,#ffffff
240,17,#fefefe
241,17,#fefefe
242,17,#fefefe
243,17,#fefefe
244,17,#fdfdfd
245,17,#fcfcfc
246,17,#ffffff
247,17,#fefefe
248,17,#fefefe
249,17,#ffffff
250,17,#fefefe
251,17,#ffffff
252,17,#fefefe
253,17,#fefefe
254,17,#ffffff
255,17,#ffffff
256,17,#fefefe
257,17,#ffffff
258,17,#ffffff
259,17,#ffffff
260,17,#f2fcfa
261,17,#eaf0f0
262,17,#f3faf6
263,17,#f4faf8
264,17,#e1e7ec
265,17,#ccd9d7
266,17,#aec1c8
267,17,#273143
318,17,#f3f9f2
319,17,#dfe6ea
320,17,#c9d5d1
321,17,#e9eef0
322,17,#737870
323,17,#767168
324,17,#aba9a7
325,17,#363a33
326,17,#2b3f40
327,17,#f1f5f6
328,17,#959a97
329,17,#717b78
330,17,#f0eef2
331,17,#375255
332,17,#3c4e53
333,17,#314442
334,17,#8d979c
335,17,#aeb5be
336,17,#bfc4c7
337,17,#c6d2d7
338,17,#f5fcf9
339,17,#f9fdff
340,17,#f6f9fd
341,17,#dee2e8
457,17,#dfdfdc
458,17,#fefffe
459,17,#fcfcfc
460,17,#d8d9d6
461,17,#4e4637
462,17,#b2b7ad
463,17,#e4e9e9
464,17,#eeedea
465,17,#f3f9f7
466,17,#516676
470,17,#3f4155
125,18,#8d8f9a
126,18,#9896a1
127,18,#cacbc4
128,18,#aaaa95
129,18,#a39e8d
130,18,#86826a
131,18,#777871
132,18,#818094
136,18,#4f515d
143,18,#bec5ce
144,18,#999e8a
145,18,#817f72
146,18,#a2a38f
147,18,#e1e5d9
148,18,#f9fbf9
149,18,#d1dad9
150,18,#aaafaf
151,18,#898b76
152,18,#575c48
153,18,#7f8056
154,18,#565b50
155,18,#2c3031
156,18,#505149
157,18,#887c66
158,18,#827864
159,18,#54523d
160,18,#2a3d33
161,18,#334535
162,18,#525d38
163,18,#54563b
164,18,#807967
165,18,#fafaf9
166,18,#eeedf1
167,18,#f1f9f7
168,18,#c1cccc
169,18,#495357
170,18,#dce5dc
171,18,#c5d0cd
172,18,#84877f
173,18,#7c817e
174,18,#a3a5a1
175,18,#38443b
183,18,#63646c
184,18,#a5aa9f
185,18,#71694a
186,18,#6d6549
187,18,#6d6b4b
188,18,#908f83
189,18,#dce0e1
190,18,#f8fdfe
191,18,#fafeff
192,18,#fcffff
193,18,#feffff
194,18,#ffffff
195,18,#ffffff
196,18,#ffffff
197,18,#ffffff
198,18,#ffffff
199,18,#ffffff
200,18,#ffffff
201,18,#ffffff
202,18,#ffffff
203,18,#ffffff
204,18,#ffffff
205,18,#ffffff
206,18,#ffffff
207,18,#ffffff
208,18,#ffffff
209,18,#ffffff
210,18,#ffffff
211,18,#ffffff
212,18,#ffffff
213,18,#ffffff
214,18,#ffffff
215,18,#ffffff
216,18,#ffffff
217,18,#ffffff
218,18,#ffffff
219,18,#ffffff
220,18,#ffffff
221,18,#ffffff
222,18,#ffffff
223,18,#ffffff
224,18,#ffffff
225,18,#ffffff
226,18,#ffffff
227,18,#ffffff
228,18,#ffffff
229,18,#ffffff
230,18,#ffffff
231,18,#fefefe
232,18,#fefefe
233,18,#fefefe
234,18,#fefefe
235,18,#ffffff
236,18,#ffffff
237,18,#fefefe
238,18,#fefefe
239,18,#ffffff
240,18,#fefefe
241,18,#fefefe
242,18,#fefefe
243,18,#fefefe
244,18,#fefefe
245,18,#fefefe
246,18,#fdfdfd
247,18,#fdfdfd
248,18,#fefefe
249,18,#fefefe
250,18,#fdfdfd
251,18,#fefefe
252,18,#fdfdfd
253,18,#fdfdfd
254,18,#fefefe
255,18,#fdfdfd
256,18,#fcfcfc
257,18,#ffffff
258,18,#ffffff
259,18,#ffffff
260,18,#fbfaf8
261,18,#f1f1f3
262,18,#e7ede3
263,18,#d8dde3
264,18,#eef5f8
265,18,#898c8e
266,18,#777886
267,18,#f0f4f8
269,18,#cccedb
317,18,#646b66
318,18,#0e1c2c
319,18,#6f787b
320,18,#a2b0af
321,18,#ebedec
322,18,#d8e0dc
323,18,#9a958c
324,18,#95867e
325,18,#7b7056
326,18,#6d6451
327,18,#d6e6dd
328,18,#edf3ef
329,18,#ecf1ee
330,18,#eaecf0
331,18,#f4f8fb
332,18,#f4ffff
333,18,#f1ffff
334,18,#b6c8cc
335,18,#70848d
347,18,#545669
462,18,#464238
463,18,#6e7371
464,18,#ced6db
465,18,#b1bfc0
467,18,#2f444b
468,18,#ebf6f8
469,18,#f8faf8
470,18,#bdc2c1
471,18,#7a7d6a
472,18,#edebef
473,18,#e6e7eb
474,18,#929797
475,18,#78798d
111,19,#7f808d
112,19,#1a192d
113,19,#808087
114,19,#20202c
115,19,#74747b
116,19,#696a6e
125,19,#6c6e79
126,19,#828287
127,19,#1e1c2d
128,19,#929091
129,19,#56534f
130,19,#bebaa4
131,19,#aaa27f
132,19,#706748
133,19,#c6c1b7
136,19,#646473
137,19,#89855e
138,19,#615728
139,19,#52422c
140,19,#726648
141,19,#534c49
146,19,#807c72
147,19,#a29d7b
148,19,#777153
149,19,#343a34
150,19,#535d4a
151,19,#7c765c
152,19,#727479
154,19,#85836f
155,19,#5c5c47
156,19,#484b2f
157,19,#dce6e7
158,19,#9ca698
159,19,#c7c2b6
160,19,#a39985
161,19,#70654e
162,19,#66593c
163,19,#76715e
164,19,#fafdff
165,19,#fdfefe
166,19,#e5e9e8
167,19,#f8fff7
168,19,#ced5d2
169,19,#d4d9dd
170,19,#b5c0c3
171,19,#b2bbbf
172,19,#83858e
173,19,#bcc1ca
174,19,#6e707f
178,19,#3d4f41
179,19,#878275
180,19,#dfdbd2
181,19,#e9e4de
182,19,#e4dfda
183,19,#d2cebf
184,19,#b6b29e
185,19,#fffdfc
186,19,#fffdfe
187,19,#fefcff
188,19,#fdfdff
189,19,#fcffff
190,19,#fffffd
191,19,#ffffff
192,19,#ffffff
193,19,#ffffff
194,19,#ffffff
195,19,#ffffff
196,19,#ffffff
197,19,#ffffff
198,19,#ffffff
199,19,#ffffff
200,19,#ffffff
201,19,#ffffff
202,19,#ffffff
203,19,#ffffff
204,19,#ffffff
205,19,#ffffff
206,19,#ffffff
207,19,#ffffff
208,19,#ffffff
209,19,#ffffff
210,19,#ffffff
211,19,#ffffff
212,19,#ffffff
213,19,#ffffff
214,19,#fefefe
215,19,#ffffff
216,19,#ffffff
217,19,#ffffff
218,19,#ffffff
219,19,#ffffff
220,19,#ffffff
221,19,#ffffff
222,19,#ffffff
223,19,#ffffff
224,19,#ffffff
225,19,#ffffff
226,19,#ffffff
227,19,#ffffff
228,19,#ffffff
229,19,#ffffff
230,19,#fefefe
231,19,#fefefe
232,19,#fefefe
233,19,#fefefe
234,19,#fdfdfd
235,19,#fdfdfd
236,19,#fefefe
237,19,#fdfdfd
238,19,#fdfdfd
239,19,#fdfdfd
240,19,#fefefe
241,19,#fdfdfd
242,19,#fdfdfd
243,19,#fdfdfd
244,19,#fdfdfd
245,19,#fdfdfd
246,19,#fdfdfd
247,19,#fefefe
248,19,#fcfcfc
249,19,#fdfdfd
250,19,#fefefe
251,19,#fdfdfd
252,19,#fdfdfd
253,19,#fdfdfd
254,19,#fcfcfc
255,19,#fbfbfb
256,19,#fefefe
257,19,#f8f8f8
258,19,#fdfdfd
259,19,#fefefe
260,19,#ecf2f3
261,19,#e7e9ed
262,19,#f2f4ef
263,19,#e0e6e3
264,19,#21263a
265,19,#616b7f
267,19,#9ca8af
319,19,#2e2432
321,19,#1e251e
322,19,#a9ad9d
323,19,#192920
324,19,#09252c
325,19,#192525
326,19,#525f4c
327,19,#6d745a
328,19,#61614d
329,19,#919384
330,19,#e2e7dc
331,19,#94a69d
334,19,#596863
335,19,#686b57
336,19,#81877f
337,19,#1e1e26
466,19,#4d5358
467,19,#4f4f44
468,19,#dcded0
469,19,#a5ad95
470,19,#b3b9a4
471,19,#b2b59e
472,19,#999b92
473,19,#858989
474,19,#2d2f3d
109,20,#777689
110,20,#363843
111,20,#f8fbff
112,20,#99937d
113,20,#e1dccb
114,20,#cec3b0
115,20,#b8bab4
116,20,#adafba
123,20,#b8bbc7
124,20,#1b1c2d
129,20,#48495b
130,20,#4d4c49
131,20,#69687a
133,20,#141126
139,20,#504f53
140,20,#85835d
141,20,#696353
142,20,#bab498
143,20,#9b956e
144,20,#958c93
148,20,#272338
152,20,#140f27
153,20,#6d643b
154,20,#715e3b
155,20,#7f7b49
156,20,#736d59
157,20,#2c2934
158,20,#b9b596
159,20,#7e6f5b
160,20,#727251
161,20,#353834
162,20,#eef0db
163,20,#928f7c
164,20,#fbf7f7
165,20,#e0e1e1
166,20,#f0f5f5
167,20,#e5e9e2
168,20,#dfe5e4
169,20,#cfd3da
181,20,#3a4050
182,20,#4e544c
183,20,#5f6960
184,20,#9c9991
185,20,#81908c
186,20,#fcfbf9
187,20,#f5faf9
188,20,#a1afb7
189,20,#dbe8ed
190,20,#f8f8f8
191,20,#fefefe
192,20,#fdfdfd
193,20,#fdfdfd
194,20,#fdfdfd
195,20,#fefefe
196,20,#ffffff
197,20,#fefefe
198,20,#ffffff
199,20,#ffffff
200,20,#ffffff
201,20,#ffffff
202,20,#ffffff
203,20,#ffffff
204,20,#ffffff
205,20,#ffffff
206,20,#ffffff
207,20,#ffffff
208,20,#ffffff
209,20,#ffffff
210,20,#ffffff
211,20,#ffffff
212,20,#ffffff
213,20,#ffffff
214,20,#ffffff
215,20,#ffffff
216,20,#ffffff
217,20,#ffffff
218,20,#ffffff
219,20,#ffffff
220,20,#ffffff
221,20,#ffffff
222,20,#ffffff
223,20,#ffffff
224,20,#ffffff
225,20,#ffffff
226,20,#ffffff
227,20,#ffffff
228,20,#ffffff
229,20,#ffffff
230,20,#ffffff
231,20,#ffffff
232,20,#fefefe
233,20,#fefefe
234,20,#fefefe
235,20,#fefefe
236,20,#fefefe
237,20,#fefefe
238,20,#fefefe
239,20,#ffffff
240,20,#fefefe
241,20,#fefefe
242,20,#fefefe
243,20,#fefefe
244,20,#fefefe
245,20,#fefefe
246,20,#fefefe
247,20,#ffffff
248,20,#ffffff
249,20,#ffffff
250,20,#fefefe
251,20,#fefefe
252,20,#fdfdfd
253,20,#fdfdfd
254,20,#fefefe
255,20,#ffffff
256,20,#fcfcfc
257,20,#fcfcfa
258,20,#fafaf8
259,20,#f7f8fa
260,20,#eff0f1
261,20,#f5f5f5
262,20,#f1f4f0
263,20,#393f45
264,20,#97a183
265,20,#4b4647
266,20,#91939a
267,20,#c7d1cf
269,20,#545465
323,20,#141b13
324,20,#233932
325,20,#5a6754
326,20,#6e7668
327,20,#b3b7ad
328,20,#afb5b1
329,20,#d8e1dd
330,20,#969fa4
335,20,#454734
336,20,#ada598
337,20,#4e4b3a
338,20,#e3ece3
339,20,#f7fffe
473,20,#7f7c8b
100,21,#4b4650
101,21,#e2dfdb
102,21,#c1bcaf
103,21,#ded8c2
104,21,#82775b
105,21,#85794c
106,21,#332a27
124,21,#464354
125,21,#65666c
148,21,#7e7a8f
149,21,#211b33
152,21,#515164
153,21,#3c3441
154,21,#7a7560
155,21,#97916d
156,21,#a1947f
157,21,#685c35
158,21,#7e7357
159,21,#ad9e85
160,21,#9c917f
161,21,#e4e1d3
162,21,#9c936d
163,21,#615b3d
164,21,#fdfdf1
165,21,#dae4e6
166,21,#7e8b91
167,21,#c7d3db
169,21,#08091d
181,21,#545863
182,21,#eeece9
183,21,#e4ecec
184,21,#b8c8c5
185,21,#818c85
186,21,#656762
187,21,#9e968e
188,21,#777d75
189,21,#635d53
190,21,#b4b4b4
191,21,#ffffff
192,21,#ffffff
193,21,#ffffff
194,21,#ffffff
195,21,#fefefe
196,21,#fdfdfd
197,21,#fcfcfc
198,21,#ffffff
199,21,#fdfdfd
200,21,#fdfdfd
201,21,#fcfcfc
202,21,#fdfdfd
203,21,#fdfdfd
204,21,#fefefe
205,21,#fdfdfd
206,21,#fbfbfb
207,21,#fdfdfd
208,21,#ffffff
209,21,#fefefe
210,21,#fefefe
211,21,#fdfdfd
212,21,#fdfdfd
213,21,#fdfdfd
214,21,#fefefe
215,21,#fefefe
216,21,#ffffff
217,21,#ffffff
218,21,#ffffff
219,21,#ffffff
220,21,#ffffff
221,21,#ffffff
222,21,#ffffff
223,21,#ffffff
224,21,#ffffff
225,21,#ffffff
226,21,#ffffff
227,21,#ffffff
228,21,#ffffff
229,21,#ffffff
230,21,#ffffff
231,21,#ffffff
232,21,#ffffff
233,21,#ffffff
234,21,#fefefe
235,21,#fefefe
236,21,#fefefe
237,21,#fefefe
238,21,#fefefe
239,21,#fefefe
240,21,#fefefe
241,21,#fefefe
242,21,#fefefe
243,21,#ffffff
244,21,#fefefe
245,21,#fefefe
246,21,#fefefe
247,21,#fefefe
248,21,#fefefe
249,21,#ffffff
250,21,#fefefe
251,21,#fefefe
252,21,#ffffff
253,21,#ffffff
254,21,#ffffff
255,21,#fefefe
256,21,#fefefe
257,21,#fdfcfd
258,21,#cbd2d8
259,21,#b1bac1
260,21,#858a90
261,21,#e5e9e9
262,21,#f8fefa
263,21,#736953
264,21,#a7a69b
265,21,#a6a08a
266,21,#8d8779
267,21,#8c9879
268,21,#f9fbfb
269,21,#b9bcc0
324,21,#5b707b
325,21,#e1e9eb
326,21,#dadddc
327,21,#ced1d6
328,21,#d4e2e3
448,21,#151925
460,21,#898c93
469,21,#7c7569
470,21,#5e5330
471,21,#7f785a
472,21,#9b9279
473,21,#776e50
474,21,#5c503d
475,21,#494544
476,21,#666670
477,21,#1b2220
478,21,#10141a
96,22,#938d86
97,22,#796c4b
98,22,#5a523e
99,22,#5e4e32
100,22,#63593b
101,22,#6d5e3a
103,22,#676250
104,22,#b0a079
107,22,#9f9781
108,22,#9b8c66
109,22,#79756a
116,22,#a2a49e
117,22,#beb6a5
118,22,#827c61
119,22,#5a5f72
126,22,#dbe0de
127,22,#ccd0d0
130,22,#c9cbd5
131,22,#45474e
132,22,#95989d
133,22,#e5e8eb
134,22,#e4e4e6
135,22,#f5f8f7
136,22,#e1e0e0
140,22,#9395a1
141,22,#e2e7e6
142,22,#f4f5f7
143,22,#eef1f2
144,22,#b3b8c1
145,22,#cacdce
146,22,#faf7f8
147,22,#dce0e3
148,22,#cacfd7
149,22,#6f7382
150,22,#586777
151,22,#5b5e70
152,22,#787b82
153,22,#989b93
154,22,#43434a
155,22,#626762
156,22,#a1a4ac
157,22,#e8efef
158,22,#787f83
159,22,#1f2535
160,22,#414352
161,22,#3c3f4b
162,22,#646776
164,22,#131522
165,22,#e9f0ef
166,22,#f8f7f6
167,22,#d5dbdc
183,22,#0b1c2c
184,22,#676f58
185,22,#a7a88f
186,22,#fefef7
187,22,#f0eff3
188,22,#e4e4e7
189,22,#f3f4fa
190,22,#f5f8fb
191,22,#ededea
192,22,#d2d8df
193,22,#e0e7eb
194,22,#8ba1ac
195,22,#f7fcfe
196,22,#f1f6fa
197,22,#ebecf2
198,22,#edf0f1
199,22,#f6f7f2
200,22,#fbfaff
201,22,#fcf8fa
202,22,#fdfdfb
203,22,#feffff
204,22,#fdfdfb
205,22,#fefefe
206,22,#ffffff
207,22,#ffffff
208,22,#ffffff
209,22,#ffffff
210,22,#ffffff
211,22,#ffffff
212,22,#ffffff
213,22,#ffffff
214,22,#ffffff
215,22,#ffffff
216,22,#ffffff
217,22,#ffffff
218,22,#ffffff
219,22,#ffffff
220,22,#ffffff
221,22,#ffffff
222,22,#ffffff
223,22,#ffffff
224,22,#ffffff
225,22,#ffffff
226,22,#ffffff
227,22,#ffffff
228,22,#ffffff
229,22,#ffffff
230,22,#ffffff
231,22,#ffffff
232,22,#ffffff
233,22,#ffffff
234,22,#ffffff
235,22,#ffffff
236,22,#ffffff
237,22,#ffffff
238,22,#ffffff
239,22,#ffffff
240,22,#ffffff
241,22,#ffffff
242,22,#ffffff
243,22,#ffffff
244,22,#ffffff
245,22,#ffffff
246,22,#ffffff
247,22,#ffffff
248,22,#ffffff
249,22,#ffffff
250,22,#ffffff
251,22,#ffffff
252,22,#ffffff
253,22,#ffffff
254,22,#ffffff
255,22,#feffff
256,22,#ebf0f5
257,22,#bdc9cf
258,22,#becbd1
259,22,#b2bec3
260,22,#c2ced2
261,22,#e0e5e9
262,22,#9ea39e
263,22,#9fb1a7
264,22,#1a2d1d
265,22,#28321e
266,22,#0f1c1b
268,22,#e3e6e3
402,22,#040415
406,22,#0e1726
407,22,#525967
408,22,#bcc3ca
409,22,#f5fafb
410,22,#eef4f6
411,22,#eff5f7
412,22,#e1e7e7
413,22,#f6fbf9
414,22,#838691
459,22,#0d0c1c
460,22,#1e1d27
461,22,#3d3e51
464,22,#090818
465,22,#68644d
466,22,#7f765d
467,22,#7b7246
468,22,#958b63
469,22,#706446
470,22,#6e673f
471,22,#675e3a
472,22,#6a5f38
473,22,#665d36
474,22,#766c4e
475,22,#706a5b
476,22,#b1ab9b
477,22,#5f4f34
478,22,#7b6f5d
479,22,#999170
480,22,#9c967b
481,22,#5c582f
482,22,#968f7b
483,22,#726d50
484,22,#5b553a
485,22,#4e492b
486,22,#3b3514
487,22,#d7d9bc
97,23,#201a2e
98,23,#161424
99,23,#433f4a
102,23,#5e5435
103,23,#28202c
105,23,#615f6b
106,23,#767668
107,23,#8e9579
108,23,#c6c8bd
109,23,#9e966d
110,23,#88784c
111,23,#b3a279
112,23,#a09773
113,23,#a7a291
117,23,#6e6a56
118,23,#8d824b
119,23,#917f48
120,23,#aba28a
121,23,#cfcac0
122,23,#bbb6a2
123,23,#a89e89
127,23,#61645f
128,23,#93968e
129,23,#e2e2ea
130,23,#b3b2b6
131,23,#d0d0cd
132,23,#cdd1d4
133,23,#dadad7
134,23,#f0f1eb
135,23,#e8e9e4
136,23,#deddcd
142,23,#b2b4bf
146,23,#dedbe7
147,23,#f4f4f2
148,23,#f7f6f8
149,23,#ededef
150,23,#bfc0be
160,23,#4c4e5f
161,23,#121327
162,23,#83828e
163,23,#71747d
167,23,#6e7383
201,23,#b3c6d3
202,23,#fdffff
203,23,#feffff
204,23,#fffeff
205,23,#ffffff
206,23,#ffffff
207,23,#ffffff
208,23,#ffffff
209,23,#ffffff
210,23,#ffffff
211,23,#ffffff
212,23,#ffffff
213,23,#ffffff
214,23,#ffffff
215,23,#ffffff
216,23,#ffffff
217,23,#ffffff
218,23,#ffffff
219,23,#ffffff
220,23,#ffffff
221,23,#ffffff
222,23,#ffffff
223,23,#ffffff
224,23,#ffffff
225,23,#ffffff
226,23,#ffffff
227,23,#ffffff
228,23,#ffffff
229,23,#ffffff
230,23,#ffffff
231,23,#fefefe
232,23,#fefefe
233,23,#fefefe
234,23,#fefefe
235,23,#ffffff
236,23,#ffffff
237,23,#ffffff
238,23,#ffffff
239,23,#ffffff
240,23,#ffffff
241,23,#ffffff
242,23,#ffffff
243,23,#ffffff
244,23,#ffffff
245,23,#ffffff
246,23,#ffffff
247,23,#fefefe
248,23,#fefefe
249,23,#fdfdfd
250,23,#fdfdfd
251,23,#fefefe
252,23,#fbfbfb
253,23,#fdfdfd
254,23,#fcfcfc
255,23,#fbfcfd
256,23,#fcfcfd
257,23,#fcfdfe
258,23,#fafafd
259,23,#fcfcfe
260,23,#fafbfa
261,23,#fbfcfd
262,23,#a2abab
263,23,#c2c8ca
264,23,#a1a6a3
265,23,#9fa995
266,23,#d4d1cc
397,23,#132736
398,23,#9ba9af
399,23,#d9e0e4
400,23,#d3d7d8
401,23,#f6fcfc
402,23,#fffef9
403,23,#fafaf7
404,23,#fcfcfd
405,23,#d9e1e2
406,23,#eef2f0
407,23,#f2f4f8
408,23,#7d818d
409,23,#282d3f
454,23,#666170
455,23,#837e77
456,23,#6c6150
457,23,#5b4f35
458,23,#776e50
459,23,#b1ab87
460,23,#7f7c56
461,23,#7a794d
462,23,#b7b1a4
463,23,#756a4a
464,23,#bdb297
465,23,#77704e
466,23,#665d40
467,23,#857657
468,23,#827450
469,23,#7e7145
470,23,#6b5a30
471,23,#5b4c28
472,23,#5a4d27
473,23,#71653f
474,23,#948864
475,23,#a39575
476,23,#968b70
477,23,#9f9985
478,23,#f2efe7
479,23,#d3cdca
480,23,#bcb2a8
481,23,#888164
482,23,#665c3c
483,23,#585134
484,23,#777363
485,23,#534f34
486,23,#5d583a
487,23,#534d34
488,23,#4f4c30
489,23,#696552
529,23,#5e5d3c
530,23,#4c4b2d
531,23,#54522c
532,23,#60623b
533,23,#3b3839
534,23,#0a061c
535,23,#fffefc
536,23,#ebeae2
537,23,#535651
538,23,#35343f
539,23,#454252
540,23,#0f0d21
103,24,#100d21
104,24,#89806b
105,24,#959176
106,24,#7c7457
107,24,#8e835f
108,24,#7c733f
109,24,#6b695d
110,24,#858575
111,24,#958766
112,24,#7a7655
113,24,#7b7549
114,24,#493e2f
115,24,#7a6d44
116,24,#998c63
117,24,#aba080
118,24,#837a4a
119,24,#988c5f
120,24,#75693b
121,24,#7a6c3e
122,24,#816e40
123,24,#4b463d
125,24,#929195
126,24,#c5c4b5
132,24,#b5bbba
133,24,#cecdc0
134,24,#f0f1e9
135,24,#f0f1ef
136,24,#8a8c83
137,24,#030619
139,24,#737378
140,24,#fcfbef
141,24,#e4e1d9
142,24,#f2f2ef
143,24,#f9fafb
146,24,#f3f6ef
147,24,#e6e6e1
148,24,#f4f3eb
149,24,#f0ede7
150,24,#d9d6cc
151,24,#d9d9d7
152,24,#e8eadc
153,24,#eaebe5
154,24,#eff1e5
155,24,#d5dacf
156,24,#dae1d9
157,24,#b9b796
158,24,#f0eedf
159,24,#fefeff
160,24,#fcfcfd
161,24,#f8f8fa
162,24,#f8f8f9
163,24,#ebebee
164,24,#edecef
165,24,#e3e2e8
166,24,#e3e6eb
202,24,#325767
203,24,#edf8fb
204,24,#fefefc
205,24,#fdfdfd
206,24,#fefefe
207,24,#ffffff
208,24,#ffffff
209,24,#fdfdfd
210,24,#fafafa
211,24,#fefefe
212,24,#ffffff
213,24,#ffffff
214,24,#fdfdfd
215,24,#fdfdfd
216,24,#fefefe
217,24,#ffffff
218,24,#ffffff
219,24,#ffffff
220,24,#ffffff
221,24,#ffffff
222,24,#ffffff
223,24,#ffffff
224,24,#ffffff
225,24,#ffffff
226,24,#ffffff
227,24,#ffffff
228,24,#ffffff
229,24,#ffffff
230,24,#ffffff
231,24,#fefefe
232,24,#ffffff
233,24,#ffffff
234,24,#ffffff
235,24,#ffffff
236,24,#ffffff
237,24,#fefefe
238,24,#fefefe
239,24,#ffffff
240,24,#ffffff
241,24,#fefefe
242,24,#fefefe
243,24,#fefefe
244,24,#fefefe
245,24,#fdfdfd
246,24,#fefefe
247,24,#fefefe
248,24,#fcfcfc
249,24,#fbfbfb
250,24,#fbfbfb
251,24,#fbfbfb
252,24,#fcfcfc
253,24,#fcfcfc
254,24,#f9f9f9
255,24,#fdfcfd
256,24,#ffffff
257,24,#ffffff
258,24,#ffffff
259,24,#ffffff
260,24,#fdfefe
261,24,#eff2f3
262,24,#a2b2b5
263,24,#abb4b8
264,24,#8c9693
265,24,#3a4248
266,24,#20251f
267,24,#484a4c
268,24,#98959d
269,24,#828076
270,24,#030416
393,24,#171c2e
394,24,#2e3e47
395,24,#b1bdb7
396,24,#a6b4b3
397,24,#e6e7ec
398,24,#fafafa
399,24,#f8fdfe
400,24,#c6d0d3
401,24,#dfeaeb
402,24,#8a8a9d
436,24,#3d4828
447,24,#47412f
448,24,#5c562f
449,24,#544a23
450,24,#68613b
451,24,#574b28
452,24,#6b5c43
453,24,#68583e
454,24,#dad2be
455,24,#aba292
456,24,#bbb19e
457,24,#75684b
458,24,#685838
459,24,#6e5837
460,24,#6e5b3b
461,24,#655233
462,24,#655531
463,24,#695532
464,24,#695a33
465,24,#706037
466,24,#7a6a50
467,24,#91835d
468,24,#6a5a38
469,24,#736042
470,24,#746742
471,24,#82795a
472,24,#827d56
473,24,#615838
474,24,#645a39
475,24,#675c3b
476,24,#5e532f
477,24,#5d5139
478,24,#534a2c
479,24,#675839
480,24,#5e543d
481,24,#786c5b
482,24,#968d79
483,24,#6d6550
484,24,#716b53
485,24,#625939
486,24,#585233
487,24,#403a22
488,24,#4d4c24
489,24,#6d7169
528,24,#525745
529,24,#4e4b1b
530,24,#514f28
531,24,#5e5a33
532,24,#514c1f
533,24,#454322
534,24,#ecece8
535,24,#e1e4d1
536,24,#dbe3d0
537,24,#1d241b
538,24,#5b5734
539,24,#56502f
540,24,#5b5529
541,24,#434337
544,24,#5d5e30
545,24,#645a36
546,24,#695e3c
547,24,#3d3840
548,24,#201b29
549,24,#2e2937
550,24,#19152b
109,25,#7b7c6e
110,25,#76714d
111,25,#6f5f44
112,25,#655430
113,25,#675933
114,25,#6f663e
115,25,#544d43
140,25,#282f38
141,25,#797b7e
142,25,#e4e6e4
143,25,#dedfe2
147,25,#d6d7ce
148,25,#8a9195
149,25,#dfe0da
150,25,#e7e7d4
151,25,#818184
152,25,#d5d3ca
153,25,#d3cfc2
154,25,#edece0
155,25,#f9f8eb
156,25,#b7b3a8
157,25,#cfd1c0
158,25,#b5b6a4
159,25,#c7c7ac
160,25,#acad89
161,25,#667380
162,25,#eeefe8
163,25,#eef2eb
164,25,#f9fdfa
165,25,#f0f2e9
166,25,#242335
204,25,#1a3242
205,25,#7f8d96
206,25,#fcfdff
207,25,#fbfbfb
208,25,#ffffff
209,25,#ffffff
210,25,#ffffff
211,25,#ffffff
212,25,#ffffff
213,25,#ffffff
214,25,#ffffff
215,25,#ffffff
216,25,#ffffff
217,25,#ffffff
218,25,#ffffff
219,25,#ffffff
220,25,#ffffff
221,25,#ffffff
222,25,#ffffff
223,25,#ffffff
224,25,#ffffff
225,25,#ffffff
226,25,#ffffff
227,25,#ffffff
228,25,#ffffff
229,25,#ffffff
230,25,#ffffff
231,25,#ffffff
232,25,#ffffff
233,25,#ffffff
234,25,#ffffff
235,25,#fefefe
236,25,#fefefe
237,25,#fefefe
238,25,#fefefe
239,25,#fefefe
240,25,#fefefe
241,25,#fefefe
242,25,#fbfbfb
243,25,#fefefe
244,25,#fdfdfd
245,25,#fcfcfc
246,25,#fcfcfc
247,25,#fcfcfc
248,25,#fcfcfc
249,25,#fdfdfd
250,25,#fcfefd
251,25,#fdfdfd
252,25,#fdfdfd
253,25,#fefefe
254,25,#fefefe
255,25,#fefeff
256,25,#fdfdfe
257,25,#f9fdfe
258,25,#f6f3f5
259,25,#ecf2f8
260,25,#eff3ef
261,25,#f5f9fb
262,25,#b7bfc5
263,25,#acadac
264,25,#8e948f
265,25,#454e3c
266,25,#80807d
267,25,#6c6e80
393,25,#172a25
394,25,#9ea7b0
395,25,#c4cdd1
396,25,#e1eaef
397,25,#a0a9ad
398,25,#7b8279
399,25,#494e3c
400,25,#1c1f30
442,25,#353938
443,25,#62623d
444,25,#3f392c
445,25,#665b3a
446,25,#5a4d2b
447,25,#524825
448,25,#473c1c
449,25,#4d401f
450,25,#635532
451,25,#655735
452,25,#5e512f
453,25,#5b4c2d
454,25,#5e4e2c
455,25,#64552d
456,25,#6e5e39
457,25,#6b5c36
458,25,#7a6b4c
459,25,#7c6e50
460,25,#9a8765
461,25,#826f4d
462,25,#71633e
463,25,#74623e
464,25,#715f42
465,25,#685739
466,25,#6b5d43
467,25,#36352f
468,25,#746553
469,25,#63563a
470,25,#5b5337
471,25,#5c5335
472,25,#4f4635
473,25,#3e3b28
474,25,#4e4b35
475,25,#605945
476,25,#6c6346
477,25,#584d2e
478,25,#534f32
479,25,#584f31
480,25,#4f4827
481,25,#544c2b
482,25,#534e2d
483,25,#564c27
484,25,#5b5328
485,25,#5b582e
486,25,#484c3d
487,25,#172031
530,25,#272631
531,25,#444239
538,25,#0a0a1d
547,25,#2d252f
548,25,#352d39
549,25,#231b2a
92,26,#5d5548
93,26,#726244
94,26,#6f5b36
95,26,#5f5027
96,26,#766441
97,26,#6d5d3c
98,26,#716641
99,26,#8d875f
100,26,#56523a
101,26,#645f4c
102,26,#898463
103,26,#9b9679
104,26,#7d7761
136,26,#3a3d4d
142,26,#626468
143,26,#7c7f86
144,26,#96989e
145,26,#707983
204,26,#1b2538
205,26,#4c5e5c
206,26,#7b8a85
207,26,#fdfdfc
208,26,#fdfdfd
209,26,#ffffff
210,26,#ffffff
211,26,#ffffff
212,26,#ffffff
213,26,#ffffff
214,26,#ffffff
215,26,#ffffff
216,26,#fefefe
217,26,#ffffff
218,26,#ffffff
219,26,#ffffff
220,26,#ffffff
221,26,#ffffff
222,26,#ffffff
223,26,#ffffff
224,26,#ffffff
225,26,#ffffff
226,26,#ffffff
227,26,#ffffff
228,26,#ffffff
229,26,#ffffff
230,26,#ffffff
231,26,#ffffff
232,26,#ffffff
233,26,#ffffff
234,26,#ffffff
235,26,#ffffff
236,26,#ffffff
237,26,#ffffff
238,26,#ffffff
239,26,#ffffff
240,26,#fefefe
241,26,#fefefe
242,26,#fefefe
243,26,#fefefe
244,26,#ffffff
245,26,#ffffff
246,26,#ffffff
247,26,#fefefe
248,26,#fefefe
249,26,#ffffff
250,26,#fffeff
251,26,#ffffff
252,26,#fdfefd
253,26,#f8fafb
254,26,#eaeef2
255,26,#ecf0f3
256,26,#d7dcde
257,26,#ddebed
258,26,#e4e5df
259,26,#b3b6a9
260,26,#98968e
261,26,#93958b
262,26,#9aa199
263,26,#323f31
264,26,#97958a
265,26,#474c44
266,26,#14151b
391,26,#161528
392,26,#273024
393,26,#444b42
394,26,#919b9b
395,26,#979988
396,26,#e1e1d5
437,26,#666c7e
438,26,#4c5263
439,26,#0f1428
442,26,#364831
443,26,#233724
444,26,#4e4f34
445,26,#635e3c
446,26,#635d37
447,26,#615a2f
448,26,#5f552f
449,26,#62562e
450,26,#5f532e
451,26,#645737
452,26,#786b49
453,26,#706140
454,26,#887854
455,26,#897b53
456,26,#9b8e63
457,26,#92825d
458,26,#5f5033
459,26,#64563c
460,26,#5a4e34
461,26,#5c5036
462,26,#5c4e31
463,26,#625534
464,26,#6b6445
465,26,#71684b
466,26,#605736
467,26,#615431
468,26,#2a2a08
469,26,#898469
470,26,#726647
471,26,#645534
472,26,#60512f
473,26,#695a3a
474,26,#554628
475,26,#5a5131
476,26,#53472f
477,26,#5c522f
478,26,#79714d
479,26,#685e3b
480,26,#615630
481,26,#5f5a3a
482,26,#585a35
483,26,#1c1d1a
484,26,#22341a
485,26,#272f14
486,26,#2e300d
487,26,#635938
488,26,#2c2329
507,26,#0b1125
526,26,#1f2424
533,26,#2e2c3b
534,26,#5a5d2f
92,27,#685d4a
93,27,#685a38
94,27,#6e5f3e
95,27,#6f603e
96,27,#716240
97,27,#66553c
98,27,#695c38
99,27,#695d39
100,27,#6c5e3e
101,27,#6e5f37
102,27,#6f623a
103,27,#62572c
104,27,#766f3a
105,27,#716341
106,27,#837951
107,27,#2c313d
108,27,#494651
109,27,#2d293c
120,27,#18161f
122,27,#a3958f
123,27,#ad9a70
124,27,#b0aa90
125,27,#857f88
131,27,#91896d
132,27,#948d6c
133,27,#b3a676
134,27,#a39763
135,27,#9a9466
136,27,#9c9070
137,27,#838374
138,27,#122633
139,27,#132d3f
140,27,#53656b
141,27,#dae6f1
142,27,#e1dfd5
143,27,#b7af8b
144,27,#b6aa7f
145,27,#b4a87a
146,27,#dfdab7
147,27,#d1d5b7
152,27,#fcfbf9
153,27,#e2d6b5
154,27,#d5c79b
155,27,#c9bc90
156,27,#fbe6be
158,27,#5e5d69
159,27,#b6ac9c
160,27,#69664e
161,27,#d9d0c8
162,27,#8d785a
163,27,#676141
164,27,#655f56
165,27,#b0ac99
166,27,#cad5d6
167,27,#e9e3e3
168,27,#e9ecea
169,27,#f2f3f6
170,27,#e2e0e3
171,27,#564e51
206,27,#182024
207,27,#647b72
208,27,#fcffff
209,27,#fcfcf7
210,27,#fefefd
211,27,#fefff8
212,27,#fffefb
213,27,#fcfcfa
214,27,#fefeff
215,27,#fefefe
216,27,#fefefe
217,27,#ffffff
218,27,#ffffff
219,27,#ffffff
220,27,#ffffff
221,27,#ffffff
222,27,#ffffff
223,27,#ffffff
224,27,#ffffff
225,27,#ffffff
226,27,#ffffff
227,27,#ffffff
228,27,#ffffff
229,27,#ffffff
230,27,#ffffff
231,27,#ffffff
232,27,#ffffff
233,27,#ffffff
234,27,#ffffff
235,27,#ffffff
236,27,#ffffff
237,27,#ffffff
238,27,#ffffff
239,27,#fefefe
240,27,#fefefe
241,27,#fefefe
242,27,#fefefe
243,27,#fefefe
244,27,#ffffff
245,27,#ffffff
246,27,#ffffff
247,27,#fefefe
248,27,#ffffff
249,27,#f9f9f9
250,27,#f3f2f0
251,27,#f1f5f7
252,27,#c6d7dc
253,27,#b1bfc5
254,27,#4c5a5d
255,27,#7d8385
256,27,#e5edef
257,27,#191b1b
258,27,#525a51
259,27,#475150
260,27,#1e2520
261,27,#737676
262,27,#716d4e
263,27,#545847
390,27,#394230
391,27,#929078
392,27,#828b71
393,27,#bec0b1
394,27,#676448
417,27,#4d4a33
418,27,#7b7b6f
426,27,#4c4b35
427,27,#43423e
434,27,#6a6640
435,27,#6a6137
436,27,#625731
437,27,#676137
438,27,#7b744a
439,27,#6b6039
440,27,#71643d
441,27,#6e5e3b
442,27,#5e5831
443,27,#605834
444,27,#675e39
445,27,#666332
446,27,#695d30
447,27,#6a5d33
448,27,#695c34
449,27,#695a33
450,27,#665e30
451,27,#5c542d
452,27,#6a613a
453,27,#675c37
454,27,#645834
455,27,#635834
456,27,#635834
457,27,#5d542e
458,27,#685a37
459,27,#615431
460,27,#625532
461,27,#716340
462,27,#655535
463,27,#695737
464,27,#6f5c3b
465,27,#735e3d
466,27,#766442
467,27,#70633b
468,27,#6f633e
469,27,#715f3f
470,27,#72623f
471,27,#655633
472,27,#6a5c3a
473,27,#615231
474,27,#6c5e3a
475,27,#5f562f
476,27,#58512f
477,27,#474426
478,27,#484728
479,27,#444525
480,27,#4b4623
481,27,#4f4c29
482,27,#4d4b2a
483,27,#625830
484,27,#68592c
485,27,#6b5d2f
486,27,#67592d
487,27,#6d6137
488,27,#64592d
489,27,#5d543a
490,27,#5a552e
491,27,#635d32
492,27,#6a6134
493,27,#665f31
494,27,#625e31
495,27,#686338
496,27,#5f5932
497,27,#484a25
498,27,#2f3b24
499,27,#0f1b18
505,27,#464346
506,27,#5c522c
507,27,#574e2e
508,27,#56502e
509,27,#4b4724
510,27,#3f3f1a
511,27,#29290c
512,27,#343218
513,27,#2f301c
514,27,#23261d
515,27,#0c0e1a
533,27,#4f5247
534,27,#39392f
535,27,#585934
536,27,#64683e
537,27,#575a34
538,27,#57552a
92,28,#6c5f3c
93,28,#6d603d
94,28,#655835
95,28,#665833
96,28,#685a35
97,28,#635628
98,28,#5f5030
99,28,#5c532c
100,28,#695e2f
101,28,#63553c
102,28,#595741
103,28,#0c0d15
104,28,#6b674a
105,28,#645135
106,28,#6b5a37
107,28,#73623e
108,28,#806e46
109,28,#7b6e48
110,28,#100e1f
111,28,#615527
112,28,#8b8459
113,28,#806c6e
114,28,#100e20
116,28,#867f62
117,28,#525355
119,28,#08061c
120,28,#b19667
121,28,#a69665
122,28,#8d7f4d
123,28,#7c7146
124,28,#5b6274
129,28,#979169
130,28,#a2a480
132,28,#8d9495
133,28,#6a6535
134,28,#91844e
135,28,#6c6735
136,28,#615b31
137,28,#646138
138,28,#7c6d6d
139,28,#182937
140,28,#404d46
141,28,#5a5c54
142,28,#82866e
143,28,#c9c7a2
144,28,#564e2e
145,28,#c9c0a3
146,28,#958f73
151,28,#d5d5bd
152,28,#e3d2b0
153,28,#c6bc96
154,28,#ad9c78
155,28,#8e8e83
157,28,#b1a18c
158,28,#67594b
159,28,#52462f
160,28,#726347
161,28,#968b6e
162,28,#998a7a
163,28,#564e2f
164,28,#b8ae97
165,28,#574a28
167,28,#5b5c2f
168,28,#6e786f
169,28,#1e282d
170,28,#1e2236
172,28,#7e898d
206,28,#1e262c
207,28,#1d2e19
208,28,#223a28
209,28,#ecf5f1
210,28,#fffefd
211,28,#fffcff
212,28,#fefffe
213,28,#fefefe
214,28,#ffffff
215,28,#ffffff
216,28,#ffffff
217,28,#ffffff
218,28,#ffffff
219,28,#ffffff
220,28,#ffffff
221,28,#ffffff
222,28,#ffffff
223,28,#ffffff
224,28,#ffffff
225,28,#ffffff
226,28,#ffffff
227,28,#ffffff
228,28,#ffffff
229,28,#ffffff
230,28,#ffffff
231,28,#ffffff
232,28,#ffffff
233,28,#ffffff
234,28,#ffffff
235,28,#ffffff
236,28,#ffffff
237,28,#fefefe
238,28,#fefefe
239,28,#fefefe
240,28,#ffffff
241,28,#ffffff
242,28,#fbfbfb
243,28,#ffffff
244,28,#fefefe
245,28,#fefefe
246,28,#fcfcfc
247,28,#fdfdfd
248,28,#fbfbfb
249,28,#fefefe
250,28,#f6f8fb
251,28,#e5e7ea
252,28,#e6ecf0
253,28,#a7aeb6
254,28,#8c9794
255,28,#515b5b
256,28,#8e9697
257,28,#44474a
258,28,#242e29
259,28,#888a81
260,28,#5e5b4a
261,28,#443624
262,28,#b8c6a8
387,28,#434b3f
388,28,#95947d
389,28,#746f4d
390,28,#7f7e6d
391,28,#656859
392,28,#77795e
393,28,#3e433c
415,28,#5f6050
416,28,#5f5d44
417,28,#656747
418,28,#4c4e29
419,28,#505133
420,28,#504d59
424,28,#444631
425,28,#3f3f3a
431,28,#5a5742
432,28,#16161e
434,28,#0a040d
435,28,#665e38
436,28,#675b34
437,28,#635532
438,28,#695c39
439,28,#554d29
440,28,#483f1f
441,28,#6a603b
442,28,#74663f
443,28,#695d35
444,28,#665d34
445,28,#645830
446,28,#635a31
447,28,#595528
448,28,#524f22
449,28,#6d653b
450,28,#564d28
451,28,#615731
452,28,#565228
453,28,#4f4c23
454,28,#59552f
455,28,#5f5531
456,28,#625834
457,28,#655f38
458,28,#5c4e2b
459,28,#615130
460,28,#665332
461,28,#645734
462,28,#68603b
463,28,#5c532e
464,28,#675e3b
465,28,#5c5530
466,28,#595b33
467,28,#625b33
468,28,#5c5630
469,28,#4d4421
470,28,#5c562c
471,28,#5a542c
472,28,#585228
473,28,#57512a
474,28,#68613d
475,28,#524925
476,28,#3f391b
477,28,#534b24
478,28,#595129
479,28,#5b532b
480,28,#615a2b
481,28,#61592f
482,28,#51502d
483,28,#58502a
484,28,#5c532a
485,28,#5a5329
486,28,#5e562e
487,28,#5f582d
488,28,#544e23
489,28,#615c39
490,28,#615936
491,28,#625a35
492,28,#4b481e
493,28,#4d4820
494,28,#5a502c
495,28,#55512c
496,28,#59562d
497,28,#635e2a
498,28,#5f5a28
499,28,#605a2e
500,28,#52502f
501,28,#5b5935
502,28,#616232
503,28,#5a592f
504,28,#494426
505,28,#494729
506,28,#524d2e
507,28,#4e4e28
508,28,#484826
509,28,#3e3f20
510,28,#3a3f1b
511,28,#454626
512,28,#3a3d1b
513,28,#373818
514,28,#353616
515,28,#282c11
516,28,#1d1f1b
534,28,#2a3034
535,28,#494b39
91,29,#675b3a
92,29,#695f38
93,29,#645a34
94,29,#685e38
95,29,#6f6238
96,29,#75683e
97,29,#695f33
98,29,#7f6d44
99,29,#897d5f
100,29,#645d51
102,29,#191e24
103,29,#7a7141
104,29,#655b35
105,29,#5a542d
106,29,#554e1c
107,29,#706230
108,29,#53441e
109,29,#685836
110,29,#8f7e54
111,29,#796744
112,29,#928856
113,29,#5b5331
114,29,#807b5f
115,29,#958358
116,29,#93845b
117,29,#78633b
118,29,#796a36
120,29,#b6b7a4
121,29,#988454
122,29,#8a8755
123,29,#7d6d34
124,29,#7e7764
130,29,#25262d
131,29,#514b48
132,29,#767043
133,29,#958958
134,29,#99935d
135,29,#9a8953
136,29,#847944
137,29,#726535
138,29,#605237
139,29,#22303e
140,29,#172f39
141,29,#676f4e
142,29,#a2947e
143,29,#524834
150,29,#bec3aa
151,29,#efe8d4
152,29,#e3ddb8
153,29,#beaa6e
154,29,#c6b77f
155,29,#c7b078
157,29,#292326
158,29,#48443e
159,29,#5e5449
160,29,#776c4f
161,29,#605235
162,29,#ad9f8c
163,29,#614e35
164,29,#716453
165,29,#2d352c
166,29,#7a7267
167,29,#958e82
168,29,#5b615a
169,29,#8a9089
170,29,#525041
171,29,#c5c6c6
172,29,#c6ccca
173,29,#e5eae0
174,29,#e0eae3
207,29,#32342a
208,29,#484630
209,29,#444228
210,29,#434537
211,29,#f3f7f2
212,29,#eaeff1
213,29,#f9fdfd
214,29,#fefefe
215,29,#ffffff
216,29,#fefefe
217,29,#ffffff
218,29,#ffffff
219,29,#fefefe
220,29,#fefefe
221,29,#ffffff
222,29,#ffffff
223,29,#ffffff
224,29,#ffffff
225,29,#fefefe
226,29,#ffffff
227,29,#ffffff
228,29,#ffffff
229,29,#ffffff
230,29,#ffffff
231,29,#fefefe
232,29,#ffffff
233,29,#ffffff
234,29,#ffffff
235,29,#ffffff
236,29,#ffffff
237,29,#fefefe
238,29,#fefefe
239,29,#fefefe
240,29,#fefefe
241,29,#fdfdfd
242,29,#fdfdfd
243,29,#fbfbfb
244,29,#fefefe
245,29,#fbfbfb
246,29,#fafafa
247,29,#fbfbfb
248,29,#fdfdfd
249,29,#f7f7f7
250,29,#f1f2f1
251,29,#f1f5f7
252,29,#fdfefd
253,29,#ecf1f2
254,29,#e0eaf0
255,29,#c4ced7
256,29,#aeb8bd
257,29,#36403b
258,29,#cfe0ec
259,29,#606c63
260,29,#0d1e18
261,29,#343946
262,29,#77847c
387,29,#30301a
388,29,#6d6643
389,29,#908871
390,29,#9a9484
391,29,#aca596
414,29,#23201f
415,29,#6b6339
416,29,#625629
417,29,#5a4f23
418,29,#5a4e31
419,29,#5b522a
420,29,#64582a
421,29,#47462c
425,29,#5a542d
426,29,#273512
427,29,#28361c
428,29,#484c24
429,29,#44451a
430,29,#7a7249
431,29,#736c4a
432,29,#58573d
433,29,#0b051f
435,29,#100f21
436,29,#292234
437,29,#5b562c
438,29,#605a32
439,29,#5f5732
440,29,#5f5731
441,29,#5b512d
442,29,#635a37
443,29,#5c5330
444,29,#706643
445,29,#60592f
446,29,#555124
447,29,#595729
448,29,#59582a
449,29,#575228
450,29,#616333
451,29,#514d20
452,29,#504b21
453,29,#5a552d
454,29,#524d27
455,29,#5b5932
456,29,#56542d
457,29,#524e26
458,29,#59512c
459,29,#5a5531
460,29,#524c28
461,29,#534f2a
462,29,#504b24
463,29,#59552f
464,29,#54512e
465,29,#38491d
466,29,#315120
467,29,#58542e
468,29,#5a5631
469,29,#585630
470,29,#4d502b
471,29,#3c3f1b
472,29,#414522
473,29,#3c401c
474,29,#3f431e
475,29,#3d441a
476,29,#484b1f
477,29,#514e25
478,29,#555129
479,29,#635c35
480,29,#5a5629
481,29,#625c30
482,29,#5f5a30
483,29,#686032
484,29,#625d33
485,29,#555128
486,29,#5a5329
487,29,#665d34
488,29,#645d30
489,29,#534c25
490,29,#645b32
491,29,#595229
492,29,#575429
493,29,#5e5b32
494,29,#4f4d26
495,29,#44461e
496,29,#4f512a
497,29,#4c4725
498,29,#5a5330
499,29,#53522c
500,29,#56562a
501,29,#545526
502,29,#56552a
503,29,#5e5b31
504,29,#5a552d
505,29,#5e5933
506,29,#615b34
507,29,#59522e
508,29,#605b37
509,29,#5c5834
510,29,#5b5731
511,29,#4c4929
512,29,#504e29
513,29,#959573
514,29,#3c401f
515,29,#2f351c
516,29,#181d19
532,29,#525741
533,29,#4d5328
534,29,#5f6038
535,29,#6e6a44
536,29,#5d5d28
537,29,#4d4b1e
538,29,#4c491c
539,29,#535025
540,29,#535024
541,29,#6a6840
542,29,#4b5124
543,29,#464a20
544,29,#4b4c28
545,29,#636246
546,29,#4a482a
547,29,#363232
548,29,#26242b
92,30,#1a1421
93,30,#605e3c
94,30,#7c6f44
95,30,#6d5f30
96,30,#79663d
97,30,#786a34
98,30,#71643b
101,30,#33343a
102,30,#7c7142
103,30,#71633e
104,30,#625b37
105,30,#6d5f38
106,30,#5a4c2f
107,30,#4e4924
108,30,#5f542b
109,30,#85774a
110,30,#6c5b3a
111,30,#6b5d39
112,30,#695834
113,30,#6d5c37
114,30,#74643b
115,30,#7a6d40
116,30,#7a693d
117,30,#908050
118,30,#796735
119,30,#7a7256
120,30,#7f8077
121,30,#84784d
122,30,#837945
123,30,#6b6228
124,30,#6b6333
125,30,#7d7557
133,30,#17151f
134,30,#999062
135,30,#a39462
136,30,#7e7a4a
137,30,#968c59
138,30,#636a69
140,30,#3c464d
141,30,#857f5c
142,30,#56543e
143,30,#8f9472
150,30,#a49c6e
151,30,#e9dda8
152,30,#cfc38b
153,30,#e7dea6
154,30,#e4e1a1
155,30,#bbad6f
156,30,#8b7f5f
157,30,#49492d
158,30,#68633b
159,30,#675a37
160,30,#b7ad7c
161,30,#837244
162,30,#b2a678
163,30,#a69b69
164,30,#bcb080
165,30,#8b7e54
166,30,#7e7055
167,30,#6b6241
168,30,#b4a595
169,30,#9e9478
170,30,#61573f
171,30,#b9b4a7
172,30,#7e7e74
173,30,#615f5a
174,30,#d2d5d4
175,30,#4f5a6a
176,30,#596a6f
207,30,#635d45
208,30,#706140
209,30,#443c23
210,30,#141b09
211,30,#283230
212,30,#909593
213,30,#283137
214,30,#e3eaf0
215,30,#fdfeff
216,30,#fffeff
217,30,#fdfdfd
218,30,#ffffff
219,30,#ffffff
220,30,#ffffff
221,30,#ffffff
222,30,#ffffff
223,30,#ffffff
224,30,#ffffff
225,30,#ffffff
226,30,#ffffff
227,30,#ffffff
228,30,#ffffff
229,30,#ffffff
230,30,#ffffff
231,30,#ffffff
232,30,#ffffff
233,30,#ffffff
234,30,#ffffff
235,30,#ffffff
236,30,#ffffff
237,30,#fefefe
238,30,#fefefe
239,30,#fefefe
240,30,#fefefe
241,30,#fefefe
242,30,#fdfdfd
243,30,#fefefe
244,30,#fdfdfd
245,30,#fdfdfd
246,30,#fefefe
247,30,#fdfdfd
248,30,#f9f9f9
249,30,#fcfcfc
250,30,#f8fbfd
251,30,#e6eff5
252,30,#696455
253,30,#8d928c
254,30,#494e3a
255,30,#abadaa
256,30,#e2e3e5
258,30,#8b9097
259,30,#9b9478
260,30,#554630
261,30,#48422a
262,30,#838e9b
386,30,#4c4e2b
387,30,#665d40
388,30,#635d40
389,30,#736b47
390,30,#5d5433
391,30,#5f5433
392,30,#373546
413,30,#16141b
414,30,#59542d
415,30,#655d36
416,30,#665d3a
417,30,#645a39
418,30,#5c5430
419,30,#514c26
420,30,#59582c
422,30,#6f7144
423,30,#636130
424,30,#5a552b
425,30,#5c5f32
426,30,#4b573c
427,30,#68643c
428,30,#7a7b51
429,30,#42491f
430,30,#535929
431,30,#5a5730
432,30,#5b5930
433,30,#5e5b34
434,30,#534f2a
435,30,#46422a
436,30,#2a2a28
437,30,#3e4027
438,30,#47403f
439,30,#6a653b
440,30,#6d6540
441,30,#605b35
442,30,#5b4f29
443,30,#5b522b
444,30,#535026
445,30,#565328
446,30,#585329
447,30,#41451c
448,30,#565127
449,30,#505323
450,30,#5a592d
451,30,#5c5b2f
452,30,#645e34
453,30,#656037
454,30,#5b5830
455,30,#58562f
456,30,#504e28
457,30,#4d4d27
458,30,#4e4e28
459,30,#50502a
460,30,#50502a
461,30,#4c4c26
462,30,#444820
463,30,#454a22
464,30,#44461f
465,30,#3e4318
466,30,#40471d
467,30,#3d431c
468,30,#393d18
469,30,#3c421c
470,30,#393e18
471,30,#3a401c
472,30,#3e441b
473,30,#484b20
474,30,#58542a
475,30,#6e663b
476,30,#6c6338
477,30,#736c40
478,30,#71653b
479,30,#625930
480,30,#61582f
481,30,#5f562d
482,30,#665c30
483,30,#5c532a
484,30,#464721
485,30,#3a4119
486,30,#464420
487,30,#625d34
488,30,#615c34
489,30,#534e28
490,30,#494a23
491,30,#484826
492,30,#56572f
493,30,#46441b
494,30,#515427
495,30,#494d21
496,30,#515225
497,30,#464a1c
498,30,#4a4c1d
499,30,#4f4d1d
500,30,#555026
501,30,#53542a
502,30,#4c5523
503,30,#454b1b
504,30,#4a4b1d
505,30,#484d1f
506,30,#474d1f
507,30,#474d23
508,30,#47481f
509,30,#69613c
510,30,#68623e
511,30,#645d39
512,30,#5a522c
513,30,#5b5429
514,30,#575435
515,30,#2d2b2c
520,30,#1a1923
521,30,#50572b
525,30,#121b1d
526,30,#222827
527,30,#151927
529,30,#191d26
530,30,#3f4637
531,30,#3c4438
532,30,#142304
533,30,#51532c
534,30,#70764e
535,30,#565b30
536,30,#4c4e26
537,30,#4e5027
538,30,#494c21
539,30,#494c21
540,30,#494d22
541,30,#535226
542,30,#373a12
543,30,#54552d
544,30,#5b582e
545,30,#5d5b32
546,30,#5a582f
547,30,#464b20
548,30,#484d24
549,30,#4a4f2a
550,30,#4a4e2a
551,30,#35382b
0,31,#6c5a2d
1,31,#816d4c
2,31,#675c39
3,31,#494342
38,31,#3a3c37
39,31,#45433d
40,31,#3a3c37
41,31,#28263a
94,31,#565052
95,31,#44412c
103,31,#4d4b3f
104,31,#64593d
105,31,#69663f
106,31,#6b6140
107,31,#6c653f
108,31,#746a40
109,31,#837b4b
110,31,#907a52
111,31,#978050
112,31,#7d7346
113,31,#7f7446
114,31,#766935
115,31,#7e7041
116,31,#867849
117,31,#736130
118,31,#6c6537
119,31,#565023
120,31,#696334
121,31,#645f2c
122,31,#504926
123,31,#6a6735
124,31,#434415
125,31,#615b2a
139,31,#877b56
140,31,#655937
141,31,#766845
142,31,#6c6041
143,31,#5d5143
144,31,#897c55
145,31,#08081c
151,31,#1c3246
152,31,#153a37
153,31,#3f5238
154,31,#79673d
155,31,#7b7141
156,31,#63543d
157,31,#574d2c
158,31,#32311f
159,31,#4b3e21
160,31,#5c4e30
161,31,#5d4d30
162,31,#736140
163,31,#796a43
164,31,#958860
165,31,#766b45
166,31,#594e32
167,31,#4d4c30
168,31,#5b513a
169,31,#6a5d3a
170,31,#655840
171,31,#a79d87
172,31,#a4967b
173,31,#786a55
174,31,#4a4130
175,31,#616355
176,31,#d8d7d6
177,31,#888887
178,31,#6c6861
179,31,#83817a
180,31,#b8b9c4
181,31,#68727a
210,31,#707461
211,31,#171e2c
212,31,#15262a
213,31,#697980
214,31,#8b9795
215,31,#f8fdfd
216,31,#fefeff
217,31,#fcfcfc
218,31,#fefefe
219,31,#ffffff
220,31,#ffffff
221,31,#ffffff
222,31,#ffffff
223,31,#ffffff
224,31,#ffffff
225,31,#ffffff
226,31,#ffffff
227,31,#ffffff
228,31,#ffffff
229,31,#ffffff
230,31,#ffffff
231,31,#ffffff
232,31,#ffffff
233,31,#ffffff
234,31,#ffffff
235,31,#ffffff
236,31,#ffffff
237,31,#ffffff
238,31,#ffffff
239,31,#ffffff
240,31,#fefefe
241,31,#fefefe
242,31,#fdfdfd
243,31,#fdfdfd
244,31,#ffffff
245,31,#fefefe
246,31,#fcfcfc
247,31,#f9f9f9
248,31,#f8f8f8
249,31,#f6f6f6
250,31,#f0f0f0
251,31,#e6ebef
252,31,#b2b5b5
253,31,#54615b
254,31,#e7e4e3
255,31,#b9c1cf
256,31,#7a868b
257,31,#304841
259,31,#605944
260,31,#6f6142
261,31,#8a7a4e
262,31,#b3b2a2
263,31,#727d85
341,31,#0e0f23
342,31,#262a2c
346,31,#080a19
388,31,#394035
389,31,#42442d
390,31,#6d6540
391,31,#7f704f
392,31,#62543d
393,31,#7f7d64
411,31,#5f6354
412,31,#555222
413,31,#696638
414,31,#5e5c34
415,31,#5c5e32
416,31,#6a6640
417,31,#5d552e
418,31,#645c35
419,31,#645c35
420,31,#5a5524
421,31,#2b2820
422,31,#3d3a27
423,31,#5b5728
424,31,#524d28
425,31,#494c21
426,31,#525124
427,31,#54562e
428,31,#55582d
429,31,#5c6233
430,31,#454e23
431,31,#585f36
432,31,#464b21
433,31,#5b5d35
434,31,#4b4b25
435,31,#53532e
436,31,#505024
437,31,#0e0d12
438,31,#1f221c
439,31,#5b5a31
440,31,#5a592b
441,31,#53542a
442,31,#51542c
443,31,#4b4b25
444,31,#504b2a
445,31,#4e4b26
446,31,#554f2b
447,31,#4d4a20
448,31,#59542d
449,31,#5d5934
450,31,#4e4c26
451,31,#58522e
452,31,#58532e
453,31,#53502d
454,31,#474725
455,31,#3e421d
456,31,#484c29
457,31,#434a26
458,31,#363d19
459,31,#39401b
460,31,#404821
461,31,#3c441d
462,31,#424e22
463,31,#3c471c
464,31,#3c441b
465,31,#414724
466,31,#404421
467,31,#3d411c
468,31,#3b431c
469,31,#3d3f1a
470,31,#414920
471,31,#3c3f15
472,31,#6b623d
473,31,#827650
474,31,#70643c
475,31,#6e623c
476,31,#625832
477,31,#635d33
478,31,#5d532d
479,31,#57522c
480,31,#5e5632
481,31,#564e2a
482,31,#4a4520
483,31,#544f29
484,31,#57572d
485,31,#4e4c23
486,31,#50502a
487,31,#4e4f2a
488,31,#464721
489,31,#43451c
490,31,#3d441b
491,31,#3e451b
492,31,#41471e
493,31,#464821
494,31,#43471f
495,31,#3e4419
496,31,#40491a
497,31,#414b20
498,31,#424b1e
499,31,#3e4714
500,31,#4b5121
501,31,#3f481d
502,31,#3e4617
503,31,#565a2d
504,31,#575529
505,31,#635b30
506,31,#746d3e
507,31,#605a27
508,31,#676536
509,31,#56572f
510,31,#68603c
511,31,#625a36
512,31,#6c6642
513,31,#5f542f
514,31,#635934
515,31,#585224
516,31,#191814
519,31,#0c0e15
520,31,#434118
521,31,#4c472a
522,31,#5c5430
523,31,#4d4724
524,31,#4e4d27
525,31,#373b18
526,31,#333918
527,31,#383f17
528,31,#363c19
529,31,#333916
530,31,#333a13
531,31,#373913
532,31,#3e4520
533,31,#43481f
534,31,#464b20
535,31,#444b1f
536,31,#4e5229
537,31,#4b4d25
538,31,#45471f
539,31,#484a22
540,31,#4a4d1f
541,31,#54552b
542,31,#454b21
543,31,#4c542a
544,31,#40481e
545,31,#474e24
546,31,#3d441a
547,31,#414720
548,31,#484c27
549,31,#464624
550,31,#43441c
551,31,#3f3f24
552,31,#343910
553,31,#0c0a1f
560,31,#1b172f
598,31,#6c6840
599,31,#6a5e3a
31,32,#090f21
32,32,#403929
33,32,#433d22
34,32,#494428
35,32,#3e3c1e
36,32,#464125
37,32,#46431b
38,32,#48461f
39,32,#41411c
40,32,#3f3f1a
41,32,#41411e
42,32,#42431f
43,32,#414524
44,32,#404321
45,32,#444120
46,32,#464024
47,32,#4c4d32
48,32,#4e4f35
49,32,#474630
50,32,#4e4631
51,32,#3b3c29
52,32,#233f2f
53,32,#182e2e
82,32,#051c2c
83,32,#0a2229
84,32,#142b26
85,32,#123324
86,32,#3f4d30
87,32,#202426
106,32,#060916
108,32,#06061a
111,32,#0d0c1c
112,32,#0a1e1b
113,32,#696f45
114,32,#655d35
115,32,#655a30
116,32,#73683c
117,32,#857845
118,32,#776a3b
119,32,#575021
120,32,#5e5726
121,32,#bfbb9c
122,32,#615d32
123,32,#655c2c
124,32,#675f3a
125,32,#585224
126,32,#626235
127,32,#756f43
128,32,#6a643b
129,32,#535553
139,32,#938e71
140,32,#86784a
141,32,#78694c
142,32,#625b3a
143,32,#716445
144,32,#564d3c
145,32,#564f38
146,32,#5d6042
152,32,#38383f
153,32,#837c46
154,32,#6f704a
155,32,#5c573e
156,32,#746656
157,32,#645545
158,32,#584f3e
159,32,#5b533e
160,32,#61553d
161,32,#685d46
162,32,#5b543b
163,32,#56503a
164,32,#56472f
165,32,#7c734d
166,32,#6b5d3c
167,32,#383a21
168,32,#222522
169,32,#504d34
170,32,#635538
171,32,#7b6e58
172,32,#948b6b
173,32,#61593f
174,32,#a79a89
175,32,#f9f5e5
176,32,#e8e8e6
177,32,#314447
178,32,#3e4b4f
179,32,#aba89b
180,32,#474c46
181,32,#888b90
182,32,#afadaf
183,32,#c3c3c5
184,32,#a3a3a0
185,32,#8a8681
208,32,#393c3a
209,32,#08021c
210,32,#3d3225
211,32,#534f38
212,32,#595b4a
213,32,#bfc9d0
214,32,#435050
215,32,#2f4138
216,32,#f8faf9
217,32,#ffffff
218,32,#ffffff
219,32,#ffffff
220,32,#ffffff
221,32,#ffffff
222,32,#ffffff
223,32,#ffffff
224,32,#ffffff
225,32,#ffffff
226,32,#ffffff
227,32,#ffffff
228,32,#ffffff
229,32,#ffffff
230,32,#ffffff
231,32,#ffffff
232,32,#ffffff
233,32,#ffffff
234,32,#ffffff
235,32,#ffffff
236,32,#ffffff
237,32,#ffffff
238,32,#ffffff
239,32,#ffffff
240,32,#ffffff
241,32,#fefefe
242,32,#fefefe
243,32,#fdfdfd
244,32,#fefefe
245,32,#fefefe
246,32,#fdfdfd
247,32,#f8f8f8
248,32,#f4f4f4
249,32,#fdfdfd
250,32,#aeb5b7
251,32,#788083
252,32,#57625a
253,32,#464c45
254,32,#899595
255,32,#859189
256,32,#131824
257,32,#2e3b46
261,32,#2a2936
262,32,#101124
263,32,#525569
337,32,#1a2025
338,32,#4a5a3a
339,32,#353a23
340,32,#383f14
341,32,#444e24
342,32,#373e1f
343,32,#595d34
344,32,#323e1c
345,32,#4a5124
346,32,#2c3a0d
347,32,#384114
348,32,#494f1e
349,32,#6c663c
350,32,#696a4a
351,32,#414730
397,32,#080b19
398,32,#323031
411,32,#607a5a
412,32,#51572e
413,32,#4d552a
414,32,#4c562e
415,32,#4f5927
416,32,#585831
417,32,#615a35
418,32,#675939
419,32,#56512c
420,32,#515029
421,32,#413b18
422,32,#464254
423,32,#474b2e
424,32,#4a5222
425,32,#464c22
426,32,#444926
427,32,#4f4f2d
428,32,#54502d
429,32,#57522e
430,32,#54562e
431,32,#4f5028
432,32,#4c4f28
433,32,#56512d
434,32,#4d5129
435,32,#495127
436,32,#394218
437,32,#324516
438,32,#283617
439,32,#2c3113
440,32,#565829
441,32,#575427
442,32,#495022
443,32,#44491e
444,32,#494e26
445,32,#45471f
446,32,#3e451e
447,32,#464a22
448,32,#424920
449,32,#414119
450,32,#5a592d
451,32,#59502a
452,32,#4e461f
453,32,#4c4720
454,32,#5f5932
455,32,#5b562c
456,32,#524b25
457,32,#504d27
458,32,#46441e
459,32,#41481e
460,32,#474b23
461,32,#444820
462,32,#474d25
463,32,#42461c
464,32,#52552a
465,32,#47451f
466,32,#575127
467,32,#635d2f
468,32,#776f46
469,32,#796b48
470,32,#5f5732
471,32,#615d37
472,32,#4a4c21
473,32,#45451e
474,32,#504e26
475,32,#49451f
476,32,#605737
477,32,#524e28
478,32,#5c5833
479,32,#5a522d
480,32,#5d5530
481,32,#564e27
482,32,#524f26
483,32,#4a451f
484,32,#504726
485,32,#49431f
486,32,#494f27
487,32,#3f481e
488,32,#444c22
489,32,#42461e
490,32,#3a451a
491,32,#3c491d
492,32,#3b481a
493,32,#404b20
494,32,#40481f
495,32,#40481e
496,32,#3d461c
497,32,#3f481d
498,32,#444b21
499,32,#474c23
500,32,#494e23
501,32,#43481d
502,32,#4a5228
503,32,#434a1e
504,32,#42491a
505,32,#4f4e25
506,32,#504925
507,32,#544e26
508,32,#43461f
509,32,#3c3a1c
510,32,#434520
511,32,#515228
512,32,#454a20
513,32,#51522a
514,32,#56532b
515,32,#4b4829
516,32,#514d27
517,32,#554d26
518,32,#5c5a23
519,32,#5a5828
520,32,#585729
521,32,#3e471e
522,32,#454e20
523,32,#484c1a
524,32,#46481b
525,32,#4f4e22
526,32,#57552b
527,32,#4b4e26
528,32,#454b21
529,32,#3f451c
530,32,#494e21
531,32,#464d22
532,32,#484e20
533,32,#4a4d1e
534,32,#4a511d
535,32,#4a4b1f
536,32,#4b4a1c
537,32,#4a4d1b
538,32,#50501d
539,32,#464d16
540,32,#4b4e1b
541,32,#585724
542,32,#4f4d1a
543,32,#514f22
544,32,#555427
545,32,#42441c
546,32,#41451a
547,32,#635e2f
548,32,#5c5b2a
549,32,#5d602e
550,32,#5a5b29
551,32,#565829
552,32,#515226
553,32,#44451a
554,32,#4c4d22
555,32,#4b4a1b
556,32,#49461c
557,32,#4c4a1f
558,32,#5d572d
559,32,#60542d
560,32,#564f25
561,32,#5a5329
562,32,#4e4d21
563,32,#4b4a25
564,32,#413f1c
565,32,#40441c
566,32,#3f3f28
28,33,#384334
29,33,#514b26
30,33,#4c4423
31,33,#544928
32,33,#595528
33,33,#565325
34,33,#535526
35,33,#535023
36,33,#58552b
37,33,#4f4d21
38,33,#5a582f
39,33,#54552d
40,33,#4d4e23
41,33,#525028
42,33,#4c4a24
43,33,#484620
44,33,#4f4d27
45,33,#4a4c25
46,33,#4a4822
47,33,#41441e
48,33,#49451f
49,33,#64582f
50,33,#62562d
51,33,#574a21
52,33,#665f35
53,33,#62592e
54,33,#64512b
55,33,#5e5634
56,33,#615d2a
57,33,#65602e
58,33,#6f6c3b
59,33,#585825
60,33,#5d5724
61,33,#635a2e
62,33,#595a3b
63,33,#313233
76,33,#141f2a
77,33,#0e2122
78,33,#12261f
79,33,#243a25
80,33,#2f3f28
81,33,#3b4229
82,33,#353c26
83,33,#141e0a
84,33,#202e1d
85,33,#2f3f18
86,33,#404821
87,33,#484b2e
88,33,#5d6341
91,33,#1b1e23
92,33,#272830
95,33,#2e2a37
96,33,#221c2a
104,33,#787362
105,33,#948151
106,33,#8b7744
107,33,#5d5928
108,33,#645e2c
109,33,#807443
110,33,#7b6c40
111,33,#615e34
112,33,#5f572b
113,33,#6f6439
114,33,#5e5931
115,33,#585326
116,33,#565229
117,33,#585125
118,33,#4f4a24
119,33,#403e17
120,33,#5f5933
121,33,#5d592c
122,33,#464922
123,33,#424516
124,33,#55562c
125,33,#4f4c23
126,33,#505129
127,33,#444d21
128,33,#514925
129,33,#525a40
130,33,#4b5523
131,33,#6f6f43
136,33,#514b4f
137,33,#8d9590
140,33,#7d7344
141,33,#63602c
142,33,#615138
143,33,#464129
144,33,#605c38
145,33,#5b583f
146,33,#0a0a1b
147,33,#333949
157,33,#41474f
158,33,#3e4141
159,33,#464242
160,33,#322b36
161,33,#2d2940
162,33,#2a3221
164,33,#343830
165,33,#0c1020
166,33,#1f252d
167,33,#3c4d3d
168,33,#1c2c32
169,33,#153730
170,33,#293b3f
171,33,#37472c
172,33,#615843
173,33,#45422e
174,33,#5b593d
175,33,#5c5847
176,33,#cdcbc3
177,33,#f6f7f2
178,33,#f8fbfc
179,33,#a5a39a
180,33,#675f48
181,33,#8e8566
182,33,#505042
183,33,#838a86
184,33,#576063
185,33,#a9a48e
186,33,#4b3e31
187,33,#574e41
208,33,#43433c
209,33,#7a6f57
210,33,#b9b4a9
211,33,#eeedea
212,33,#3e3c30
214,33,#272d21
215,33,#2a3f2f
216,33,#aaa8a8
217,33,#fdffff
218,33,#ffffff
219,33,#ffffff
220,33,#ffffff
221,33,#ffffff
222,33,#ffffff
223,33,#ffffff
224,33,#ffffff
225,33,#ffffff
226,33,#ffffff
227,33,#ffffff
228,33,#ffffff
229,33,#ffffff
230,33,#ffffff
231,33,#ffffff
232,33,#ffffff
233,33,#ffffff
234,33,#ffffff
235,33,#ffffff
236,33,#ffffff
237,33,#ffffff
238,33,#ffffff
239,33,#ffffff
240,33,#ffffff
241,33,#fefefe
242,33,#fcfcfc
243,33,#fdfdfd
244,33,#fcfcfc
245,33,#fcfcfc
246,33,#fafafa
247,33,#fdfdfd
248,33,#ffffff
249,33,#fcfcfc
250,33,#fdfdfd
251,33,#eff3f4
252,33,#e7ecec
253,33,#f6f8f9
254,33,#bdc6c8
255,33,#f8f9fa
256,33,#eef0f1
257,33,#e0e3e7
258,33,#f0f3f9
259,33,#c8d2d7
260,33,#aeb2b2
261,33,#4b5056
330,33,#0b121c
331,33,#313e24
332,33,#213020
333,33,#535e56
334,33,#1c241d
335,33,#38432e
336,33,#20280d
337,33,#5c5c3e
338,33,#333d17
339,33,#434921
340,33,#4e5125
341,33,#383b16
342,33,#42491e
343,33,#494a22
344,33,#4c4c26
345,33,#44471d
346,33,#43481f
347,33,#414b18
348,33,#3f4c1e
349,33,#2b350f
350,33,#253024
352,33,#0f131a
353,33,#4d5636
398,33,#1f1b28
399,33,#4c4e30
400,33,#4b5133
401,33,#2e3035
411,33,#4d5948
412,33,#455026
413,33,#464f21
414,33,#41481f
415,33,#4a4b21
416,33,#515029
417,33,#2f4617
418,33,#3b421c
419,33,#4a4b24
420,33,#434924
421,33,#1d1a10
422,33,#292b15
423,33,#585c37
424,33,#454a20
425,33,#41471d
426,33,#4b5321
427,33,#4f5029
428,33,#4d4a20
429,33,#55502d
430,33,#57512f
431,33,#4e4a27
432,33,#5b5730
433,33,#5e542e
434,33,#5a572e
435,33,#51532b
436,33,#53552d
437,33,#415023
438,33,#3b4720
439,33,#28330e
440,33,#445028
441,33,#404721
442,33,#384318
443,33,#3c451a
444,33,#444b22
445,33,#3c441d
446,33,#394821
447,33,#505124
448,33,#655530
449,33,#5a512d
450,33,#4c4526
451,33,#4d4427
452,33,#564828
453,33,#5a4c29
454,33,#524824
455,33,#534923
456,33,#453d18
457,33,#36340e
458,33,#5a522e
459,33,#453e1a
460,33,#383610
461,33,#413f19
462,33,#524c26
463,33,#5c552b
464,33,#716a3c
465,33,#605c30
466,33,#6a6136
467,33,#796b40
468,33,#5e5127
469,33,#665d34
470,33,#524a25
471,33,#4e4a24
472,33,#464620
473,33,#484524
474,33,#4e4a26
475,33,#5f5532
476,33,#5b4f2c
477,33,#5d532f
478,33,#58522e
479,33,#594f2b
480,33,#5f5730
481,33,#615837
482,33,#544d2c
483,33,#4e4824
484,33,#4d4820
485,33,#4f4b26
486,33,#3f3d17
487,33,#3c3d19
488,33,#3a3c17
489,33,#40401c
490,33,#3d4018
491,33,#41481e
492,33,#3e451c
493,33,#3c401b
494,33,#434422
495,33,#41481f
496,33,#40471e
497,33,#414a1f
498,33,#3d461b
499,33,#3c451a
500,33,#3a451a
501,33,#3d481d
502,33,#3f471a
503,33,#3f461b
504,33,#394017
505,33,#3c4419
506,33,#44431f
507,33,#3d3c1d
508,33,#282e0c
509,33,#474725
510,33,#444c23
511,33,#474d24
512,33,#424518
513,33,#484822
514,33,#423e23
515,33,#413c1f
516,33,#464027
517,33,#545022
518,33,#565425
519,33,#494923
520,33,#454b27
521,33,#3c4117
522,33,#5d5e34
523,33,#5d5930
524,33,#464219
525,33,#404115
526,33,#4d4c20
527,33,#5b5932
528,33,#59562d
529,33,#5f5c33
530,33,#615d37
531,33,#615e35
532,33,#595630
533,33,#58532d
534,33,#5b582e
535,33,#5f5e2e
536,33,#635f2f
537,33,#4e501f
538,33,#535524
539,33,#515423
540,33,#484d1a
541,33,#424a19
542,33,#414717
543,33,#383e12
544,33,#3a3f17
545,33,#39370e
546,33,#5a552b
547,33,#625d2e
548,33,#5f5929
549,33,#5f5728
550,33,#575022
551,33,#5c582b
552,33,#575929
553,33,#565327
554,33,#5b542c
555,33,#5a552f
556,33,#57522a
557,33,#544a21
558,33,#4f461d
559,33,#555026
560,33,#564d26
561,33,#4c431c
562,33,#4e4820
563,33,#44461e
564,33,#444f20
565,33,#5d5c2d
566,33,#1a1610
579,33,#121017
580,33,#5b5230
581,33,#7f6349
584,33,#5c563a
585,33,#454129
586,33,#797657
587,33,#60653f
588,33,#464926
589,33,#4c4d2b
590,33,#444435
591,33,#36362b
592,33,#434739
593,33,#32333c
27,34,#22321a
28,34,#555325
29,34,#52572d
30,34,#4a501d
31,34,#565927
32,34,#505322
33,34,#4e5126
34,34,#525425
35,34,#505523
36,34,#595c2d
37,34,#575626
38,34,#5b5a2c
39,34,#5a5b2f
40,34,#4d5428
41,34,#474c23
42,34,#474c23
43,34,#4b5027
44,34,#4b5027
45,34,#464c23
46,34,#46471f
47,34,#474a21
48,34,#4a481f
49,34,#4d481e
50,34,#514b20
51,34,#514a20
52,34,#544d1f
53,34,#4d4f21
54,34,#50542a
55,34,#554e30
56,34,#433e23
57,34,#4f4d31
58,34,#535033
59,34,#b8b498
60,34,#473a35
61,34,#403517
62,34,#423b26
63,34,#39331b
64,34,#423e21
65,34,#4c4a2a
66,34,#52512f
67,34,#4e4f20
68,34,#464f2c
69,34,#1f2729
70,34,#0b161b
71,34,#242e19
72,34,#424228
73,34,#514a37
74,34,#3d4426
75,34,#2d3715
76,34,#384220
77,34,#2b3210
78,34,#283610
79,34,#1d260b
80,34,#303c1e
81,34,#2c3917
82,34,#374119
83,34,#3d4418
84,34,#4b501d
85,34,#41461e
86,34,#494e25
87,34,#545b2a
88,34,#45471d
89,34,#514f29
90,34,#57593b
91,34,#5c5836
92,34,#5a5c30
93,34,#676841
94,34,#605a39
95,34,#5b5131
96,34,#66583a
97,34,#776837
98,34,#7f6d4a
99,34,#7e774e
100,34,#6d664c
101,34,#423a38
102,34,#0a0a1b
106,34,#211f28
107,34,#51543d
108,34,#383b2a
109,34,#373c27
110,34,#54532e
111,34,#5c4e25
112,34,#5c5231
113,34,#645b2b
114,34,#5a4c22
115,34,#4e4820
116,34,#544f27
117,34,#63582b
118,34,#746c45
119,34,#534e27
120,34,#3e3f1c
121,34,#454c2b
122,34,#2b3023
123,34,#4e5535
124,34,#545628
125,34,#5c5930
126,34,#5a552a
127,34,#575a2c
128,34,#54572c
129,34,#5a5d30
130,34,#1e3f3f
131,34,#152c3a
135,34,#414244
136,34,#6e693a
137,34,#7d793d
138,34,#675a2f
139,34,#89834b
140,34,#445146
142,34,#09101f
143,34,#514d3d
144,34,#495129
145,34,#4e4d31
146,34,#45432f
147,34,#504d2f
148,34,#4b5030
149,34,#38453c
151,34,#57515a
157,34,#6b725a
158,34,#595835
159,34,#56523d
160,34,#5e543b
161,34,#7b714b
162,34,#67663b
163,34,#4c4a3f
164,34,#060c1d
166,34,#192e30
168,34,#2e3230
169,34,#575e4b
170,34,#1a3547
171,34,#455221
172,34,#132a32
173,34,#263134
174,34,#4d4727
175,34,#595a38
176,34,#554f33
177,34,#56482c
178,34,#5a5138
179,34,#5a4e36
180,34,#5f5a44
181,34,#594e39
182,34,#a59a81
183,34,#817e74
184,34,#767572
185,34,#66706d
186,34,#343638
187,34,#5f5a47
188,34,#5a5651
210,34,#6c6c6c
211,34,#22222d
215,34,#3d4739
216,34,#8e8b86
217,34,#fdfffe
218,34,#fdfdfd
219,34,#ffffff
220,34,#ffffff
221,34,#ffffff
222,34,#ffffff
223,34,#ffffff
224,34,#ffffff
225,34,#ffffff
226,34,#ffffff
227,34,#ffffff
228,34,#ffffff
229,34,#ffffff
230,34,#ffffff
231,34,#ffffff
232,34,#ffffff
233,34,#ffffff
234,34,#ffffff
235,34,#ffffff
236,34,#ffffff
237,34,#ffffff
238,34,#fefefe
239,34,#fdfdfd
240,34,#fbfbfb
241,34,#f9f9f9
242,34,#f5f5f5
243,34,#fcfcfc
244,34,#fbfbfb
245,34,#f1f1f1
246,34,#fefefe
247,34,#fafafa
248,34,#ffffff
249,34,#fdfdfd
250,34,#f2f3f7
251,34,#fffdff
252,34,#f1f1f0
253,34,#fdfdff
254,34,#fbfbfb
255,34,#f6f9fa
256,34,#e8efef
257,34,#9fafb2
258,34,#9299a7
326,34,#131c1d
328,34,#364526
329,34,#3a4b1b
330,34,#344520
331,34,#2b3b12
332,34,#3f482b
333,34,#4c4f38
334,34,#6d6c4e
335,34,#646440
336,34,#43441d
337,34,#3a3f10
338,34,#3b461c
339,34,#3f4017
340,34,#3e4019
341,34,#353e10
342,34,#3a4315
343,34,#494e23
344,34,#333a10
345,34,#313511
346,34,#32361f
347,34,#2f311a
348,34,#282f0f
349,34,#373f10
350,34,#3b421b
351,34,#363d1a
352,34,#3b431d
353,34,#39430d
354,34,#3f471e
355,34,#424a27
356,34,#262c10
357,34,#1e1e2c
358,34,#110f25
380,34,#212627
381,34,#585b29
382,34,#515639
383,34,#242623
398,34,#1d2130
401,34,#454826
402,34,#56572c
403,34,#575830
404,34,#505129
405,34,#454c21
406,34,#4f562e
407,34,#3d4722
408,34,#191f1a
413,34,#4e5345
414,34,#4b4d25
415,34,#4a5128
416,34,#4c4c25
417,34,#414119
418,34,#3e421d
419,34,#394319
420,34,#3d4a17
421,34,#22201f
423,34,#505630
424,34,#494f26
425,34,#4d512c
426,34,#3b3f2f
427,34,#4a4b30
428,34,#49461c
429,34,#55502b
430,34,#56532a
431,34,#47451c
432,34,#4a4821
433,34,#4b4d25
434,34,#4a4c24
435,34,#494b23
436,34,#525029
437,34,#4f4f22
438,34,#4c4f23
439,34,#434b22
440,34,#364317
441,34,#434c21
442,34,#354119
443,34,#3d4a1f
444,34,#404b20
445,34,#4e5328
446,34,#51502a
447,34,#3a3d16
448,34,#2b3e13
449,34,#23330a
450,34,#373817
451,34,#444728
452,34,#4c4c2d
453,34,#605233
454,34,#554724
455,34,#564c29
456,34,#514d2a
457,34,#4b4020
458,34,#524324
459,34,#574a2a
460,34,#4c441f
461,34,#4e4621
462,34,#574e2c
463,34,#59522e
464,34,#4e4a22
465,34,#5b5a2c
466,34,#4d4820
467,34,#57522b
468,34,#565129
469,34,#574f28
470,34,#564e29
471,34,#4a4623
472,34,#484620
473,34,#474320
474,34,#4a4621
475,34,#45421e
476,34,#484921
477,34,#504e27
478,34,#4b4e27
479,34,#4b4f26
480,34,#505129
481,34,#57532d
482,34,#554d28
483,34,#4a451f
484,34,#494520
485,34,#524e29
486,34,#4a4a24
487,34,#4a4a21
488,34,#494c21
489,34,#4c5126
490,34,#41431c
491,34,#40451d
492,34,#40481e
493,34,#434a20
494,34,#484d25
495,34,#4b4d28
496,34,#494b26
497,34,#4b4d26
498,34,#484d25
499,34,#3f461d
500,34,#3f471e
501,34,#3e461d
502,34,#394118
503,34,#394118
504,34,#3d461b
505,34,#393c17
506,34,#393d18
507,34,#29340f
508,34,#2e3610
509,34,#3f461d
510,34,#424d22
511,34,#41451d
512,34,#3f3f1d
513,34,#454425
514,34,#454428
515,34,#48421f
516,34,#514f22
517,34,#535224
518,34,#4c4d23
519,34,#50552a
520,34,#444a19
521,34,#4b4a1c
522,34,#3c4118
523,34,#393917
524,34,#3b3f18
525,34,#3f4217
526,34,#3b3c12
527,34,#53512a
528,34,#49461d
529,34,#4f481c
530,34,#524f24
531,34,#5e572a
532,34,#5c5a2a
533,34,#585124
534,34,#534f21
535,34,#4b4b1a
536,34,#504e20
537,34,#57562a
538,34,#474a1f
539,34,#423d17
540,34,#4a4a23
541,34,#4c4d23
542,34,#45481c
543,34,#4a4d1f
544,34,#2e300b
545,34,#42411b
546,34,#47441e
547,34,#404217
548,34,#4d4d23
549,34,#413e15
550,34,#383711
551,34,#3b3c17
552,34,#403e15
553,34,#45421d
554,34,#454525
555,34,#48461f
556,34,#47441f
557,34,#423e1a
558,34,#47451f
559,34,#45431d
560,34,#3f3c15
561,34,#4e4b24
562,34,#373711
563,34,#414318
564,34,#32320f
565,34,#404220
566,34,#393519
567,34,#47431d
568,34,#383a19
569,34,#56522c
570,34,#5d4f29
571,34,#5a4c26
572,34,#615130
573,34,#695b31
574,34,#6b5f30
575,34,#675829
576,34,#5c4c20
577,34,#5d5427
578,34,#5e5625
579,34,#645431
580,34,#38411f
581,34,#032b12
584,34,#0c1710
585,34,#5d592a
586,34,#554d28
587,34,#554d26
588,34,#554d26
589,34,#584e28
590,34,#5d542c
591,34,#5a5124
592,34,#5b532e
593,34,#5a522d
594,34,#6b633d
595,34,#675f39
596,34,#5f5d2c
597,34,#565434
598,34,#3a3b31
0,35,#5e573a
1,35,#5e5e36
23,35,#6a6b38
24,35,#555d2d
25,35,#555e2e
26,35,#4f5524
27,35,#585629
28,35,#555327
29,35,#524e24
30,35,#5a582e
31,35,#545528
32,35,#676539
33,35,#625a31
34,35,#615e33
35,35,#5d5a2a
36,35,#545121
37,35,#585727
38,35,#545a27
39,35,#505324
40,35,#5b5b29
41,35,#545624
42,35,#585829
43,35,#5b562a
44,35,#524e21
45,35,#56542d
46,35,#53512a
47,35,#5b582a
48,35,#5e5a2d
49,35,#514d21
50,35,#564d23
51,35,#5c552a
52,35,#595532
53,35,#433e1e
54,35,#575135
55,35,#4e4a2f
56,35,#443e24
57,35,#484428
58,35,#444024
59,35,#464226
60,35,#3e391c
61,35,#4f4a2c
62,35,#56522d
63,35,#504c26
64,35,#544f2a
65,35,#5e5931
66,35,#5d562b
67,35,#525023
68,35,#4b491e
69,35,#55542d
70,35,#4a4c1f
71,35,#4c4d25
72,35,#434720
73,35,#313a10
74,35,#364a1f
75,35,#183105
76,35,#3f4a21
77,35,#343921
78,35,#2b3516
79,35,#42471c
80,35,#41411d
81,35,#3f3f1d
82,35,#41411f
83,35,#3d3c1d
84,35,#3c391a
85,35,#363916
86,35,#3d3a19
87,35,#3e371a
88,35,#3b3815
89,35,#393a1e
90,35,#313111
91,35,#484421
92,35,#5f5834
93,35,#605833
94,35,#685e35
95,35,#685e38
96,35,#625533
97,35,#766a44
98,35,#5d4e25
99,35,#665831
100,35,#554f2f
101,35,#6d5e3e
102,35,#5d512f
103,35,#5a4d2a
104,35,#685b3b
105,35,#907f60
106,35,#6e633e
107,35,#877645
108,35,#5a5c35
109,35,#08131d
110,35,#061816
111,35,#6d6735
112,35,#5b512a
113,35,#655a37
114,35,#594f31
115,35,#514f26
116,35,#636140
117,35,#484927
118,35,#171524
120,35,#191720
121,35,#393826
122,35,#505530
123,35,#4d5235
127,35,#111c2f
129,35,#3a4441
130,35,#585549
132,35,#394f42
133,35,#0a273b
135,35,#172028
136,35,#45513a
137,35,#5d5833
138,35,#545627
139,35,#5f5029
140,35,#313421
141,35,#091c1d
142,35,#283a28
143,35,#172214
144,35,#5a5431
145,35,#574d27
146,35,#5f5635
147,35,#564e2c
148,35,#564c2e
149,35,#082222
150,35,#4a4e33
151,35,#7a7145
152,35,#73683d
153,35,#4c4f47
157,35,#787b76
158,35,#7d7860
159,35,#564e36
160,35,#6f684a
161,35,#837551
162,35,#4b3d2d
163,35,#6b7246
164,35,#516244
165,35,#0e212e
166,35,#2f5863
167,35,#31585b
168,35,#3d6f59
170,35,#122737
172,35,#676546
173,35,#0c2a36
174,35,#3a4a41
175,35,#3b443d
176,35,#3c4725
177,35,#49512d
178,35,#564d2a
179,35,#494c3b
180,35,#433c29
181,35,#524b2f
182,35,#5f583e
183,35,#868068
184,35,#bcb9ab
185,35,#747370
186,35,#4f5763
187,35,#0c1c2f
211,35,#0e1123
212,35,#252c2d
214,35,#1a2328
215,35,#4d4a35
216,35,#fdfcfa
217,35,#ffffff
218,35,#fefefe
219,35,#fbfbfb
220,35,#fbfbfb
221,35,#ffffff
222,35,#ffffff
223,35,#ffffff
224,35,#ffffff
225,35,#ffffff
226,35,#ffffff
227,35,#ffffff
228,35,#ffffff
229,35,#ffffff
230,35,#ffffff
231,35,#ffffff
232,35,#ffffff
233,35,#ffffff
234,35,#ffffff
235,35,#ffffff
236,35,#fefefe
237,35,#fefefe
238,35,#fdfdfd
239,35,#fbfbfb
240,35,#ededed
241,35,#f8f8f8
242,35,#f2f4f3
243,35,#e8e6e7
244,35,#f0f4f5
245,35,#b6bbc1
246,35,#f2f7fa
247,35,#eceff1
248,35,#d7d8dc
249,35,#d0d1d7
250,35,#e5e8e9
251,35,#687073
252,35,#bdc7cb
253,35,#969fa7
254,35,#bac3cf
255,35,#939ba7
324,35,#223316
325,35,#273815
326,35,#243410
327,35,#14250b
328,35,#192513
329,35,#303c16
330,35,#546037
331,35,#454c2a
332,35,#3b441c
333,35,#62653d
334,35,#4c5126
335,35,#45481b
336,35,#42471c
337,35,#3b4617
338,35,#3f481b
339,35,#3b4017
340,35,#43481b
341,35,#3f461c
342,35,#3a4318
343,35,#2d350d
344,35,#353d16
345,35,#2a3315
346,35,#2c3712
347,35,#27340b
348,35,#2c380e
349,35,#25340d
350,35,#283814
351,35,#253115
352,35,#25300f
353,35,#2b3d0c
354,35,#2d3e10
355,35,#2f3f1b
356,35,#3f4817
357,35,#474a17
358,35,#3d3e1b
359,35,#3f4417
360,35,#43441d
361,35,#4a5020
362,35,#272839
380,35,#28232c
381,35,#37422e
382,35,#131725
387,35,#222426
388,35,#3b401e
389,35,#37370c
390,35,#4b4e1c
391,35,#2d360b
392,35,#2d300f
393,35,#313411
394,35,#30301b
395,35,#2c331b
396,35,#424927
397,35,#39401b
398,35,#3b4821
399,35,#11240f
400,35,#1d2018
401,35,#3e4321
402,35,#494e24
403,35,#4b5025
404,35,#4c5025
405,35,#484f23
406,35,#484f23
407,35,#47501f
408,35,#4a5127
409,35,#464c1e
410,35,#4b5228
411,35,#4d5437
415,35,#4b4d25
416,35,#3e431a
417,35,#464a21
418,35,#41471d
419,35,#484c25
420,35,#454a29
421,35,#3a430d
424,35,#4e5428
425,35,#40461d
426,35,#4a4522
427,35,#4a472b
429,35,#3a3829
430,35,#4b472a
431,35,#403e17
432,35,#46441e
433,35,#494623
434,35,#4b4825
435,35,#55572f
436,35,#51522a
437,35,#464c23
438,35,#40471b
439,35,#434b1c
440,35,#464f22
441,35,#3d491b
442,35,#304016
443,35,#2c3b10
444,35,#354217
445,35,#455225
446,35,#535434
447,35,#4d562b
448,35,#474c2b
449,35,#263018
450,35,#2f3324
451,35,#2c3116
452,35,#292d0c
453,35,#424024
454,35,#534b2c
455,35,#4f4a2a
456,35,#504726
457,35,#474320
458,35,#534828
459,35,#574c2c
460,35,#403716
461,35,#3d3715
462,35,#56502d
463,35,#4f4723
464,35,#564d29
465,35,#47451e
466,35,#48461e
467,35,#44471c
468,35,#45421a
469,35,#47441e
470,35,#40401c
471,35,#3b3d18
472,35,#42411b
473,35,#46441e
474,35,#464320
475,35,#41431c
476,35,#40421b
477,35,#40451d
478,35,#41461e
479,35,#494e26
480,35,#494923
481,35,#464620
482,35,#48461f
483,35,#47451e
484,35,#4f4d26
485,35,#464820
486,35,#4c4c26
487,35,#504e28
488,35,#4e4c25
489,35,#494a22
490,35,#44471f
491,35,#41441c
492,35,#46451c
493,35,#41451d
494,35,#484a23
495,35,#41411b
496,35,#3f411a
497,35,#3d431a
498,35,#424920
499,35,#3f471e
500,35,#40451c
501,35,#3e471c
502,35,#364117
503,35,#3b4219
504,35,#374118
505,35,#3a471b
506,35,#30390e
507,35,#3a451d
508,35,#393f1b
509,35,#353c14
510,35,#373e13
511,35,#394017
512,35,#363813
513,35,#333318
514,35,#aeaa96
515,35,#524f27
516,35,#545128
517,35,#545029
518,35,#4a491e
519,35,#565223
520,35,#514f24
521,35,#3a3f17
522,35,#43421b
523,35,#383515
524,35,#413f17
525,35,#41461a
526,35,#40421b
527,35,#47491e
528,35,#414115
529,35,#585626
530,35,#5d5832
531,35,#48431c
532,35,#625e30
533,35,#645b32
534,35,#5c572b
535,35,#47481a
536,35,#4a4d22
537,35,#4b4e26
538,35,#41471e
539,35,#4a4b23
540,35,#4a4b21
541,35,#3c3d13
542,35,#474c1e
543,35,#3b3e16
544,35,#42431f
545,35,#4c4822
546,35,#3d3913
547,35,#40411c
548,35,#383c17
549,35,#3b411b
550,35,#394118
551,35,#3b3f17
552,35,#3b3d16
553,35,#2d2f0f
554,35,#4f5129
555,35,#3a3c15
556,35,#414721
557,35,#303413
558,35,#373a15
559,35,#3f411c
560,35,#323613
561,35,#343513
562,35,#3e3f18
563,35,#403f18
564,35,#3e3a14
565,35,#414218
566,35,#42441d
567,35,#393b13
568,35,#343b11
569,35,#444920
570,35,#484b20
571,35,#4b421e
572,35,#4b4d24
573,35,#4e4a23
574,35,#49441e
575,35,#564d2e
576,35,#5a4e26
577,35,#605733
578,35,#574f2b
579,35,#554d29
580,35,#585124
581,35,#61582c
582,35,#5c5a2b
583,35,#585429
584,35,#4e461f
585,35,#524b22
586,35,#4f4720
587,35,#514721
588,35,#5d532d
589,35,#574d27
590,35,#645a36
591,35,#5e5632
592,35,#4b3f25
593,35,#5c5334
594,35,#706a4a
595,35,#6b613d
596,35,#635b2b
597,35,#54522c
598,35,#575331
599,35,#59532d
0,36,#7a715a
1,36,#5c5231
2,36,#5f5837
3,36,#5e5a3a
4,36,#474635
23,36,#57593b
24,36,#5d612f
25,36,#56562a
26,36,#545326
27,36,#55562c
28,36,#585a32
29,36,#4e4c2b
30,36,#494d28
31,36,#5b5c37
32,36,#4c4a25
33,36,#4d4c26
34,36,#57552f
35,36,#53512c
36,36,#504f28
37,36,#545026
38,36,#555225
39,36,#565526
40,36,#4d4c22
41,36,#534e28
42,36,#3c3b19
43,36,#443f1c
44,36,#4c4923
45,36,#534f2f
46,36,#4c4828
47,36,#585231
48,36,#686242
49,36,#433c1f
50,36,#484320
51,36,#443e1e
52,36,#45411e
53,36,#4a4622
54,36,#3e3918
55,36,#4d4a27
56,36,#484522
57,36,#474720
58,36,#4a4b23
59,36,#52532b
60,36,#43441d
61,36,#44441e
62,36,#3e3e19
63,36,#44441f
64,36,#393b15
65,36,#323711
66,36,#2c330e
67,36,#36360f
68,36,#49471e
69,36,#605c2f
70,36,#5a572c
71,36,#4b4723
72,36,#514e29
73,36,#47481c
74,36,#293913
75,36,#213210
76,36,#172f05
77,36,#373917
78,36,#3c401e
79,36,#413e1f
80,36,#3b3b16
81,36,#363612
82,36,#40401c
83,36,#3f3f1d
84,36,#464324
85,36,#3c3918
86,36,#30300e
87,36,#343715
88,36,#2c2d0d
89,36,#403b1d
90,36,#443d20
91,36,#373212
92,36,#4d4a29
93,36,#514b29
94,36,#6d6342
95,36,#564c28
96,36,#615431
97,36,#6e613c
98,36,#7f7048
99,36,#6f623d
100,36,#574e30
101,36,#5e5333
102,36,#4f4e2c
103,36,#4c4b25
104,36,#4f4e2a
105,36,#3f381c
106,36,#574830
107,36,#505128
108,36,#30353b
109,36,#131d2d
117,36,#0f182b
118,36,#0c1220
119,36,#4d4b3f
120,36,#202420
121,36,#10141b
122,36,#45472f
123,36,#47481a
124,36,#4c4e2a
125,36,#505830
126,36,#163a26
127,36,#3c5a47
128,36,#0e2836
129,36,#092126
131,36,#081e2b
132,36,#0f1d2b
133,36,#0a1f31
134,36,#111f32
135,36,#22362d
136,36,#535329
137,36,#675f2d
138,36,#5d5e35
139,36,#9f9f7c
140,36,#09252b
141,36,#12241b
142,36,#464b2d
143,36,#565320
144,36,#655931
145,36,#625534
146,36,#61563a
147,36,#504534
148,36,#736641
149,36,#67643f
150,36,#574f29
151,36,#5f532c
152,36,#61653d
155,36,#6d6b46
157,36,#67604c
158,36,#565246
159,36,#5b5844
160,36,#5f5c4a
161,36,#58523d
162,36,#5b5834
163,36,#1a3a37
164,36,#233e4b
167,36,#0f3746
168,36,#2a666a
171,36,#1b575b
172,36,#7f6b3b
173,36,#4d4b1b
174,36,#5a5a2e
175,36,#32736d
176,36,#32523d
177,36,#1b4b4c
178,36,#484321
179,36,#515937
180,36,#433c29
181,36,#575035
182,36,#5e5539
183,36,#736a4d
184,36,#857a5d
185,36,#776f53
186,36,#9a958a
187,36,#a5a79f
188,36,#595a5a
189,36,#363a44
190,36,#191e30
211,36,#22251c
212,36,#373929
213,36,#364434
214,36,#2b3e29
215,36,#32361f
216,36,#fdfcfa
217,36,#fdfdfd
218,36,#fefefe
219,36,#ffffff
220,36,#ffffff
221,36,#ffffff
222,36,#ffffff
223,36,#ffffff
224,36,#ffffff
225,36,#ffffff
226,36,#ffffff
227,36,#ffffff
228,36,#ffffff
229,36,#ffffff
230,36,#ffffff
231,36,#ffffff
232,36,#fefefe
233,36,#fefefe
234,36,#fefefe
235,36,#ffffff
236,36,#fefefe
237,36,#ffffff
238,36,#ffffff
239,36,#f9f9f9
240,36,#fafafa
241,36,#fafafa
242,36,#f0f0ee
243,36,#f2f6f7
244,36,#f9fcff
245,36,#f8f9f7
246,36,#94acb6
247,36,#88939b
248,36,#bac3cb
249,36,#98a6af
322,36,#354821
323,36,#0d161e
324,36,#0c1421
325,36,#0b1423
326,36,#162208
327,36,#293019
328,36,#79806c
329,36,#68674c
330,36,#535236
331,36,#575a3c
332,36,#3b471f
333,36,#2e3c10
334,36,#334211
335,36,#364210
336,36,#384415
337,36,#333e13
338,36,#2d350c
339,36,#303811
340,36,#2d3911
341,36,#2f3710
342,36,#2c3811
343,36,#293310
344,36,#313816
345,36,#313812
346,36,#363a19
347,36,#343c12
348,36,#2d3609
349,36,#313d0f
350,36,#27340f
351,36,#2c3712
352,36,#354212
353,36,#2c390c
354,36,#363a17
355,36,#283213
356,36,#2d340d
357,36,#262c0e
358,36,#383f13
359,36,#41471f
360,36,#2e350d
361,36,#3d3e1b
362,36,#42401a
363,36,#3c3e19
364,36,#434b1f
365,36,#282c1d
373,36,#252e1b
374,36,#3c4b19
375,36,#404c22
376,36,#424d1a
377,36,#162728
383,36,#242928
384,36,#48581c
385,36,#43501c
386,36,#42501c
387,36,#525c32
388,36,#2c3d06
389,36,#33401b
390,36,#374618
391,36,#40411f
392,36,#3f4e1c
393,36,#465422
394,36,#3d4a1e
395,36,#404817
396,36,#46501b
397,36,#3d4a1b
398,36,#464f21
399,36,#40471c
400,36,#4c4f22
401,36,#505429
402,36,#434b1a
403,36,#45471d
404,36,#403c19
405,36,#475023
406,36,#3e471a
407,36,#454b1d
408,36,#46491e
409,36,#5c5d35
410,36,#5b5b36
411,36,#56522f
412,36,#494c2b
413,36,#353d0c
414,36,#39391c
415,36,#3f4119
416,36,#4c4a23
417,36,#494c24
418,36,#494d2c
419,36,#414422
420,36,#4e5127
421,36,#4c4f1f
422,36,#0f0923
424,36,#504c37
425,36,#544c26
426,36,#554d25
427,36,#525622
428,36,#3d441d
429,36,#323427
430,36,#474a20
431,36,#3c3d13
432,36,#44401a
433,36,#3c3813
434,36,#3e3a17
435,36,#51532b
436,36,#4a4f26
437,36,#424b1d
438,36,#424c1a
439,36,#444e1a
440,36,#434f1f
441,36,#444d1e
442,36,#3b4c1f
443,36,#334516
444,36,#324315
445,36,#2d3f0a
446,36,#0e1618
447,36,#2c3821
448,36,#39441b
449,36,#4d4c2a
450,36,#323819
451,36,#343814
452,36,#3b401c
453,36,#4a502a
454,36,#282f08
455,36,#504d2c
456,36,#494424
457,36,#413f1a
458,36,#48401f
459,36,#564f2f
460,36,#453f1b
461,36,#49431f
462,36,#4d4928
463,36,#363712
464,36,#3d4119
465,36,#4a4822
466,36,#4a4621
467,36,#3b4219
468,36,#454c23
469,36,#3c4119
470,36,#434723
471,36,#434820
472,36,#40421c
473,36,#43431d
474,36,#46441b
475,36,#43431d
476,36,#46441e
477,36,#45431d
478,36,#46441e
479,36,#4e4c26
480,36,#494a22
481,36,#43441c
482,36,#514f27
483,36,#4d4b22
484,36,#4d4b22
485,36,#524f24
486,36,#4b4923
487,36,#46431e
488,36,#4b4923
489,36,#45461f
490,36,#47451e
491,36,#4a4821
492,36,#3e4116
493,36,#3d461b
494,36,#3b4219
495,36,#3f441c
496,36,#444b22
497,36,#39451b
498,36,#3f4a20
499,36,#434a21
500,36,#41481f
501,36,#3b431a
502,36,#384419
503,36,#3a471b
504,36,#364317
505,36,#2b370f
506,36,#373e14
507,36,#374315
508,36,#40471f
509,36,#40471d
510,36,#3c431a
511,36,#303411
512,36,#333811
513,36,#38361a
514,36,#574e32
515,36,#474520
516,36,#57552f
517,36,#4a4b24
518,36,#5a5c34
519,36,#494620
520,36,#464823
521,36,#53582f
522,36,#444b1f
523,36,#394117
524,36,#3a4213
525,36,#41471b
526,36,#4f5226
527,36,#525329
528,36,#4d4b24
529,36,#504b25
530,36,#504e28
531,36,#575438
532,36,#636137
533,36,#504c27
534,36,#44451d
535,36,#4d5025
536,36,#424019
537,36,#423d17
538,36,#41431b
539,36,#393b13
540,36,#43451d
541,36,#4e532a
542,36,#373f13
543,36,#3b4117
544,36,#4e512a
545,36,#3d471d
546,36,#3c431a
547,36,#4a4b26
548,36,#2f2f0b
549,36,#373713
550,36,#333712
551,36,#313711
552,36,#374118
553,36,#40471e
554,36,#3d3e16
555,36,#3f4217
556,36,#3a3c14
557,36,#313b12
558,36,#353c1a
559,36,#2e340f
560,36,#3a3e1b
561,36,#394318
562,36,#374215
563,36,#3c4217
564,36,#4d4f24
565,36,#514e23
566,36,#404718
567,36,#3e4217
568,36,#41481e
569,36,#484d25
570,36,#3f441c
571,36,#565833
572,36,#4c4e2b
573,36,#494622
574,36,#43441b
575,36,#4f4c23
576,36,#4d4822
577,36,#443e1a
578,36,#55502b
579,36,#57522d
580,36,#4f4925
581,36,#544c28
582,36,#555125
583,36,#565324
584,36,#545421
585,36,#534c21
586,36,#584f27
587,36,#6f623f
588,36,#645a37
589,36,#5a5130
590,36,#5c5332
591,36,#5f5635
592,36,#605431
593,36,#5d532d
594,36,#5b5231
595,36,#99916f
596,36,#817a5f
597,36,#5e5931
598,36,#5a5530
599,36,#635e40
0,37,#615830
1,37,#5b532b
2,37,#5b5928
3,37,#5c5828
4,37,#5f5928
5,37,#625a25
6,37,#5e5727
7,37,#5e5d2a
8,37,#1f2b2d
27,37,#4a5423
28,37,#383d19
29,37,#575934
30,37,#565a34
31,37,#52512b
32,37,#4a4a27
33,37,#333c18
34,37,#3c461b
35,37,#363d1a
36,37,#3a401d
37,37,#36411b
38,37,#3b411c
39,37,#4a4a24
40,37,#504d29
41,37,#565432
42,37,#3e3f1f
43,37,#333312
44,37,#444420
45,37,#393e16
46,37,#2a310b
47,37,#333611
48,37,#2e2e0c
49,37,#373715
50,37,#464820
51,37,#44401d
52,37,#484825
53,37,#383512
54,37,#40421d
55,37,#364117
56,37,#313c12
57,37,#2f3b11
58,37,#393f19
59,37,#2e3311
60,37,#303c14
61,37,#2f360d
62,37,#3d4d1e
63,37,#3a481c
64,37,#323b12
65,37,#35340e
66,37,#373812
67,37,#2f350c
68,37,#333911
69,37,#3f411a
70,37,#383c17
71,37,#323310
72,37,#444523
73,37,#474b22
74,37,#3c421a
75,37,#2c350d
76,37,#323512
77,37,#38401b
78,37,#343c13
79,37,#363c17
80,37,#3d3f18
81,37,#333a12
82,37,#373a12
83,37,#3c3a18
84,37,#363310
85,37,#3a3a18
86,37,#33330f
87,37,#383917
88,37,#31320f
89,37,#242b17
90,37,#333815
91,37,#2c2b2a
92,37,#2c2d0f
93,37,#373818
94,37,#383a14
95,37,#403f27
96,37,#505034
97,37,#4a4a25
98,37,#46471e
99,37,#515030
100,37,#4c4b28
101,37,#524f29
102,37,#4f4c26
103,37,#494428
104,37,#454323
105,37,#484422
106,37,#504c29
107,37,#4e4c27
108,37,#4b4924
109,37,#56522c
110,37,#4c4b28
111,37,#41401c
112,37,#4b4a2d
113,37,#49482b
114,37,#4c4a2f
115,37,#4a4a2b
116,37,#4f4628
117,37,#4c4d29
118,37,#333b1b
119,37,#242f18
120,37,#12160b
121,37,#4d4b26
122,37,#4b4626
123,37,#4b4626
124,37,#423f1f
125,37,#525329
126,37,#505126
127,37,#4f5122
128,37,#494928
129,37,#4e4d27
130,37,#504f24
131,37,#56532d
132,37,#504d23
133,37,#5e572e
134,37,#544f2c
135,37,#505023
136,37,#514d22
137,37,#55502c
138,37,#60552e
139,37,#515a36
140,37,#234123
141,37,#3f421d
142,37,#675e3e
143,37,#625939
144,37,#584e32
145,37,#5b5239
146,37,#564a32
147,37,#584e33
148,37,#574f39
149,37,#56492f
150,37,#5b4d31
151,37,#645842
152,37,#594d31
153,37,#6a6645
154,37,#112c30
155,37,#3a4945
156,37,#4d452d
157,37,#534d34
158,37,#5d5545
159,37,#5c553d
160,37,#615946
161,37,#544f2e
162,37,#565837
163,37,#56462e
164,37,#444b49
168,37,#041d31
169,37,#0b303b
170,37,#053c44
171,37,#667f5e
172,37,#62592c
173,37,#4e491a
174,37,#597754
175,37,#185a5f
176,37,#00343b
177,37,#063d39
178,37,#043f50
179,37,#4b5839
180,37,#595127
181,37,#515039
182,37,#494832
183,37,#4a4734
184,37,#6a6642
185,37,#7d6f4d
186,37,#776b49
187,37,#dbdbd5
188,37,#fdfcff
189,37,#eff0ef
190,37,#eaede9
191,37,#82827e
192,37,#7d7f6c
193,37,#1c242e
210,37,#474744
211,37,#494528
212,37,#534e28
213,37,#4c4726
214,37,#504222
215,37,#4c4524
216,37,#4d4928
217,37,#fdfdfd
218,37,#ffffff
219,37,#ffffff
220,37,#ffffff
221,37,#ffffff
222,37,#ffffff
223,37,#ffffff
224,37,#ffffff
225,37,#ffffff
226,37,#ffffff
227,37,#ffffff
228,37,#fefefe
229,37,#ffffff
230,37,#fdfdfd
231,37,#fbfbfb
232,37,#f9f9f9
233,37,#fafafa
234,37,#fafafa
235,37,#fdfbfe
236,37,#fcfefd
237,37,#fefefd
238,37,#fffffd
239,37,#fdfdfd
240,37,#fafbfb
241,37,#fbfdfa
242,37,#fbf9fa
243,37,#f0f9f5
244,37,#686d80
323,37,#0c1225
324,37,#2f3a22
325,37,#34421e
326,37,#545836
327,37,#2d3616
328,37,#4d4d2e
329,37,#90907e
330,37,#404623
331,37,#28300a
332,37,#3a4419
333,37,#323d13
334,37,#2d380e
335,37,#2b3b0c
336,37,#2c390c
337,37,#313a0f
338,37,#2d390b
339,37,#2d3b0b
340,37,#2b380d
341,37,#2a370c
342,37,#2a370c
343,37,#2b380d
344,37,#2a350b
345,37,#2a370d
346,37,#313d0d
347,37,#313a0e
348,37,#323a11
349,37,#343c14
350,37,#384518
351,37,#2b3a11
352,37,#29380f
353,37,#161f0b
354,37,#2b380f
355,37,#2e390f
356,37,#2c360d
357,37,#343d13
358,37,#333a12
359,37,#3d411b
360,37,#30360f
361,37,#323614
362,37,#323610
363,37,#3a4011
364,37,#404419
365,37,#414a19
366,37,#3c4317
367,37,#353d13
368,37,#0c1017
373,37,#3b4922
374,37,#3a4113
375,37,#09281b
376,37,#031e1e
377,37,#081d1a
378,37,#082127
379,37,#152915
380,37,#3d4e19
381,37,#444918
382,37,#394718
383,37,#424a1e
384,37,#384616
385,37,#324112
386,37,#303f10
387,37,#4c5926
388,37,#344311
389,37,#3f4a19
390,37,#3d4a15
391,37,#424d1b
392,37,#3d4917
393,37,#424b1c
394,37,#3d4316
395,37,#373a11
396,37,#3c3f17
397,37,#373f12
398,37,#43491e
399,37,#3f4318
400,37,#474b1f
401,37,#46491d
402,37,#43481f
403,37,#3e4218
404,37,#404217
405,37,#45471f
406,37,#444619
407,37,#414919
408,37,#434a20
409,37,#4b5028
410,37,#494927
411,37,#5e5b35
412,37,#44471a
413,37,#383d14
414,37,#41431b
415,37,#43461f
416,37,#4d4a1e
417,37,#464517
418,37,#4c4b1e
419,37,#48491c
420,37,#47451d
421,37,#140c1b
423,37,#464c31
424,37,#404318
425,37,#434417
426,37,#47461b
427,37,#494822
428,37,#41451d
429,37,#29360d
430,37,#485026
431,37,#2f360c
432,37,#3a4319
433,37,#3f471e
434,37,#424b20
435,37,#374515
436,37,#434c21
437,37,#424c1a
438,37,#3e4718
439,37,#3d4916
440,37,#3f4d17
441,37,#384716
442,37,#41521d
443,37,#2f4010
444,37,#2d3e16
445,37,#2b3a11
446,37,#3a4c15
447,37,#4f5a29
448,37,#4c5527
449,37,#4d5225
450,37,#384416
451,37,#2b370a
452,37,#434c1f
453,37,#3b401b
454,37,#49502a
455,37,#3c411a
456,37,#454621
457,37,#43461b
458,37,#363a11
459,37,#4e522c
460,37,#474a22
461,37,#42441c
462,37,#434018
463,37,#53512a
464,37,#4b4923
465,37,#3d3f17
466,37,#3b4118
467,37,#414a1d
468,37,#3c4518
469,37,#3f461a
470,37,#3e471a
471,37,#353d12
472,37,#383d12
473,37,#4a4c24
474,37,#484822
475,37,#474a23
476,37,#44461f
477,37,#3f431a
478,37,#3d3f17
479,37,#43441c
480,37,#494a1e
481,37,#4b4e23
482,37,#47481f
483,37,#43441c
484,37,#43431d
485,37,#42471f
486,37,#4a4a24
487,37,#424a20
488,37,#494821
489,37,#484820
490,37,#424a20
491,37,#40461c
492,37,#40481c
493,37,#454722
494,37,#454c23
495,37,#434920
496,37,#3f441c
497,37,#40451c
498,37,#404a1f
499,37,#40491d
500,37,#3d4b19
501,37,#3a4a19
502,37,#324714
503,37,#41451c
504,37,#3d401c
505,37,#404620
506,37,#323d12
507,37,#3e4718
508,37,#3f411e
509,37,#434c20
510,37,#3e471a
511,37,#323613
512,37,#2e3111
513,37,#231f07
514,37,#545031
515,37,#514f28
516,37,#555727
517,37,#3b4217
518,37,#4b4e20
519,37,#484921
520,37,#43481f
521,37,#474c24
522,37,#484b1b
523,37,#4c4a21
524,37,#4e4b23
525,37,#423d1e
526,37,#484821
527,37,#3e4714
528,37,#4b5029
529,37,#33370e
530,37,#43421d
531,37,#413e1e
532,37,#605e39
533,37,#47441d
534,37,#4d4a1d
535,37,#3c4318
536,37,#41461e
537,37,#393e18
538,37,#43461e
539,37,#3f4013
540,37,#444b1c
541,37,#3d3f17
542,37,#393b13
543,37,#404119
544,37,#43461e
545,37,#3e441a
546,37,#3f451a
547,37,#45461f
548,37,#40461e
549,37,#464821
550,37,#454720
551,37,#40451d
552,37,#42491e
553,37,#374014
554,37,#393e15
555,37,#454c1d
556,37,#3b431a
557,37,#42481b
558,37,#394312
559,37,#3b4417
560,37,#474e22
561,37,#44461e
562,37,#4d491f
563,37,#46491e
564,37,#4b4f26
565,37,#464d23
566,37,#42441c
567,37,#525022
568,37,#504d23
569,37,#41461d
570,37,#43471f
571,37,#53562b
572,37,#4c4a20
573,37,#53522c
574,37,#464722
575,37,#4d4822
576,37,#4c4521
577,37,#4b4721
578,37,#4a461f
579,37,#4c471e
580,37,#4b4721
581,37,#524d25
582,37,#4c4429
583,37,#554a2d
584,37,#5b4e2d
585,37,#6e643f
586,37,#6b613d
587,37,#64572b
588,37,#605534
589,37,#5f5230
590,37,#574f26
591,37,#625633
592,37,#6f663e
593,37,#60522e
594,37,#9d9578
595,37,#635a3b
596,37,#5e573e
597,37,#5f5539
598,37,#534a2e
599,37,#5f573b
0,38,#554f1c
1,38,#5e5825
2,38,#746e4b
3,38,#645c39
4,38,#584e2b
5,38,#7f774a
6,38,#726842
7,38,#7c7247
8,38,#6d6c4c
10,38,#605f26
11,38,#4d4d21
12,38,#5b5e35
13,38,#5d6438
28,38,#1c1f29
29,38,#3c4136
30,38,#2f381f
31,38,#2e3410
32,38,#3f481c
33,38,#374014
34,38,#343b12
35,38,#3f461b
36,38,#3f461c
37,38,#383f13
38,38,#3d4418
39,38,#3f471e
40,38,#394419
41,38,#2a360c
42,38,#313f14
43,38,#2d3c10
44,38,#2e3d10
45,38,#354115
46,38,#2a390e
47,38,#313e16
48,38,#323c12
49,38,#373c11
50,38,#50522b
51,38,#373b16
52,38,#27310a
53,38,#3c421c
54,38,#29330b
55,38,#2e350c
56,38,#303b11
57,38,#2d390f
58,38,#364115
59,38,#2b3d0c
60,38,#2d3d11
61,38,#2a390c
62,38,#323e13
63,38,#2f3710
64,38,#3e421f
65,38,#2d340c
66,38,#434820
67,38,#353a12
68,38,#353a12
69,38,#363d14
70,38,#333a11
71,38,#2e330b
72,38,#3a3a0e
73,38,#3f4112
74,38,#303a10
75,38,#384017
76,38,#3e3e1c
77,38,#333412
78,38,#3f411a
79,38,#3e3e1a
80,38,#3d3d1b
81,38,#393b19
82,38,#383a17
83,38,#3b3f1c
84,38,#373715
85,38,#383814
86,38,#343410
87,38,#343314
88,38,#373415
89,38,#0f0f06
90,38,#3e401d
91,38,#1f181b
92,38,#373720
93,38,#333319
94,38,#3b3c1b
95,38,#474620
96,38,#4b492d
97,38,#4a4d34
98,38,#21202e
101,38,#312f1e
102,38,#484727
103,38,#4d4d2b
104,38,#4f4b2e
105,38,#474929
106,38,#41441f
107,38,#4a4c27
108,38,#4e4e2a
109,38,#524f2c
110,38,#46471d
111,38,#343716
112,38,#4c482c
113,38,#514d32
114,38,#464227
115,38,#545334
116,38,#534e30
117,38,#575137
118,38,#5b5839
119,38,#5a5b3c
120,38,#303927
121,38,#424225
122,38,#524d30
123,38,#4f4a2d
124,38,#4c472a
125,38,#4e4a25
126,38,#4c4823
127,38,#56562e
128,38,#4c4c27
129,38,#555728
130,38,#525424
131,38,#5d5c2f
132,38,#57532e
133,38,#585127
134,38,#68653a
135,38,#504d1e
136,38,#605a2a
137,38,#3f4218
138,38,#514d25
139,38,#5d583b
140,38,#554626
141,38,#685a3a
142,38,#534c2d
143,38,#544b2e
144,38,#5b5136
145,38,#5a5336
146,38,#5e5537
147,38,#575138
148,38,#544f3b
149,38,#534c37
150,38,#544d38
151,38,#524a3b
152,38,#4e4f3b
153,38,#514533
154,38,#40361c
155,38,#5f4e3e
156,38,#504b31
157,38,#504b34
158,38,#585042
159,38,#4d4535
160,38,#594e3e
161,38,#534a3d
162,38,#49442e
163,38,#131628
168,38,#0f2a3c
169,38,#0a2f36
170,38,#062d33
171,38,#092f37
172,38,#0b2f32
173,38,#0b2633
174,38,#102435
175,38,#082133
176,38,#0c2832
177,38,#044a58
178,38,#524e33
179,38,#5f5128
180,38,#897e46
181,38,#343335
182,38,#4e573f
183,38,#494b29
184,38,#4c432e
185,38,#605d42
186,38,#534b35
187,38,#625342
188,38,#696450
189,38,#9c9785
190,38,#d6d5d3
191,38,#cccccb
192,38,#c1c0b4
193,38,#473e29
194,38,#434234
195,38,#7d8176
196,38,#9c9d91
210,38,#0d0a21
211,38,#26240d
212,38,#32331a
213,38,#3d3b26
214,38,#434c30
215,38,#494323
216,38,#4e4a2f
217,38,#ffffff
218,38,#ffffff
219,38,#ffffff
220,38,#ffffff
221,38,#ffffff
222,38,#ffffff
223,38,#ffffff
224,38,#ffffff
225,38,#ffffff
226,38,#ffffff
227,38,#fefefe
228,38,#fdfdfd
229,38,#fcfcfc
230,38,#f7f7f7
231,38,#f2f2f2
232,38,#fdfdfd
233,38,#ffffff
234,38,#fafafa
235,38,#fefefc
236,38,#f5f4f0
237,38,#edf0f2
238,38,#c3c6ca
239,38,#f1f4f6
240,38,#e4e4e7
241,38,#f8faf9
242,38,#e3f0f4
322,38,#1a2315
323,38,#3b451f
324,38,#424923
325,38,#3d411d
326,38,#787c58
327,38,#4a4928
328,38,#53542c
329,38,#2e3d13
330,38,#243107
331,38,#232f0a
332,38,#2b360e
333,38,#2c370f
334,38,#2f3a12
335,38,#2a3a0d
336,38,#2f3c10
337,38,#2c3a0f
338,38,#2b3c0f
339,38,#2c3f0f
340,38,#26370c
341,38,#25360b
342,38,#2f3b13
343,38,#2c3812
344,38,#2b3510
345,38,#283811
346,38,#263411
347,38,#2d380f
348,38,#2d380d
349,38,#2d390d
350,38,#2c3b14
351,38,#182508
352,38,#1a2417
353,38,#1e2b06
354,38,#080e19
355,38,#252d16
356,38,#38421f
357,38,#2b360f
358,38,#161d04
359,38,#323a0c
360,38,#2f3215
361,38,#313610
362,38,#383e0b
363,38,#343b16
364,38,#354415
365,38,#39461a
366,38,#3a430e
367,38,#343612
368,38,#2d322f
374,38,#3e3e15
375,38,#3d3b13
376,38,#384620
377,38,#324227
378,38,#313d22
379,38,#3f4514
380,38,#32420e
381,38,#384412
382,38,#334410
383,38,#384613
384,38,#354310
385,38,#33480e
386,38,#2f4210
387,38,#344211
388,38,#384318
389,38,#374718
390,38,#354713
391,38,#3a4b17
392,38,#354713
393,38,#2e3e0b
394,38,#394613
395,38,#354212
396,38,#384515
397,38,#314011
398,38,#323f11
399,38,#3a4618
400,38,#474f20
401,38,#383f13
402,38,#3f4717
403,38,#444d1e
404,38,#404a1f
405,38,#3f4b16
406,38,#454c1a
407,38,#505628
408,38,#595e36
409,38,#3d3f18
410,38,#464a20
411,38,#3e3e1d
412,38,#3a3c17
413,38,#2f3310
414,38,#2b2d0c
415,38,#292d0d
416,38,#343913
417,38,#454e20
418,38,#33380d
419,38,#231e05
420,38,#261d0d
421,38,#201823
422,38,#464824
423,38,#4d5022
424,38,#52532a
425,38,#515024
426,38,#49481a
427,38,#5d5629
428,38,#4e4d25
429,38,#31380f
430,38,#3b451b
431,38,#464c1c
432,38,#47501f
433,38,#424a1e
434,38,#394019
435,38,#29360a
436,38,#2a370d
437,38,#374515
438,38,#334217
439,38,#36471c
440,38,#2c3b11
441,38,#3b4c1d
442,38,#27390b
443,38,#2e3f13
444,38,#21310a
445,38,#243b08
446,38,#2e4612
447,38,#2f4215
448,38,#38491d
449,38,#3c4a1e
450,38,#404d1f
451,38,#354214
452,38,#333e0a
453,38,#4b5226
454,38,#485124
455,38,#3f4b1b
456,38,#1d240e
457,38,#4a4f25
458,38,#484a22
459,38,#474a1d
460,38,#394014
461,38,#3f4217
462,38,#4a4b21
463,38,#46471d
464,38,#414218
465,38,#43441c
466,38,#383a12
467,38,#3d471a
468,38,#3f461a
469,38,#44451b
470,38,#3f4419
471,38,#42471c
472,38,#3d441a
473,38,#3d4219
474,38,#3a3c14
475,38,#444b22
476,38,#40451d
477,38,#474921
478,38,#4f5028
479,38,#4c4a23
480,38,#49471e
481,38,#56542d
482,38,#54552d
483,38,#4b4c24
484,38,#4a4b23
485,38,#494b24
486,38,#4c4c26
487,38,#494f25
488,38,#474921
489,38,#46471f
490,38,#484720
491,38,#43481f
492,38,#3c451a
493,38,#464d24
494,38,#444b21
495,38,#444920
496,38,#384116
497,38,#3b4a1d
498,38,#394a1b
499,38,#3f491a
500,38,#384517
501,38,#364816
502,38,#3c4619
503,38,#53502a
504,38,#3e3b1a
505,38,#444a24
506,38,#313d14
507,38,#3e4a1c
508,38,#3e461f
509,38,#373e14
510,38,#41481c
511,38,#3d3f1b
512,38,#303212
513,38,#3e3a1d
514,38,#4d4a1e
515,38,#535428
516,38,#3d4012
517,38,#484a1e
518,38,#474e22
519,38,#3c451a
520,38,#424b20
521,38,#41451d
522,38,#464920
523,38,#424420
524,38,#474924
525,38,#42441c
526,38,#495027
527,38,#3b421b
528,38,#454624
529,38,#42441c
530,38,#32340c
531,38,#454523
532,38,#5b573a
533,38,#625d3d
534,38,#504b25
535,38,#5a5a36
536,38,#3e4018
537,38,#343c0f
538,38,#43451d
539,38,#403a18
540,38,#464123
541,38,#333211
542,38,#404716
543,38,#3d3f18
544,38,#3c4121
545,38,#343b12
546,38,#333a11
547,38,#424a21
548,38,#424d23
549,38,#464e25
550,38,#475021
551,38,#414d1d
552,38,#414c1e
553,38,#3a4417
554,38,#4d5329
555,38,#3f4224
556,38,#41491a
557,38,#45431f
558,38,#494d22
559,38,#41431b
560,38,#42471c
561,38,#42441c
562,38,#45461a
563,38,#414218
564,38,#4e4923
565,38,#494821
566,38,#40451c
567,38,#464a1f
568,38,#42431b
569,38,#3f441c
570,38,#42491d
571,38,#4a5128
572,38,#262705
573,38,#404318
574,38,#434618
575,38,#434c1b
576,38,#4d4e22
577,38,#4e4a24
578,38,#4d4924
579,38,#524d27
580,38,#4e4923
581,38,#5e5a2d
582,38,#5b5728
583,38,#60592d
584,38,#625830
585,38,#61592c
586,38,#675b31
587,38,#595222
588,38,#555226
589,38,#524d21
590,38,#534923
591,38,#564a24
592,38,#665d3d
593,38,#655835
594,38,#615231
595,38,#635633
596,38,#645533
597,38,#584e22
598,38,#5d5526
599,38,#5f5729
0,39,#5b5838
1,39,#25281a
2,39,#605a35
3,39,#605631
4,39,#706740
5,39,#685f35
6,39,#6c623e
7,39,#63592d
8,39,#6e6c3f
9,39,#5c5c35
10,39,#605f2d
11,39,#605d2c
12,39,#605b2c
13,39,#605b32
14,39,#6c673d
15,39,#5e5e2d
16,39,#211f28
22,39,#0e1d2c
23,39,#374834
24,39,#534a27
25,39,#43481e
26,39,#424420
30,39,#020909
31,39,#252910
32,39,#535b32
33,39,#505625
34,39,#3a4618
35,39,#495523
36,39,#535f31
37,39,#525a30
38,39,#464f24
39,39,#4f562c
40,39,#333d12
41,39,#3c491b
42,39,#3e4b1d
43,39,#2d3a0e
44,39,#2e3b10
45,39,#2d3d10
46,39,#2e3a0f
47,39,#41471c
48,39,#3f461d
49,39,#2b340d
50,39,#253109
51,39,#273208
52,39,#233209
53,39,#313c14
54,39,#313c14
55,39,#2c3c11
56,39,#26350a
57,39,#303f0f
58,39,#394416
59,39,#364316
60,39,#293d0a
61,39,#304011
62,39,#233507
63,39,#2c3c10
64,39,#333f15
65,39,#353c13
66,39,#393a13
67,39,#767750
68,39,#323910
69,39,#343f15
70,39,#2b360b
71,39,#313a0f
72,39,#394216
73,39,#666539
74,39,#363d12
75,39,#3a4319
76,39,#333c15
77,39,#404121
78,39,#3e3e1a
79,39,#3d3a19
80,39,#3e3b1d
81,39,#3b3918
82,39,#343312
83,39,#2c350b
84,39,#343911
85,39,#3f411a
86,39,#3e401b
87,39,#282c0e
88,39,#38390f
89,39,#40401a
90,39,#32311c
91,39,#393c1e
92,39,#1e1f1e
93,39,#100f23
95,39,#191824
96,39,#17171f
100,39,#1c1927
101,39,#1e1c2b
102,39,#0e1023
103,39,#26272c
104,39,#3a3f17
105,39,#3b3f1a
106,39,#363a19
107,39,#353917
108,39,#3c401d
109,39,#3f401e
110,39,#47492e
111,39,#272728
112,39,#524c32
113,39,#504a30
114,39,#4e482e
115,39,#4a4527
116,39,#4f4e2f
117,39,#575235
118,39,#544f2f
119,39,#554b31
120,39,#4d4b2b
121,39,#33331a
122,39,#474326
123,39,#484326
124,39,#4e472b
125,39,#4c4528
126,39,#50492c
127,39,#50492e
128,39,#4b4427
129,39,#50492c
130,39,#524a26
131,39,#4d421f
132,39,#554d2b
133,39,#524824
134,39,#524c27
135,39,#514d2a
136,39,#615e38
137,39,#494e28
138,39,#4d4f2c
139,39,#514b29
140,39,#554d29
141,39,#5b5133
142,39,#52492d
143,39,#42381d
144,39,#5a5037
145,39,#5d5741
146,39,#5f583d
147,39,#5a5036
148,39,#544f3a
149,39,#564f3c
150,39,#4d4731
151,39,#554c3a
152,39,#4f432f
153,39,#534c36
154,39,#524b39
155,39,#55523c
156,39,#231a2c
158,39,#50513c
159,39,#413c34
160,39,#2b2a34
161,39,#51564b
169,39,#143b42
170,39,#11363c
171,39,#0c3337
172,39,#0c3d45
173,39,#0c2e38
174,39,#093444
175,39,#093d47
176,39,#6e8269
177,39,#585430
178,39,#4d4919
179,39,#8b7c4d
180,39,#9b8e5d
181,39,#4b4c3c
183,39,#10121c
184,39,#444128
185,39,#423e1e
186,39,#372f23
187,39,#181819
188,39,#141c23
189,39,#424324
190,39,#5c563b
191,39,#cbcbc0
192,39,#4a473b
193,39,#707068
194,39,#f4f3eb
195,39,#676751
196,39,#333536
210,39,#17181b
211,39,#4a4d2e
212,39,#f7f8f2
213,39,#f9fdf6
214,39,#4f453d
215,39,#595345
216,39,#4f4839
217,39,#fdfdfd
218,39,#fefefe
219,39,#fbfbfb
220,39,#ffffff
221,39,#ffffff
222,39,#ffffff
223,39,#ffffff
224,39,#ffffff
225,39,#ffffff
226,39,#ffffff
227,39,#ffffff
228,39,#fdfdfd
229,39,#fefefe
230,39,#f5f5f5
231,39,#f9f9f9
232,39,#f7f7f7
233,39,#fafafa
234,39,#f8f8f8
235,39,#fcfcfa
236,39,#d9dada
237,39,#6a7162
238,39,#d3d8d6
239,39,#d5d9da
240,39,#4e5f5f
241,39,#2e3444
261,39,#0e0d1e
262,39,#b7b8ab
263,39,#060519
272,39,#3e3f2d
273,39,#454a28
274,39,#202327
320,39,#101727
321,39,#182010
322,39,#1a2905
323,39,#37431b
324,39,#454e22
325,39,#47491a
326,39,#5d5e36
327,39,#2f3f0e
328,39,#26340e
329,39,#333b23
330,39,#2e3815
331,39,#29310c
332,39,#273208
333,39,#2c370d
334,39,#283309
335,39,#2c3b10
336,39,#313e13
337,39,#2c3810
338,39,#243308
339,39,#2e3f12
340,39,#2d3c14
341,39,#28370f
342,39,#303d11
343,39,#2a370d
344,39,#29330e
345,39,#25310d
346,39,#242e0c
347,39,#2e391e
348,39,#212d09
349,39,#27330e
350,39,#192a02
351,39,#171f1d
352,39,#1d2b09
353,39,#252e1e
354,39,#212e0f
355,39,#20290e
356,39,#161920
360,39,#141725
361,39,#282d28
362,39,#2c2f1d
363,39,#2c3212
364,39,#313617
365,39,#384017
366,39,#2e3621
369,39,#101017
370,39,#313217
371,39,#2c2e0d
372,39,#28281b
373,39,#303518
374,39,#2c3215
375,39,#2d350b
376,39,#2b340a
377,39,#343b12
378,39,#33310b
379,39,#333a15
380,39,#2f380e
381,39,#323f13
382,39,#293c0e
383,39,#2c4113
384,39,#364317
385,39,#2c3e0d
386,39,#28380c
387,39,#313e0f
388,39,#333a10
389,39,#273a08
390,39,#2d3f0d
391,39,#2d3d0c
392,39,#253508
393,39,#283809
394,39,#314110
395,39,#364814
396,39,#283a06
397,39,#2d3f0f
398,39,#2e3e0f
399,39,#314112
400,39,#32400f
401,39,#2e3b0d
402,39,#293809
403,39,#303c0d
404,39,#464d1c
405,39,#616238
406,39,#434723
407,39,#2f3a0d
408,39,#383f18
409,39,#363c16
410,39,#232a09
411,39,#36361d
412,39,#27290b
413,39,#3a3e1b
414,39,#464821
415,39,#4d4e22
416,39,#464d23
417,39,#3a411c
418,39,#43481e
419,39,#282510
420,39,#232514
421,39,#444b16
422,39,#40421a
423,39,#3e3b0f
424,39,#545229
425,39,#413e15
426,39,#423f17
427,39,#3f3b0f
428,39,#403e15
429,39,#44471d
430,39,#2f360b
431,39,#3c4413
432,39,#3e4518
433,39,#393f14
434,39,#383e13
435,39,#3b411b
436,39,#38421d
437,39,#2f3c12
438,39,#29390e
439,39,#2f410f
440,39,#344613
441,39,#2d410e
442,39,#293d0b
443,39,#2f4213
444,39,#273a0d
445,39,#21360b
446,39,#2c4211
447,39,#30420b
448,39,#3c4c15
449,39,#444e19
450,39,#374416
451,39,#3b481a
452,39,#344710
453,39,#3e4e1d
454,39,#445620
455,39,#42501a
456,39,#3a4614
457,39,#3e4b1b
458,39,#343f0f
459,39,#3e4519
460,39,#454e1f
461,39,#424518
462,39,#42481a
463,39,#4b5123
464,39,#454b1d
465,39,#41481c
466,39,#3f461a
467,39,#454e21
468,39,#3a4316
469,39,#3c4719
470,39,#3d481d
471,39,#424d22
472,39,#3d481e
473,39,#3f481d
474,39,#454c20
475,39,#434a21
476,39,#4d542b
477,39,#42491f
478,39,#42471e
479,39,#4a4c24
480,39,#4a5027
481,39,#484a23
482,39,#53532d
483,39,#4d4e26
484,39,#4d4e24
485,39,#4b4b25
486,39,#4f4d27
487,39,#484b21
488,39,#454d20
489,39,#44491e
490,39,#434a1e
491,39,#434b1e
492,39,#363d14
493,39,#384515
494,39,#3d461b
495,39,#40451a
496,39,#42491d
497,39,#434b1f
498,39,#3b4918
499,39,#394a16
500,39,#384b14
501,39,#404b1d
502,39,#3b3b17
503,39,#4b4825
504,39,#474625
505,39,#364015
506,39,#3b3d1a
507,39,#313c12
508,39,#344115
509,39,#424820
510,39,#3b4719
511,39,#2d340b
512,39,#353913
513,39,#413e1f
514,39,#4b481f
515,39,#514d26
516,39,#514f22
517,39,#4a4619
518,39,#3e431a
519,39,#414218
520,39,#474a22
521,39,#40451d
522,39,#444517
523,39,#535128
524,39,#515325
525,39,#43481d
526,39,#41461d
527,39,#3e451b
528,39,#3e3f17
529,39,#4d4d27
530,39,#5e5b38
531,39,#4c4823
532,39,#615d3f
533,39,#656040
534,39,#59542e
535,39,#5b5630
536,39,#494721
537,39,#3c4316
538,39,#3e4617
539,39,#43491e
540,39,#3f4218
541,39,#4a4b27
542,39,#47462d
543,39,#3d3a18
544,39,#404314
545,39,#464b20
546,39,#3a3f16
547,39,#394319
548,39,#42471f
549,39,#3b431a
550,39,#263205
551,39,#3c491b
552,39,#3c4a1c
553,39,#3d4b1c
554,39,#3f4219
555,39,#404b1e
556,39,#3d481a
557,39,#52552c
558,39,#444819
559,39,#414312
560,39,#474a1d
561,39,#454a1f
562,39,#424518
563,39,#464b20
564,39,#4d4d25
565,39,#48491f
566,39,#3c4116
567,39,#484c21
568,39,#4a471e
569,39,#4e4a21
570,39,#44431a
571,39,#40421a
572,39,#494a1f
573,39,#49471e
574,39,#413e15
575,39,#4c4c20
576,39,#4b4920
577,39,#545127
578,39,#5a572e
579,39,#58532d
580,39,#59512a
581,39,#69643e
582,39,#57562a
583,39,#524f23
584,39,#5c582b
585,39,#5a5827
586,39,#524d23
587,39,#4f4a1f
588,39,#525123
589,39,#544f23
590,39,#5d5829
591,39,#6f6a43
592,39,#534c25
593,39,#575528
594,39,#5f5a32
595,39,#504d27
596,39,#5d572b
597,39,#716844
598,39,#635b36
599,39,#766e49
0,40,#555238
2,40,#58542d
3,40,#676039
4,40,#6a6242
5,40,#6b6448
6,40,#6c674f
7,40,#645c2c
8,40,#63602e
9,40,#615d2f
10,40,#5c592c
11,40,#514d21
12,40,#474b23
13,40,#5e5c3c
14,40,#2d2d15
15,40,#777364
20,40,#50623c
21,40,#66602b
22,40,#595b2b
23,40,#5c602d
24,40,#585b2a
25,40,#545c2d
26,40,#55582b
27,40,#565828
28,40,#494f26
29,40,#505429
30,40,#4b5226
31,40,#434c1b
32,40,#51562b
33,40,#4f562a
34,40,#50582b
35,40,#384517
36,40,#324015
37,40,#565e36
38,40,#324015
39,40,#333e13
40,40,#363f12
41,40,#434c21
42,40,#44481d
43,40,#3b4417
44,40,#3b4419
45,40,#3e471c
46,40,#41481e
47,40,#4f4f29
48,40,#3e451f
49,40,#222f09
50,40,#334219
51,40,#27360d
52,40,#2e390f
53,40,#3e451c
54,40,#323b13
55,40,#42471e
56,40,#3b4017
57,40,#2f360b
58,40,#303b10
59,40,#2e340e
60,40,#3c4a1a
61,40,#2f3e11
62,40,#314014
63,40,#26330b
64,40,#323917
65,40,#2f360c
66,40,#383a13
67,40,#494a23
68,40,#555a32
69,40,#3e441c
70,40,#333d12
71,40,#454d24
72,40,#2b3508
73,40,#2c380a
74,40,#364116
75,40,#414b1e
76,40,#40491c
77,40,#353c13
78,40,#3d451b
79,40,#343a10
80,40,#333f11
81,40,#323c12
82,40,#2c360b
83,40,#30380e
84,40,#353b14
85,40,#3c471a
86,40,#3b3f1a
87,40,#39411a
88,40,#323510
89,40,#343813
90,40,#403f20
91,40,#3d3c1e
92,40,#2f3410
93,40,#33350e
94,40,#333c08
95,40,#3c3d22
100,40,#23262b
101,40,#3f4329
102,40,#313730
103,40,#3b3b21
104,40,#3c3d1c
105,40,#3a3c17
106,40,#3d3e1e
107,40,#474829
108,40,#3c3d1d
109,40,#3a3919
110,40,#36361d
111,40,#3c3b1d
112,40,#3b3929
113,40,#494427
114,40,#484535
115,40,#383521
116,40,#43412b
117,40,#484726
118,40,#504c31
119,40,#504b2d
120,40,#4b4a2b
121,40,#494627
122,40,#4e4929
123,40,#4b4525
124,40,#4e4828
125,40,#423b1e
126,40,#4e4828
127,40,#4f4926
128,40,#544b2e
129,40,#4a401b
130,40,#585230
131,40,#4f482c
132,40,#4e4b24
133,40,#57532f
134,40,#46411b
135,40,#2b2410
136,40,#4c4727
137,40,#494229
138,40,#484524
139,40,#59502e
140,40,#574d2a
141,40,#5c502e
142,40,#574d2c
143,40,#59513a
144,40,#524c36
145,40,#59513a
146,40,#4f4730
147,40,#575035
148,40,#595238
149,40,#585039
150,40,#373034
151,40,#1f1a27
152,40,#524c2f
153,40,#4d482b
154,40,#514d30
155,40,#505232
157,40,#787b4a
158,40,#505531
160,40,#626658
169,40,#0b3037
170,40,#062d24
171,40,#092f2d
172,40,#063c4a
173,40,#1b5c66
174,40,#115b64
175,40,#0f6264
176,40,#59a896
177,40,#5c5226
178,40,#665b2e
179,40,#86774a
180,40,#554e35
181,40,#594f30
182,40,#63593f
183,40,#514630
184,40,#4f452c
185,40,#4a4530
186,40,#494635
187,40,#2c2e2a
191,40,#696c4f
192,40,#60573f
193,40,#8a8c76
194,40,#636850
195,40,#56524f
211,40,#31372b
212,40,#f1f8f7
213,40,#484a3e
214,40,#605e43
215,40,#4e513a
216,40,#fcfcf8
217,40,#fbfbfb
218,40,#fefefe
219,40,#ffffff
220,40,#fefefe
221,40,#fdfdfd
222,40,#ffffff
223,40,#ffffff
224,40,#ffffff
225,40,#fcfcfc
226,40,#fafafa
227,40,#fcfcfc
228,40,#fbfbfb
229,40,#f7f7f7
230,40,#f7f7f7
231,40,#f9fbf9
232,40,#fbfaf7
233,40,#dbdddf
234,40,#d1d9e1
235,40,#bcc5b7
236,40,#6b756e
237,40,#595c5b
238,40,#535b5a
260,40,#333621
261,40,#55513a
262,40,#69653c
263,40,#424414
264,40,#0e0e19
266,40,#4d542c
267,40,#414920
268,40,#b9b39c
269,40,#474f2e
270,40,#515127
271,40,#4c4e22
272,40,#4c4421
273,40,#625b3a
274,40,#585329
275,40,#676f55
276,40,#15182c
319,40,#121b1f
320,40,#091b0d
321,40,#50532f
322,40,#465023
323,40,#3e4b23
324,40,#414a1d
325,40,#2e390e
326,40,#334015
327,40,#2b3a0f
328,40,#2d3911
329,40,#222c0d
330,40,#151e07
331,40,#252f0b
332,40,#263106
333,40,#283309
334,40,#26320a
335,40,#273906
336,40,#273708
337,40,#0b1207
338,40,#14191a
339,40,#0c1211
340,40,#090e10
341,40,#2d3818
342,40,#2e3b0e
343,40,#2b310d
344,40,#2e360d
345,40,#30380f
346,40,#2e3a12
347,40,#303b11
348,40,#28320e
349,40,#273013
350,40,#263011
351,40,#24300c
352,40,#121916
353,40,#0f1419
354,40,#1d2608
355,40,#1d260b
356,40,#272c0c
357,40,#2d350a
367,40,#2f3614
368,40,#30380f
369,40,#303612
370,40,#29340b
371,40,#263106
372,40,#2a2b09
373,40,#292d09
374,40,#2d350c
375,40,#2d380d
376,40,#333511
377,40,#31330d
378,40,#323311
379,40,#30350d
380,40,#30380f
381,40,#27370a
382,40,#2d3d10
383,40,#2f3c10
384,40,#333e13
385,40,#303c11
386,40,#243508
387,40,#27360d
388,40,#1c2e03
389,40,#293e0f
390,40,#273a07
391,40,#253707
392,40,#263a06
393,40,#293b0b
394,40,#29380c
395,40,#27320a
396,40,#2a3a0a
397,40,#30430d
398,40,#2f3f0e
399,40,#28380b
400,40,#2c3d0e
401,40,#3c4917
402,40,#4d592c
403,40,#535c31
404,40,#4b4e26
405,40,#30390e
406,40,#343d12
407,40,#293610
408,40,#212e13
409,40,#313b12
410,40,#222d07
411,40,#363b13
412,40,#32370f
413,40,#3d3d18
414,40,#414520
415,40,#42421b
416,40,#454720
417,40,#3d4518
418,40,#373f0e
419,40,#41461d
420,40,#39401a
421,40,#2b2c0a
422,40,#42491c
423,40,#40461a
424,40,#44411a
425,40,#3a3513
426,40,#4b4922
427,40,#3c3613
428,40,#3e3e17
429,40,#33310d
430,40,#262b07
431,40,#26320a
432,40,#344310
433,40,#3b4a18
434,40,#3b4b18
435,40,#33430e
436,40,#384019
437,40,#374417
438,40,#354514
439,40,#2e440c
440,40,#2c400b
441,40,#314311
442,40,#2f3f10
443,40,#2c3e0e
444,40,#2f4111
445,40,#2e4210
446,40,#1d2d0a
447,40,#263909
448,40,#354419
449,40,#344113
450,40,#30420e
451,40,#314110
452,40,#414f1e
453,40,#3a4b17
454,40,#344611
455,40,#334712
456,40,#475824
457,40,#3a4817
458,40,#364413
459,40,#394716
460,40,#364212
461,40,#344010
462,40,#40491a
463,40,#384114
464,40,#3f481d
465,40,#3d4a1c
466,40,#3c481a
467,40,#3b4719
468,40,#414d1d
469,40,#455120
470,40,#4a5223
471,40,#495024
472,40,#3c4718
473,40,#333f0f
474,40,#384416
475,40,#3c4819
476,40,#464d24
477,40,#444a1e
478,40,#484f23
479,40,#484f23
480,40,#4a5127
481,40,#42471e
482,40,#42471e
483,40,#4b5027
484,40,#43481f
485,40,#464b22
486,40,#474b20
487,40,#464b21
488,40,#494e25
489,40,#474c23
490,40,#3e461a
491,40,#42451d
492,40,#494b20
493,40,#455120
494,40,#404d18
495,40,#31420e
496,40,#394a16
497,40,#334910
498,40,#354811
499,40,#3c4e1a
500,40,#3a4d16
501,40,#394b14
502,40,#3a4417
503,40,#33330e
504,40,#41411d
505,40,#354111
506,40,#29370a
507,40,#353c13
508,40,#384a18
509,40,#3d481d
510,40,#3a451a
511,40,#3d451e
512,40,#303a10
513,40,#333514
514,40,#373617
515,40,#4e4a27
516,40,#504c24
517,40,#4c4c1f
518,40,#504e25
519,40,#41431b
520,40,#43411a
521,40,#434a20
522,40,#4b4c25
523,40,#484820
524,40,#514d27
525,40,#44451b
526,40,#474820
527,40,#34370f
528,40,#4b4d25
529,40,#474820
530,40,#43441a
531,40,#44421c
532,40,#514f2a
533,40,#605d3a
534,40,#3f391f
535,40,#4f4b31
536,40,#4c492a
537,40,#393617
538,40,#3f431e
539,40,#43451b
540,40,#474c1e
541,40,#515327
542,40,#4d4b1a
543,40,#434512
544,40,#515027
545,40,#57532c
546,40,#515226
547,40,#495322
548,40,#3e4519
549,40,#3a4618
550,40,#3f4a1f
551,40,#364116
552,40,#3e5020
553,40,#3e471c
554,40,#464d23
555,40,#394016
556,40,#41431b
557,40,#414619
558,40,#484c1f
559,40,#54552b
560,40,#494b23
561,40,#434118
562,40,#38390f
563,40,#41481c
564,40,#4b4e23
565,40,#3b4415
566,40,#3e3f17
567,40,#524f2e
568,40,#4e4b28
569,40,#403e17
570,40,#413e15
571,40,#3e3a15
572,40,#504a26
573,40,#565126
574,40,#635b37
575,40,#59572b
576,40,#504a28
577,40,#5a5535
578,40,#4f4c26
579,40,#494720
580,40,#53532e
581,40,#4e4f27
582,40,#464b1d
583,40,#505427
584,40,#4f5223
585,40,#565827
586,40,#58562a
587,40,#47491a
588,40,#494818
589,40,#5b5928
590,40,#656433
591,40,#4f4f27
592,40,#4a4b23
593,40,#555426
594,40,#56542b
595,40,#565326
596,40,#585427
597,40,#51501f
598,40,#5f5a22
599,40,#5f5733
0,41,#3b3d35
7,41,#63573d
8,41,#68603c
9,41,#847856
10,41,#605c31
11,41,#605a36
12,41,#475225
21,41,#0c2827
22,41,#61632c
23,41,#30310f
24,41,#353c12
25,41,#4b5226
26,41,#57592f
27,41,#4f4f25
28,41,#4c4c28
29,41,#424a17
30,41,#414b1a
31,41,#404d22
32,41,#3f4b1c
33,41,#414c1e
34,41,#495127
35,41,#404d21
36,41,#293b11
37,41,#373f1d
38,41,#323a13
39,41,#3e471c
40,41,#364116
41,41,#333a11
42,41,#464b23
43,41,#373f18
44,41,#353916
45,41,#313914
46,41,#303c14
47,41,#293a0d
48,41,#2f3b0f
49,41,#2f4012
50,41,#2b370f
51,41,#2f3b13
52,41,#22370c
53,41,#28360f
54,41,#252f0c
55,41,#26320c
56,41,#2d3711
57,41,#3a3f1c
58,41,#40441f
59,41,#404620
60,41,#454626
61,41,#313512
62,41,#2b370d
63,41,#303b13
64,41,#2a330f
65,41,#2a2e09
66,41,#404119
67,41,#423f11
68,41,#555428
69,41,#4c4a23
70,41,#544e2a
71,41,#484522
72,41,#65613f
73,41,#5a5734
74,41,#514e27
75,41,#4a4a24
76,41,#44431d
77,41,#423f1c
78,41,#615e38
79,41,#7d7953
80,41,#4d4725
81,41,#4e4c26
82,41,#55512d
83,41,#504c2a
84,41,#645f40
85,41,#3b3c17
86,41,#3d3c16
87,41,#2d350a
88,41,#2d370d
89,41,#373f1a
90,41,#313912
91,41,#3c401b
92,41,#393a13
93,41,#43401d
94,41,#191716
97,41,#313810
98,41,#1d1d21
99,41,#211f2f
100,41,#434821
101,41,#2e2f0f
102,41,#121212
103,41,#212904
104,41,#343a19
105,41,#2e320f
106,41,#3a3d1e
107,41,#45431e
108,41,#343413
109,41,#45482b
110,41,#393b18
111,41,#48462e
112,41,#211f0d
113,41,#454627
114,41,#41402b
115,41,#454928
116,41,#434629
117,41,#333522
118,41,#3f3f25
119,41,#47462a
120,41,#434223
121,41,#545132
122,41,#4c492a
123,41,#4a4525
124,41,#4e4826
125,41,#504a26
126,41,#514827
127,41,#4a4221
128,41,#4d4425
129,41,#382d16
130,41,#4c4324
131,41,#4a4120
132,41,#4e442a
133,41,#585029
134,41,#544b2b
135,41,#544628
136,41,#4c4422
137,41,#423e24
138,41,#49422f
139,41,#363216
140,41,#4a4735
141,41,#423b24
142,41,#584f30
143,41,#524b2f
144,41,#4d4634
145,41,#504a32
146,41,#565038
147,41,#50472c
148,41,#554b32
149,41,#554a34
150,41,#514732
151,41,#564c37
152,41,#58533f
153,41,#554e31
154,41,#4f4d2b
156,41,#574f43
157,41,#b9a776
158,41,#604f39
159,41,#5f5554
160,41,#454437
169,41,#102131
170,41,#202f2f
171,41,#615334
172,41,#52492a
173,41,#575835
174,41,#594a2f
175,41,#524b2a
176,41,#4e5230
177,41,#bdb26d
178,41,#9f9054
179,41,#83714b
180,41,#585a3b
181,41,#25202d
182,41,#5b5335
183,41,#554b32
184,41,#5b5138
185,41,#595136
186,41,#615640
187,41,#504a2d
188,41,#262722
192,41,#191e19
193,41,#5b5546
212,41,#111a11
213,41,#53502c
214,41,#403b1e
215,41,#625d50
216,41,#292622
217,41,#fefefe
218,41,#fefefe
219,41,#ffffff
220,41,#ffffff
221,41,#ffffff
222,41,#ffffff
223,41,#ffffff
224,41,#ffffff
225,41,#ffffff
226,41,#fefefe
227,41,#fdfdfd
228,41,#f7f7f7
229,41,#fafafa
230,41,#f7f9f6
231,41,#dcdbe2
232,41,#dae6ee
233,41,#546679
262,41,#393529
263,41,#1c230c
264,41,#555a1f
265,41,#54521d
266,41,#534b22
267,41,#5d532e
268,41,#4f441b
269,41,#6e623d
270,41,#7c6e4e
271,41,#4d462c
272,41,#5f543a
273,41,#514a29
274,41,#4c4822
275,41,#4d4734
276,41,#adafa5
319,41,#11141e
320,41,#131f07
321,41,#4f5028
322,41,#505724
323,41,#646c3b
324,41,#444f23
325,41,#536438
326,41,#23320c
327,41,#243114
328,41,#293511
329,41,#2c370e
330,41,#29340f
331,41,#253107
332,41,#2d360e
333,41,#2d3810
334,41,#2b380d
335,41,#29360a
342,41,#2a3909
343,41,#2d350e
344,41,#2e390f
345,41,#2f3a12
346,41,#26350a
347,41,#2d3914
348,41,#1c2808
349,41,#29350e
350,41,#263307
351,41,#192211
352,41,#1e280b
353,41,#253208
354,41,#283114
355,41,#2c370e
356,41,#313712
357,41,#26291a
359,41,#13181c
361,41,#111722
367,41,#28340c
368,41,#253109
369,41,#2f3a12
370,41,#263109
371,41,#28370c
372,41,#363b12
373,41,#32390d
374,41,#303809
375,41,#333a0e
376,41,#373e12
377,41,#383d12
378,41,#353b15
379,41,#2a360e
380,41,#2c3810
381,41,#27380c
382,41,#243508
383,41,#2a3b0e
384,41,#27380b
385,41,#243509
386,41,#223306
387,41,#2b3809
388,41,#2f3d0d
389,41,#324010
390,41,#283508
391,41,#283809
392,41,#31420f
393,41,#2f400c
394,41,#314110
395,41,#2f4016
396,41,#28380b
397,41,#2a3c0a
398,41,#28380a
399,41,#4c572d
400,41,#52552f
401,41,#494a23
402,41,#41491f
403,41,#354114
404,41,#344112
405,41,#313e10
406,41,#364013
407,41,#2c3c16
408,41,#293c10
409,41,#2c3b12
410,41,#2d3209
411,41,#303510
412,41,#3a4416
413,41,#363d11
414,41,#373c13
415,41,#35380b
416,41,#3a4213
417,41,#3f4417
418,41,#474920
419,41,#41421a
420,41,#3c3e16
421,41,#33380f
422,41,#545930
423,41,#474e25
424,41,#3a3a16
425,41,#3c3815
426,41,#3e3e1a
427,41,#373511
428,41,#323510
429,41,#37391c
430,41,#55582b
431,41,#3c401a
432,41,#3f491d
433,41,#3b451a
434,41,#3c461b
435,41,#29350e
436,41,#242e0c
437,41,#263308
438,41,#324410
439,41,#2d460c
440,41,#2f480f
441,41,#2e450f
442,41,#2d3b0c
443,41,#374416
444,41,#2e3a10
445,41,#334310
446,41,#273a0d
447,41,#283c06
448,41,#354612
449,41,#394618
450,41,#384414
451,41,#3b4918
452,41,#3c4913
453,41,#404c1a
454,41,#3e4c1b
455,41,#344511
456,41,#30440f
457,41,#31440f
458,41,#3d4e1a
459,41,#374512
460,41,#3a4a19
461,41,#394415
462,41,#455121
463,41,#3b4717
464,41,#3d4919
465,41,#434c1f
466,41,#3d4619
467,41,#384511
468,41,#334110
469,41,#3a4719
470,41,#3c4b1c
471,41,#404e1b
472,41,#414b16
473,41,#404d18
474,41,#3d4b18
475,41,#384517
476,41,#3d4917
477,41,#40491a
478,41,#3c4516
479,41,#3e4718
480,41,#3c4c18
481,41,#404e1d
482,41,#484f23
483,41,#444b1f
484,41,#3f461a
485,41,#3a4817
486,41,#3e4a1a
487,41,#424a1b
488,41,#424a1b
489,41,#434b1c
490,41,#3b481c
491,41,#3e4b1e
492,41,#384419
493,41,#3d491b
494,41,#3a4815
495,41,#435420
496,41,#364713
497,41,#364814
498,41,#364514
499,41,#394617
500,41,#34470f
501,41,#324a0f
502,41,#2c4209
503,41,#3a4616
504,41,#4b4822
505,41,#4b4923
506,41,#3a401a
507,41,#35350f
508,41,#424b22
509,41,#313f11
510,41,#3c491b
511,41,#404b21
512,41,#3b4a16
513,41,#3e441a
514,41,#4d4f28
515,41,#575330
516,41,#55512b
517,41,#505323
518,41,#504f22
519,41,#4e4f27
520,41,#484921
521,41,#41431b
522,41,#4c4a20
523,41,#494a20
524,41,#4a4a24
525,41,#45461e
526,41,#42431b
527,41,#43461b
528,41,#4e4f25
529,41,#4b4920
530,41,#4f4d24
531,41,#54522b
532,41,#48461d
533,41,#4b4921
534,41,#524e2c
535,41,#56542d
536,41,#5c593a
537,41,#3b3a1c
538,41,#464727
539,41,#504b2b
540,41,#504a29
541,41,#524c2b
542,41,#4b4425
543,41,#888571
544,41,#4b4e28
545,41,#41431a
546,41,#5d5934
547,41,#454821
548,41,#3d3f18
549,41,#445020
550,41,#454820
551,41,#3c3f17
552,41,#3b4818
553,41,#384517
554,41,#3e471c
555,41,#40461a
556,41,#394215
557,41,#434e24
558,41,#495227
559,41,#3e4718
560,41,#42491d
561,41,#41431b
562,41,#373f14
563,41,#42471c
564,41,#3b3e13
565,41,#45481b
566,41,#47481e
567,41,#3f421a
568,41,#373810
569,41,#47451c
570,41,#4f4b26
571,41,#524e28
572,41,#4c4a25
573,41,#595829
574,41,#504d21
575,41,#57522c
576,41,#4a4721
577,41,#464a22
578,41,#4d4f27
579,41,#454d1d
580,41,#4b5721
581,41,#414918
582,41,#51582a
583,41,#464c1c
584,41,#555a27
585,41,#353f0b
586,41,#414a16
587,41,#4b521f
588,41,#4c5320
589,41,#3c4310
590,41,#595727
591,41,#514b1f
592,41,#59542c
593,41,#59562f
594,41,#515228
595,41,#4a4c1d
596,41,#5f5a2b
597,41,#60562e
598,41,#564925
599,41,#564d25
10,42,#5a584a
11,42,#77785a
12,42,#2f323a
23,42,#08171c
24,42,#111622
28,42,#2a3031
31,42,#505a33
32,42,#4a5224
33,42,#424e1c
34,42,#434b1e
35,42,#293b0b
36,42,#2d390f
37,42,#434c21
38,42,#343c16
39,42,#2f3911
40,42,#293a10
41,42,#28370e
42,42,#343d12
43,42,#29320b
44,42,#313910
45,42,#2b360d
46,42,#324014
47,42,#2a3a0f
48,42,#2a330f
49,42,#333f1a
50,42,#3d491f
51,42,#38411a
52,42,#2f3a0e
53,42,#2c370f
54,42,#212c0b
55,42,#1f2d0b
56,42,#242f0d
57,42,#2c350a
58,42,#353a17
59,42,#3d3f1e
60,42,#4f4f2e
61,42,#313610
62,42,#31370f
63,42,#383e15
64,42,#31370f
65,42,#2a350d
66,42,#363c18
67,42,#3e411c
68,42,#444722
69,42,#41441e
70,42,#4b5429
71,42,#3c431a
72,42,#3c4316
73,42,#576136
74,42,#2f340f
75,42,#495029
76,42,#3a4017
77,42,#43491f
78,42,#373a13
79,42,#44451d
80,42,#484921
81,42,#8f8a6a
82,42,#615b3b
83,42,#6a6140
84,42,#3f3613
85,42,#5a522e
86,42,#5d5535
87,42,#6b6241
88,42,#4e4c29
89,42,#33360f
90,42,#4a4c25
91,42,#2a340f
92,42,#343b0e
93,42,#3b3e17
94,42,#3f3d15
95,42,#37340f
96,42,#383411
97,42,#2e2e0c
98,42,#393516
99,42,#2d3211
100,42,#3a3e18
101,42,#2a2b0c
102,42,#464a21
103,42,#32331b
104,42,#2f3619
105,42,#353e18
106,42,#293015
107,42,#3d4223
108,42,#3e4021
109,42,#40401e
110,42,#40401f
111,42,#434222
112,42,#464528
113,42,#434121
114,42,#413c1c
115,42,#2e271e
116,42,#3f3a25
117,42,#3a341f
118,42,#3e3a1c
119,42,#403f21
120,42,#3e3f1e
121,42,#424321
122,42,#484326
123,42,#4d4826
124,42,#4e4824
125,42,#4e4924
126,42,#534b26
127,42,#4d4520
128,42,#524a26
129,42,#473f1b
130,42,#48401a
131,42,#4f4521
132,42,#544b26
133,42,#504529
134,42,#51462b
135,42,#2c242a
136,42,#4d4420
137,42,#403719
138,42,#4b4323
139,42,#464221
140,42,#434427
141,42,#4e4c2e
142,42,#514b2e
143,42,#4d4629
144,42,#53492a
145,42,#504829
146,42,#4e452a
147,42,#534e36
148,42,#534d39
149,42,#514f2f
150,42,#64624b
151,42,#605a41
152,42,#594d33
153,42,#323133
156,42,#676431
157,42,#8f8a55
158,42,#6a6632
159,42,#5b492f
160,42,#5d552f
161,42,#68583b
162,42,#55422b
163,42,#60584f
170,42,#5b5b4b
171,42,#565132
172,42,#565639
173,42,#50524c
174,42,#171a26
175,42,#4e5047
176,42,#343633
177,42,#464630
178,42,#585431
179,42,#5f5337
180,42,#595132
181,42,#7e7646
182,42,#95895c
183,42,#51441f
184,42,#665b3f
185,42,#6e6344
186,42,#615541
187,42,#897f58
188,42,#6a5b43
189,42,#7f7867
190,42,#cfd2d1
191,42,#5a6765
213,42,#4c4b26
214,42,#3b4239
215,42,#2b3025
216,42,#42412f
217,42,#b9b9b9
218,42,#ffffff
219,42,#ffffff
220,42,#ffffff
221,42,#ffffff
222,42,#ffffff
223,42,#ffffff
224,42,#ffffff
225,42,#ffffff
226,42,#ffffff
227,42,#faf8fb
228,42,#fcfcfc
229,42,#f7faf7
230,42,#aeb0ab
231,42,#e7eff2
263,42,#434c25
264,42,#4d4b21
265,42,#4e4323
266,42,#5a5736
267,42,#5f5432
268,42,#4c4630
269,42,#9e9a93
270,42,#fdfeff
271,42,#fbfdfb
272,42,#fcfdf9
273,42,#d4d4d1
274,42,#3a3f16
275,42,#39412f
317,42,#282d1a
318,42,#24320f
319,42,#222e09
320,42,#2b3a16
321,42,#3a4216
322,42,#2a370d
323,42,#2b3711
324,42,#232f0a
325,42,#1e2e0b
326,42,#303d1a
327,42,#2e3e11
328,42,#27340a
329,42,#2e3911
330,42,#2b360c
331,42,#28340d
332,42,#283906
333,42,#253310
334,42,#24320e
335,42,#29361e
340,42,#2d3e17
341,42,#27380b
342,42,#2a390b
343,42,#2a3815
344,42,#253314
345,42,#232f22
346,42,#21310b
347,42,#283807
348,42,#22300c
349,42,#223108
350,42,#162309
351,42,#253011
352,42,#1e2810
353,42,#293212
354,42,#363f15
355,42,#243112
356,42,#243307
357,42,#2e350b
358,42,#1b1a1e
359,42,#0f101d
362,42,#1d281b
363,42,#2d3f12
364,42,#28310b
365,42,#263108
366,42,#212e08
367,42,#28390e
368,42,#25360b
369,42,#203009
370,42,#29390c
371,42,#2a3911
372,42,#2d360b
373,42,#333d12
374,42,#354214
375,42,#28390c
376,42,#2f3b0f
377,42,#2f3d0c
378,42,#1e2b0d
379,42,#1f310b
380,42,#2e3e12
381,42,#283206
382,42,#253809
383,42,#223807
384,42,#2a4212
385,42,#263909
386,42,#28390c
387,42,#2b4011
388,42,#283b0d
389,42,#26390b
390,42,#283b0d
391,42,#2b3d0d
392,42,#2e3d0c
393,42,#304213
394,42,#22380c
395,42,#1d3309
396,42,#293a10
397,42,#253d0d
398,42,#4b582a
399,42,#2f3e13
400,42,#26370a
401,42,#253609
402,42,#2d3e0b
403,42,#344413
404,42,#323f12
405,42,#374314
406,42,#2f3d12
407,42,#30420b
408,42,#293c0d
409,42,#172706
410,42,#233310
411,42,#2b3f0b
412,42,#313d10
413,42,#323b10
414,42,#363d13
415,42,#3b4512
416,42,#36400e
417,42,#373e15
418,42,#363a12
419,42,#3e3f18
420,42,#262c09
421,42,#313210
422,42,#413f1c
423,42,#31310f
424,42,#3c3e1e
425,42,#43421b
426,42,#36350f
427,42,#32330d
428,42,#353715
429,42,#42461b
430,42,#262b0b
431,42,#2a2c11
432,42,#293a0e
433,42,#333f14
434,42,#2a3b0f
435,42,#314414
436,42,#314316
437,42,#2c450b
438,42,#2d460d
439,42,#2e440d
440,42,#334316
441,42,#324215
442,42,#283a09
443,42,#2a390a
444,42,#394318
445,42,#2a3411
446,42,#2b3c0c
447,42,#273908
448,42,#2c3d09
449,42,#3b4916
450,42,#324213
451,42,#334314
452,42,#334211
453,42,#334312
454,42,#324411
455,42,#2d440c
456,42,#2d440e
457,42,#2d440e
458,42,#2c420c
459,42,#273a07
460,42,#334511
461,42,#374615
462,42,#354514
463,42,#344314
464,42,#3b4916
465,42,#394310
466,42,#3c4a19
467,42,#3a4717
468,42,#354311
469,42,#3a4d16
470,42,#384b14
471,42,#3c4d19
472,42,#394a16
473,42,#374613
474,42,#3c4a17
475,42,#364615
476,42,#3c4a16
477,42,#384817
478,42,#354713
479,42,#394a13
480,42,#3a4816
481,42,#3a4817
482,42,#374b0d
483,42,#374614
484,42,#34440d
485,42,#32430e
486,42,#3a440f
487,42,#434b1a
488,42,#3d4917
489,42,#364713
490,42,#364a13
491,42,#3d4e1a
492,42,#384915
493,42,#2f450f
494,42,#2f400c
495,42,#324311
496,42,#334613
497,42,#2d440c
498,42,#344911
499,42,#344710
500,42,#30420e
501,42,#404012
502,42,#3c4914
503,42,#31400e
504,42,#29450c
505,42,#3b4213
506,42,#3e4119
507,42,#41441e
508,42,#3d451c
509,42,#252d04
510,42,#393e15
511,42,#434c23
512,42,#4a522b
513,42,#464921
514,42,#394019
515,42,#3d441d
516,42,#3a3e1d
517,42,#373f17
518,42,#393f1a
519,42,#444827
520,42,#424420
521,42,#4c4829
522,42,#403d1f
523,42,#535131
524,42,#4d4e28
525,42,#44461e
526,42,#383a14
527,42,#44461d
528,42,#4d4c22
529,42,#504d22
530,42,#545126
531,42,#4e4c23
532,42,#49461d
533,42,#53512a
534,42,#4b4923
535,42,#45461c
536,42,#3d4317
537,42,#404316
538,42,#40451c
539,42,#484422
540,42,#393d13
541,42,#3e4512
542,42,#4c4c1f
543,42,#565224
544,42,#62582d
545,42,#625d36
546,42,#4e5224
547,42,#494f1e
548,42,#474d1f
549,42,#40481c
550,42,#374415
551,42,#4b5228
552,42,#304214
553,42,#3c461a
554,42,#40471b
555,42,#3f481d
556,42,#364317
557,42,#3c4819
558,42,#464d23
559,42,#454a21
560,42,#2f3108
561,42,#2b320a
562,42,#434919
563,42,#56542c
564,42,#4d4e22
565,42,#544c28
566,42,#4b4521
567,42,#4f5127
568,42,#44451d
569,42,#45481d
570,42,#4c4d25
571,42,#4e4f27
572,42,#484d21
573,42,#424619
574,42,#464b1e
575,42,#414816
576,42,#464e1b
577,42,#4f5328
578,42,#454e20
579,42,#484f21
580,42,#464d23
581,42,#4e5725
582,42,#48531c
583,42,#45521c
584,42,#384511
585,42,#454e1a
586,42,#48531f
587,42,#505a25
588,42,#44511b
589,42,#434a17
590,42,#2d390f
591,42,#515529
592,42,#4a4e24
593,42,#42491f
594,42,#55582d
595,42,#4d4c1d
596,42,#505526
597,42,#1e2824
23,43,#0a3131
24,43,#093530
25,43,#113b2e
26,43,#011325
32,43,#444e1b
33,43,#354314
34,43,#323a14
35,43,#313c12
36,43,#454926
37,43,#394116
38,43,#2e3511
39,43,#353c18
40,43,#353e13
41,43,#30390e
42,43,#2e370c
43,43,#3b431c
44,43,#30380f
45,43,#373d19
46,43,#303811
47,43,#313d13
48,43,#323c17
49,43,#313911
50,43,#404b1f
51,43,#3f4d20
52,43,#555b31
53,43,#414523
54,43,#4b4f2e
55,43,#3b411f
56,43,#383e18
57,43,#3e4715
58,43,#29330a
59,43,#232f10
60,43,#232b06
61,43,#313711
62,43,#2a2f0a
63,43,#383e18
64,43,#3b411b
65,43,#343f14
66,43,#384017
67,43,#253109
68,43,#2d3911
69,43,#2c3810
70,43,#374017
71,43,#3b4219
72,43,#29330c
73,43,#222c08
74,43,#2f3513
75,43,#212c07
76,43,#272f07
77,43,#2f390f
78,43,#353f1a
79,43,#333d14
80,43,#3f431a
81,43,#3e3f13
82,43,#495125
83,43,#3d3f1a
84,43,#5c5634
85,43,#5b5734
86,43,#4c4528
87,43,#635d3b
88,43,#575330
89,43,#2e2e0b
90,43,#40471e
91,43,#31380f
92,43,#41411c
93,43,#363b11
94,43,#31351a
95,43,#393d15
96,43,#3a3d0f
97,43,#26280a
98,43,#383313
99,43,#2c2d0b
100,43,#393f1d
101,43,#3d3e1f
102,43,#3a3b0f
103,43,#3f4019
104,43,#20280c
105,43,#2f330e
106,43,#313415
107,43,#353a19
108,43,#323615
109,43,#3e3f1d
110,43,#323313
111,43,#323313
112,43,#3e3e19
113,43,#38381a
114,43,#2a2c1b
115,43,#342f1b
116,43,#342f1d
117,43,#32311c
118,43,#3b3b1e
119,43,#3a3b1e
120,43,#4e4c36
121,43,#393725
122,43,#484322
123,43,#46421d
124,43,#4d4822
125,43,#4e4921
126,43,#4f481f
127,43,#574c2e
128,43,#534926
129,43,#5a502c
130,43,#4d432a
131,43,#474220
132,43,#494626
133,43,#39361b
134,43,#423f27
135,43,#3a3925
136,43,#312829
137,43,#443e22
138,43,#4c4728
139,43,#3f391f
140,43,#44401c
141,43,#403c19
142,43,#554d2b
143,43,#50492c
144,43,#4b462b
145,43,#3f3a1c
146,43,#4a442c
147,43,#4f4c36
148,43,#484422
149,43,#484827
154,43,#0c101a
155,43,#655c30
156,43,#4b5325
157,43,#5b5e20
158,43,#948257
159,43,#a29765
160,43,#96926e
162,43,#606148
163,43,#a39a73
164,43,#c3b58e
165,43,#55512f
178,43,#11131b
179,43,#424530
180,43,#565637
181,43,#5d5339
182,43,#6c6245
183,43,#655b3f
184,43,#63593e
185,43,#575433
186,43,#534f37
187,43,#6f6648
188,43,#6b5d3d
189,43,#58543a
190,43,#cdc9c2
191,43,#91938b
192,43,#171b1f
213,43,#071022
214,43,#3f4234
215,43,#a5a79b
216,43,#403f30
217,43,#fcfcfc
218,43,#ffffff
219,43,#ffffff
220,43,#ffffff
221,43,#ffffff
222,43,#ffffff
223,43,#ffffff
224,43,#ffffff
225,43,#ffffff
226,43,#ffffff
227,43,#fcfcfe
228,43,#f6f6f6
229,43,#f5f3f4
230,43,#9ca0a4
231,43,#f0f9f7
262,43,#2d302a
263,43,#23261f
264,43,#1e2117
265,43,#40571c
266,43,#475022
267,43,#2d290d
268,43,#41401e
269,43,#404316
270,43,#32361c
271,43,#242426
314,43,#151a24
316,43,#222c16
317,43,#2c3810
318,43,#15220e
319,43,#2c3b10
320,43,#3f4516
321,43,#2b2f16
322,43,#3c491a
323,43,#283317
324,43,#232f08
325,43,#283812
326,43,#2a3815
327,43,#213208
328,43,#27360d
329,43,#29350f
330,43,#26350e
331,43,#243008
332,43,#25340f
333,43,#324212
334,43,#121920
337,43,#0a0c1e
338,43,#303d14
339,43,#2b3a0e
340,43,#2c3c0f
341,43,#29390d
342,43,#26350a
343,43,#2c3b10
344,43,#2c3c0a
345,43,#2b380c
346,43,#202b0a
347,43,#2e3e0f
348,43,#233206
349,43,#293712
350,43,#273614
351,43,#0f1b08
352,43,#263307
353,43,#2c390f
354,43,#303c16
355,43,#11170b
356,43,#2d3714
357,43,#1d2a10
358,43,#1a2913
359,43,#2a3b0c
360,43,#273510
361,43,#293618
362,43,#21281d
363,43,#212f10
364,43,#283a09
365,43,#253808
366,43,#334316
367,43,#26370b
368,43,#243509
369,43,#2b3c10
370,43,#233208
371,43,#26350c
372,43,#223305
373,43,#2f3c0e
374,43,#323e0e
375,43,#1e2804
376,43,#1d2b08
377,43,#1d2c0c
378,43,#27380d
379,43,#21330b
380,43,#21330d
381,43,#26370b
382,43,#2e3d12
383,43,#233209
384,43,#23320b
385,43,#27360d
386,43,#2d3a0e
387,43,#293c0e
388,43,#273a0c
389,43,#273a0c
390,43,#273a0c
391,43,#273909
392,43,#2a3b0f
393,43,#29390c
394,43,#293507
395,43,#2e3b0d
396,43,#213209
397,43,#22360a
398,43,#4d5d30
399,43,#24350b
400,43,#28390c
401,43,#293910
402,43,#2d3b15
403,43,#2e3b11
404,43,#333f11
405,43,#2f3e12
406,43,#2f4212
407,43,#28340c
408,43,#29380d
409,43,#1b2b06
410,43,#273209
411,43,#2c360f
412,43,#343b13
413,43,#2c330c
414,43,#363c15
415,43,#212807
416,43,#3b4219
417,43,#2d310c
418,43,#303413
419,43,#272a0e
420,43,#2c3210
421,43,#333414
422,43,#3a3b1b
423,43,#323112
424,43,#484325
425,43,#363719
426,43,#1f1e03
427,43,#333315
428,43,#22220a
429,43,#282a0d
430,43,#323918
431,43,#282f0e
432,43,#2d380c
433,43,#2f3a0f
434,43,#222d05
435,43,#2c380a
436,43,#2b350f
437,43,#283508
438,43,#2d3a0e
439,43,#2f3a10
440,43,#354113
441,43,#344012
442,43,#2e3c10
443,43,#29390d
444,43,#27330b
445,43,#1f250f
446,43,#2e3f10
447,43,#2b3c0f
448,43,#2b3c0f
449,43,#2a3b0e
450,43,#283b0b
451,43,#2a3d0d
452,43,#283a08
453,43,#324412
454,43,#364816
455,43,#394c15
456,43,#374915
457,43,#394f19
458,43,#2b3f0a
459,43,#314311
460,43,#2b3d0d
461,43,#2d3d10
462,43,#2e400f
463,43,#29390a
464,43,#31420e
465,43,#2d410a
466,43,#3e4f1b
467,43,#32430f
468,43,#364713
469,43,#394b17
470,43,#34450f
471,43,#434f1d
472,43,#3c4f18
473,43,#32430d
474,43,#374812
475,43,#384b14
476,43,#354612
477,43,#374a12
478,43,#32450e
479,43,#384817
480,43,#344612
481,43,#324410
482,43,#364814
483,43,#3a4817
484,43,#37460f
485,43,#41491a
486,43,#3c4819
487,43,#434d1a
488,43,#434f1d
489,43,#3c4818
490,43,#364411
491,43,#374b16
492,43,#2e4710
493,43,#2b440d
494,43,#324913
495,43,#2f480f
496,43,#30470f
497,43,#274009
498,43,#2a410b
499,43,#324611
500,43,#2a4109
501,43,#2e440c
502,43,#314410
503,43,#515d2f
504,43,#364912
505,43,#44541e
506,43,#2d400d
507,43,#363a12
508,43,#3d411a
509,43,#393911
510,43,#2e3f0f
511,43,#314112
512,43,#2e3e0e
513,43,#384813
514,43,#3e4e1b
515,43,#394914
516,43,#4a5727
517,43,#394815
518,43,#2d3b0a
519,43,#303c10
520,43,#303f13
521,43,#323d14
522,43,#3b411d
523,43,#363c18
524,43,#383e18
525,43,#394016
526,43,#363d14
527,43,#3e461d
528,43,#41461e
529,43,#3a3b13
530,43,#4d5025
531,43,#534f29
532,43,#5f5b31
533,43,#4e4d21
534,43,#4b4c20
535,43,#4b4e23
536,43,#3c4317
537,43,#4d5023
538,43,#40451a
539,43,#484720
540,43,#544c2e
541,43,#525027
542,43,#474d21
543,43,#494b1e
544,43,#555426
545,43,#5a5128
546,43,#4b4721
547,43,#54542c
548,43,#696a42
549,43,#464820
550,43,#464d21
551,43,#475021
552,43,#3c4818
553,43,#40471b
554,43,#42471f
555,43,#394217
556,43,#394217
557,43,#404d1d
558,43,#3a4117
559,43,#42471e
560,43,#41431c
561,43,#474721
562,43,#47491e
563,43,#535027
564,43,#535128
565,43,#55512c
566,43,#4a4822
567,43,#44461e
568,43,#52572c
569,43,#4c4e26
570,43,#454a1f
571,43,#504e25
572,43,#464a1f
573,43,#4b5025
574,43,#4e5328
575,43,#434b1c
576,43,#464e1f
577,43,#3d4a18
578,43,#404c1a
579,43,#4d5421
580,43,#4a4c1b
581,43,#525721
582,43,#535c26
583,43,#474e1a
584,43,#3f4412
585,43,#484f1c
586,43,#58602d
587,43,#605e30
588,43,#565829
589,43,#444a1c
590,43,#47521b
591,43,#495321
592,43,#4b5323
593,43,#4f5626
594,43,#555428
595,43,#444821
596,43,#444819
597,43,#5d6838
14,44,#141124
16,44,#4e512f
17,44,#5e6e3c
18,44,#4b5e50
23,44,#0b2b34
24,44,#1b3e2b
25,44,#3e4927
26,44,#575c3b
27,44,#3f4120
28,44,#4b521c
29,44,#535c1d
30,44,#626935
31,44,#4e5729
32,44,#49561f
33,44,#334413
34,44,#364213
35,44,#30370e
36,44,#3d3d17
37,44,#3a4011
38,44,#3c3f17
39,44,#363a10
40,44,#2b320a
41,44,#384017
42,44,#293208
43,44,#262e08
44,44,#2a3209
45,44,#333a11
46,44,#2f370d
47,44,#3c4319
48,44,#616b4b
49,44,#969781
50,44,#484a2a
51,44,#484928
52,44,#484c18
53,44,#404510
54,44,#4a4d1e
55,44,#535733
56,44,#4a5029
57,44,#c8c7bd
58,44,#a1a08e
59,44,#4d4b31
60,44,#4a5229
61,44,#212d06
62,44,#323814
63,44,#2a300c
64,44,#272d09
65,44,#252d05
66,44,#28330b
67,44,#27330b
68,44,#243008
69,44,#303c14
70,44,#323d15
71,44,#2d370f
72,44,#25320c
73,44,#2c340f
74,44,#323d15
75,44,#343e19
76,44,#313c14
77,44,#454b25
78,44,#323917
79,44,#2a340f
80,44,#303916
81,44,#2e350c
82,44,#343712
83,44,#484a22
84,44,#424518
85,44,#626339
86,44,#4e4a25
87,44,#5d5735
88,44,#524e2b
89,44,#433f1a
90,44,#3c3b17
91,44,#383d14
92,44,#454b1c
93,44,#393f18
94,44,#333a0c
95,44,#333a10
96,44,#3e3e18
97,44,#2c330a
98,44,#3d3916
99,44,#3f3c19
100,44,#423e1b
101,44,#373a12
102,44,#233412
103,44,#111427
104,44,#2d3918
105,44,#2a2e09
106,44,#393f19
107,44,#343611
108,44,#363715
109,44,#393d1c
110,44,#393d1c
111,44,#34371c
112,44,#3b3b1f
113,44,#2d2d11
114,44,#3c3b1e
115,44,#393916
116,44,#3b3c12
117,44,#424514
118,44,#3f3f1a
119,44,#4a4626
120,44,#151109
121,44,#443e25
122,44,#383214
123,44,#443f1f
124,44,#443e1c
125,44,#4f4a24
126,44,#49411c
127,44,#524b2b
128,44,#48431d
129,44,#443d22
130,44,#14141b
131,44,#181720
132,44,#423c1a
133,44,#3b3514
134,44,#40391d
135,44,#433c20
136,44,#353310
137,44,#2b2813
138,44,#42401b
139,44,#474222
140,44,#4a4420
141,44,#4a4527
142,44,#423f20
143,44,#464123
144,44,#4d482a
145,44,#414024
146,44,#484326
147,44,#52492f
148,44,#524d3c
157,44,#8c8158
158,44,#8a8c68
169,44,#50503d
170,44,#5b5b49
180,44,#494849
181,44,#554b2a
182,44,#615839
183,44,#64593d
184,44,#6d5f44
185,44,#797154
186,44,#282620
188,44,#5e5646
189,44,#605740
190,44,#676246
191,44,#817b66
192,44,#050618
214,44,#0b1423
215,44,#41482b
216,44,#5b5d45
217,44,#e4e4e3
218,44,#fdfdfd
219,44,#ffffff
220,44,#ffffff
221,44,#ffffff
222,44,#ffffff
223,44,#ffffff
224,44,#ffffff
225,44,#fdfdfd
226,44,#f7f7f7
227,44,#f4f2f3
228,44,#d2d3d5
229,44,#b1b8ba
230,44,#98a194
231,44,#4c5461
313,44,#161e10
314,44,#2e3a11
315,44,#2f3d1b
316,44,#243112
317,44,#252f0d
318,44,#323d1b
319,44,#373f14
320,44,#303910
321,44,#2f3915
322,44,#1e2d02
323,44,#0e180d
324,44,#273514
325,44,#25330f
326,44,#22320b
327,44,#21350a
328,44,#23350d
329,44,#1e2e07
330,44,#20310f
331,44,#212e12
335,44,#1f2b17
336,44,#151d15
337,44,#2c3d0c
338,44,#2d3e08
339,44,#2f3b11
340,44,#303b10
341,44,#283410
342,44,#1f2e10
343,44,#25360d
344,44,#1d2b12
345,44,#142408
346,44,#293b14
347,44,#26360b
348,44,#2b381c
349,44,#131923
350,44,#203102
351,44,#243410
352,44,#1f2b06
353,44,#22300d
354,44,#21310d
355,44,#223016
357,44,#27320f
358,44,#24350d
359,44,#303b12
360,44,#333f0e
361,44,#2e3a09
362,44,#283712
363,44,#242f10
364,44,#28380d
365,44,#25380a
366,44,#24390c
367,44,#273a0c
368,44,#25380a
369,44,#273a0c
370,44,#213306
371,44,#21310b
372,44,#192705
373,44,#1a2906
374,44,#273712
375,44,#263910
376,44,#23350c
377,44,#283c14
378,44,#26380f
379,44,#25360d
380,44,#293c0d
381,44,#2b4112
382,44,#25370a
383,44,#28390f
384,44,#2e3d16
385,44,#28390c
386,44,#2d3e11
387,44,#293c0e
388,44,#26390b
389,44,#273a0c
390,44,#25380a
391,44,#2a3c0c
392,44,#2d3e11
393,44,#27380b
394,44,#243407
395,44,#203109
396,44,#1b3007
397,44,#25340b
398,44,#2f4015
399,44,#23350d
400,44,#25360a
401,44,#27370a
402,44,#27390f
403,44,#26370b
404,44,#2a3a0b
405,44,#29390d
406,44,#2b3c11
407,44,#263211
408,44,#28380c
409,44,#243a0c
410,44,#293f0a
411,44,#344417
412,44,#344315
413,44,#2d3a0e
414,44,#2b360a
415,44,#2e350c
416,44,#32340c
417,44,#323311
418,44,#343815
419,44,#333916
420,44,#313711
421,44,#32340f
422,44,#313210
423,44,#313510
424,44,#383c14
425,44,#2d340a
426,44,#393e16
427,44,#313913
428,44,#2f3812
429,44,#2e3613
430,44,#26300e
431,44,#27320d
432,44,#2d360d
433,44,#27380b
434,44,#313f0f
435,44,#31450d
436,44,#2e410b
437,44,#304110
438,44,#344313
439,44,#313e11
440,44,#2e400e
441,44,#304210
442,44,#2c3508
443,44,#2a3c0d
444,44,#2f3c10
445,44,#141803
446,44,#2d3d10
447,44,#273b0c
448,44,#253b0a
449,44,#223a08
450,44,#293c0c
451,44,#263909
452,44,#283f0b
453,44,#2b3f0c
454,44,#2f410f
455,44,#31420c
456,44,#2c3d09
457,44,#314410
458,44,#31430f
459,44,#2d3d0c
460,44,#334410
461,44,#2d3f0d
462,44,#334413
463,44,#243607
464,44,#334712
465,44,#2b3e07
466,44,#31460e
467,44,#334810
468,44,#2c3e0a
469,44,#374716
470,44,#374c14
471,44,#334511
472,44,#32470e
473,44,#3c4f17
474,44,#34470f
475,44,#374c11
476,44,#32450e
477,44,#40521e
478,44,#324410
479,44,#394a14
480,44,#33460f
481,44,#3b4e17
482,44,#364d19
483,44,#31430f
484,44,#2f4113
485,44,#364d21
486,44,#2f4415
487,44,#30460d
488,44,#334511
489,44,#354214
490,44,#334513
491,44,#30440f
492,44,#2c480e
493,44,#32470f
494,44,#2e450d
495,44,#2d460f
496,44,#2a3e09
497,44,#2d410e
498,44,#314311
499,44,#394918
500,44,#2f4410
501,44,#404e1d
502,44,#3d3e14
503,44,#42441c
504,44,#44471a
505,44,#3a4717
506,44,#5c5e34
507,44,#444019
508,44,#3e4519
509,44,#3f481c
510,44,#43551f
511,44,#344911
512,44,#32430f
513,44,#324a10
514,44,#33460f
515,44,#3c4d18
516,44,#404e1d
517,44,#2b3d0a
518,44,#2d410d
519,44,#273e08
520,44,#2d400c
521,44,#2d430f
522,44,#364614
523,44,#394916
524,44,#3d4a1c
525,44,#3d4a1f
526,44,#3f4c20
527,44,#344413
528,44,#293608
529,44,#3b4419
530,44,#2d340b
531,44,#3b3d18
532,44,#5a532e
533,44,#504d27
534,44,#46491e
535,44,#3f4419
536,44,#43481d
537,44,#4b4e23
538,44,#41491a
539,44,#444718
540,44,#464720
541,44,#4e4e28
542,44,#40441b
543,44,#454820
544,44,#47481e
545,44,#4a4d20
546,44,#474a1f
547,44,#51522a
548,44,#3e4318
549,44,#4b5324
550,44,#444e1a
551,44,#464f20
552,44,#4c5028
553,44,#364217
554,44,#354010
555,44,#51582e
556,44,#4b4d25
557,44,#3d4a1b
558,44,#474e24
559,44,#454a21
560,44,#4b4e23
561,44,#484c21
562,44,#5a5b33
563,44,#534e24
564,44,#55512c
565,44,#52542c
566,44,#4c5128
567,44,#4e532c
568,44,#414d1b
569,44,#515129
570,44,#575932
571,44,#4a4d26
572,44,#474c23
573,44,#4a4f26
574,44,#40451c
575,44,#4c4c26
576,44,#54542e
577,44,#494e1e
578,44,#3b3a13
579,44,#444817
580,44,#49541c
581,44,#4d501b
582,44,#5a5c29
583,44,#515824
584,44,#434f1a
585,44,#4c5924
586,44,#47511d
587,44,#43511b
588,44,#464f1b
589,44,#505a28
590,44,#4a5220
591,44,#454b1b
592,44,#4b4d1e
593,44,#474c20
594,44,#363914
595,44,#4b4f21
596,44,#444d1a
597,44,#4e531f
598,44,#1d2220
22,45,#091d24
23,45,#163625
24,45,#39422a
25,45,#40491e
26,45,#3f4d18
27,45,#474616
28,45,#535a21
29,45,#485620
30,45,#3d4811
31,45,#33410f
32,45,#2f3f12
33,45,#3e4718
34,45,#404c17
35,45,#3d4516
36,45,#353d0e
37,45,#39410f
38,45,#354011
39,45,#2d3b10
40,45,#253008
41,45,#383a15
42,45,#384116
43,45,#3e491e
44,45,#2d300e
45,45,#4f5628
46,45,#a5a799
47,45,#babfb3
48,45,#464d38
49,45,#303a15
50,45,#4c5c31
51,45,#4b5229
52,45,#515631
53,45,#3b4016
54,45,#333c11
55,45,#3a3f17
56,45,#303709
57,45,#2f3809
58,45,#2e360d
59,45,#343a0d
60,45,#31380c
61,45,#5b5e38
62,45,#2e350c
63,45,#2c320c
64,45,#2e340c
65,45,#343f15
66,45,#2f3a12
67,45,#28350a
68,45,#343f15
69,45,#252d06
70,45,#2b360e
71,45,#323a15
72,45,#28370f
73,45,#2e3610
74,45,#2e3a15
75,45,#212e06
76,45,#2c370e
77,45,#2c350c
78,45,#404820
79,45,#28300a
80,45,#283009
81,45,#232e09
82,45,#232f07
83,45,#394419
84,45,#313d0d
85,45,#4e502b
86,45,#3d3c17
87,45,#6a633d
88,45,#3a3613
89,45,#695f42
90,45,#584f30
91,45,#403d1a
92,45,#353f14
93,45,#3e441e
94,45,#29350b
95,45,#384518
96,45,#2e3410
97,45,#403c18
98,45,#2f2a11
99,45,#393412
100,45,#3a3517
101,45,#3e371a
102,45,#343111
103,45,#372e11
104,45,#393414
105,45,#2b3208
106,45,#2e370e
107,45,#2d380a
108,45,#3e4112
109,45,#323214
110,45,#393a19
111,45,#413f29
112,45,#2c300a
113,45,#3a4019
114,45,#212322
115,45,#2c3126
116,45,#1e2220
117,45,#1b1a20
118,45,#3a3c22
119,45,#4c491e
120,45,#5c5630
121,45,#4d4520
122,45,#4d4829
123,45,#524d27
124,45,#433915
125,45,#504820
126,45,#4c4326
127,45,#45411e
128,45,#46441f
129,45,#433e1e
130,45,#444826
131,45,#242015
132,45,#46451f
133,45,#343318
134,45,#413f25
135,45,#45411c
136,45,#180f26
137,45,#413f1d
138,45,#464325
139,45,#3f3b19
140,45,#22230d
141,45,#494322
142,45,#403f1f
143,45,#4c4729
144,45,#433e23
145,45,#3d3b16
146,45,#1b1b18
147,45,#0e0b1e
160,45,#120c18
161,45,#888049
162,45,#aea776
176,45,#222531
182,45,#342f23
183,45,#17141f
184,45,#494224
185,45,#5d5433
186,45,#6b5f45
187,45,#9f9780
188,45,#141316
191,45,#878276
216,45,#37401e
217,45,#fafbfa
218,45,#fbfbfc
219,45,#fcfafd
220,45,#fdfdff
221,45,#ffffff
222,45,#fefefe
223,45,#fefefe
224,45,#fdfdfd
225,45,#f8f8f8
226,45,#f8f8f8
227,45,#fdfdfb
228,45,#818d93
229,45,#596666
310,45,#11182a
311,45,#131e17
312,45,#1d2e08
313,45,#363f20
314,45,#303817
315,45,#4c502b
316,45,#29340b
317,45,#41511b
318,45,#414e1e
319,45,#354113
320,45,#3d4418
321,45,#353e13
322,45,#2f380c
323,45,#2b360f
324,45,#1c290a
325,45,#1d2d09
326,45,#203208
327,45,#1e2f0c
328,45,#21330e
329,45,#283912
330,45,#080c14
335,45,#2c3c1e
336,45,#253906
337,45,#354111
338,45,#253308
339,45,#2a3903
340,45,#233011
341,45,#26350d
342,45,#21300d
343,45,#233215
344,45,#263515
345,45,#1d2d0a
346,45,#19231f
347,45,#0d1a0f
348,45,#23311c
349,45,#181d28
350,45,#203304
351,45,#2b370d
352,45,#263511
353,45,#22320d
354,45,#22320f
355,45,#293a0b
356,45,#1f2f0a
357,45,#121f16
358,45,#162417
359,45,#223602
360,45,#2f3c0d
361,45,#29330d
362,45,#2c370f
363,45,#2b3a11
364,45,#263610
365,45,#2a4213
366,45,#23380b
367,45,#203609
368,45,#21360d
369,45,#26390b
370,45,#253703
371,45,#29380c
372,45,#26390b
373,45,#283b10
374,45,#1b2c08
375,45,#192d0a
376,45,#1d310c
377,45,#1a2f05
378,45,#1b2908
379,45,#1f330d
380,45,#304317
381,45,#24390c
382,45,#203c0c
383,45,#203709
384,45,#28390d
385,45,#273d0e
386,45,#243608
387,45,#2d4010
388,45,#26390b
389,45,#1f3107
390,45,#1b3206
391,45,#1e3509
392,45,#203508
393,45,#283a0d
394,45,#2f3e13
395,45,#2c3c0e
396,45,#172c0a
397,45,#1a2c07
398,45,#2a3c16
399,45,#21330b
400,45,#213206
401,45,#283d10
402,45,#253108
403,45,#333b0c
404,45,#2f3a0b
405,45,#2b3e0f
406,45,#283808
407,45,#292e0d
408,45,#1d2808
409,45,#273a0d
410,45,#263c0c
411,45,#263b09
412,45,#2a3c0a
413,45,#2b3b0a
414,45,#282a07
415,45,#262609
416,45,#1f1b08
417,45,#2f2f13
418,45,#201d0c
419,45,#1d1a09
420,45,#181a08
421,45,#1f1e0a
422,45,#21220d
423,45,#22220a
424,45,#211f0a
425,45,#212104
426,45,#272609
427,45,#2f3111
428,45,#2b280d
429,45,#2e3111
430,45,#323615
431,45,#353c14
432,45,#334015
433,45,#2b320a
434,45,#373f17
435,45,#2b400c
436,45,#243609
437,45,#314014
438,45,#334213
439,45,#2d3d0c
440,45,#374515
441,45,#303d0f
442,45,#343f14
443,45,#2a370c
444,45,#2c3b12
445,45,#2d3a0f
446,45,#293f0e
447,45,#1e3507
448,45,#233b0b
449,45,#263b0e
450,45,#2a400f
451,45,#283c09
452,45,#243606
453,45,#2a3c0c
454,45,#2e3e0f
455,45,#293908
456,45,#30400f
457,45,#394918
458,45,#2d3e0a
459,45,#2e400c
460,45,#374915
461,45,#2f410d
462,45,#31460e
463,45,#30410b
464,45,#30430c
465,45,#364b13
466,45,#2a4109
467,45,#31490f
468,45,#314810
469,45,#314810
470,45,#30420e
471,45,#2d4009
472,45,#32490f
473,45,#3b5017
474,45,#374a12
475,45,#3b5018
476,45,#33460f
477,45,#394c14
478,45,#344710
479,45,#30410d
480,45,#2b3b0a
481,45,#3e4a18
482,45,#364411
483,45,#3f4c16
484,45,#334413
485,45,#020510
486,45,#3e4925
487,45,#314510
488,45,#2f400c
489,45,#324812
490,45,#324911
491,45,#384c17
492,45,#2f4510
493,45,#3b4916
494,45,#324913
495,45,#2c430d
496,45,#2a3e09
497,45,#374b16
498,45,#324410
499,45,#30420e
500,45,#44521f
501,45,#354612
502,45,#414714
503,45,#374114
504,45,#394515
505,45,#354310
506,45,#32400f
507,45,#374814
508,45,#394416
509,45,#374712
510,45,#31420c
511,45,#334811
512,45,#3e431c
513,45,#344511
514,45,#344a11
515,45,#374712
516,45,#33390f
517,45,#384613
518,45,#364a15
519,45,#2d440e
520,45,#2b460b
521,45,#334b12
522,45,#354a11
523,45,#374b16
524,45,#2d4209
525,45,#2c4108
526,45,#3b4c16
527,45,#3b4918
528,45,#3b4d19
529,45,#28350a
530,45,#444921
531,45,#343b14
532,45,#4b4326
533,45,#42421c
534,45,#65613e
535,45,#565429
536,45,#49491b
537,45,#545422
538,45,#444a1c
539,45,#46471b
540,45,#454b18
541,45,#515224
542,45,#414219
543,45,#3e471a
544,45,#383e13
545,45,#384414
546,45,#363f10
547,45,#3f4917
548,45,#3e4318
549,45,#3c4415
550,45,#3d4c16
551,45,#3d4b16
552,45,#364516
553,45,#43511c
554,45,#384414
555,45,#394712
556,45,#3b4b14
557,45,#3f4519
558,45,#55562d
559,45,#4f4e29
560,45,#404a0e
561,45,#4a501b
562,45,#625a3c
563,45,#4b4c24
564,45,#484f1b
565,45,#3f4513
566,45,#3b4616
567,45,#475124
568,45,#464a1f
569,45,#464c1c
570,45,#4a5722
571,45,#414a1d
572,45,#4b5320
573,45,#4e582d
574,45,#596136
575,45,#434d20
576,45,#46491e
577,45,#41421f
578,45,#474b1c
579,45,#464e1a
580,45,#555726
581,45,#5f582a
582,45,#575828
583,45,#494b1b
584,45,#565526
585,45,#4e5121
586,45,#4e5625
587,45,#4d562e
588,45,#404b19
589,45,#465018
590,45,#495026
591,45,#45481f
592,45,#4a5020
593,45,#585631
594,45,#4e4f24
595,45,#29301d
596,45,#525432
597,45,#61662a
598,45,#5f6735
599,45,#090c1d
22,46,#1a4323
23,46,#25402d
24,46,#3a3c11
25,46,#3c4411
26,46,#4d5722
27,46,#555f2a
28,46,#304a13
29,46,#2f3d0f
30,46,#5d6328
31,46,#415017
32,46,#32400d
33,46,#3b4715
34,46,#52582a
35,46,#353a0f
36,46,#394215
37,46,#373d13
38,46,#3d431b
39,46,#283007
40,46,#364214
41,46,#313a0d
42,46,#525727
43,46,#50502e
44,46,#3f421f
45,46,#39411a
46,46,#374822
47,46,#27380c
48,46,#253508
49,46,#233208
50,46,#3e4f21
51,46,#4e5332
52,46,#8a8568
53,46,#67643a
54,46,#505924
55,46,#2b3209
56,46,#2f380e
57,46,#263109
58,46,#5f653b
59,46,#958f81
60,46,#9b9685
61,46,#898467
62,46,#363522
63,46,#4e4f29
64,46,#52542d
65,46,#2e320d
66,46,#303612
67,46,#2f3a13
68,46,#2f340f
69,46,#343410
70,46,#42441c
71,46,#484927
72,46,#2a330c
73,46,#29330e
74,46,#313714
75,46,#28300b
76,46,#2f360c
77,46,#2b3008
78,46,#2c300b
79,46,#313512
80,46,#2c320c
81,46,#393f19
82,46,#323d12
83,46,#2c390d
84,46,#535830
85,46,#3e451c
86,46,#797c5b
87,46,#343514
88,46,#4f4a2a
89,46,#61593c
90,46,#5b5636
91,46,#55512e
92,46,#2a3007
93,46,#333d18
94,46,#303b13
95,46,#2b3b0d
96,46,#29380d
97,46,#364013
98,46,#31380f
99,46,#394016
100,46,#3d401b
101,46,#1d1c02
102,46,#394017
103,46,#384117
104,46,#2f3511
105,46,#2c340e
106,46,#30380a
107,46,#303820
108,46,#0a0e17
109,46,#0d2213
110,46,#2d3b1a
111,46,#28310d
112,46,#283415
113,46,#191c25
114,46,#2c301f
115,46,#2e331a
116,46,#35361a
117,46,#484732
118,46,#403c1e
119,46,#3d4023
120,46,#393c1b
121,46,#3f3915
122,46,#4d482a
123,46,#46401c
124,46,#49431e
125,46,#4f4521
126,46,#484123
127,46,#3d3b15
128,46,#353214
129,46,#44401f
130,46,#403822
131,46,#45401f
132,46,#3b3a16
133,46,#1e1a12
134,46,#323212
135,46,#403e19
136,46,#38371a
137,46,#44421b
138,46,#48451e
139,46,#474322
140,46,#363116
141,46,#1c1a09
142,46,#433f26
143,46,#433f18
144,46,#444420
145,46,#0f1225
160,46,#212b2c
161,46,#2d2c2f
166,46,#6b6752
167,46,#8e8c6c
170,46,#59512b
171,46,#625339
172,46,#655c38
173,46,#514b2b
174,46,#656240
175,46,#47442f
176,46,#5d5733
177,46,#5a563c
178,46,#2c2a2c
186,46,#201c2c
187,46,#4a473b
188,46,#595339
189,46,#8c8667
217,46,#242d16
218,46,#84857d
219,46,#fcfdf9
220,46,#fcfcfc
221,46,#fefefe
222,46,#ffffff
223,46,#fdfdfd
224,46,#fefefe
225,46,#fdfdfd
226,46,#fefefe
227,46,#f6f7f7
228,46,#f0efec
229,46,#5d6d80
287,46,#202720
288,46,#404c26
308,46,#24292b
309,46,#2d3818
310,46,#354222
311,46,#344019
312,46,#91947a
313,46,#62633a
314,46,#474820
315,46,#48491f
316,46,#3d3f10
317,46,#323b0d
318,46,#596129
319,46,#363312
320,46,#464b22
321,46,#373c14
322,46,#383f16
323,46,#2d350c
324,46,#29350d
325,46,#25340d
326,46,#23330c
327,46,#1c3209
328,46,#23350a
335,46,#0d1710
336,46,#26360d
337,46,#323f13
338,46,#213008
339,46,#1f2c10
340,46,#212f14
341,46,#223212
342,46,#1f300f
343,46,#203110
344,46,#203016
345,46,#22320c
346,46,#243314
347,46,#09131e
348,46,#18270a
349,46,#1e291c
350,46,#253609
351,46,#1e2f0d
352,46,#1c2b08
353,46,#23310e
354,46,#22310a
355,46,#20300c
356,46,#20320b
357,46,#182420
358,46,#0f1a18
359,46,#0d1716
360,46,#1d320f
361,46,#152517
362,46,#20350e
363,46,#192c0b
364,46,#1f330d
365,46,#20350a
366,46,#253a0d
367,46,#24390c
368,46,#243b0d
369,46,#20370a
370,46,#22350a
371,46,#2f4613
372,46,#3d4a18
373,46,#293706
374,46,#394716
375,46,#1e3507
376,46,#1e3007
377,46,#152a05
378,46,#1c300c
379,46,#172805
380,46,#192b07
381,46,#24390c
382,46,#293e0f
383,46,#26390c
384,46,#233507
385,46,#233908
386,46,#223809
387,46,#27380b
388,46,#27380b
389,46,#273c0f
390,46,#243a0b
391,46,#24390e
392,46,#1e3007
393,46,#213309
394,46,#28390f
395,46,#304013
396,46,#1c2d08
397,46,#19290d
398,46,#33441e
399,46,#243610
400,46,#1f3407
401,46,#25360a
402,46,#283b0a
403,46,#233807
404,46,#263909
405,46,#2d3d0e
406,46,#283b0b
407,46,#2c3c0b
408,46,#253604
409,46,#2f4013
410,46,#253410
411,46,#192703
412,46,#273e0e
413,46,#3a4015
414,46,#2a310d
415,46,#2d3813
416,46,#343916
417,46,#232508
418,46,#201e14
419,46,#282915
420,46,#282615
421,46,#1e1e13
422,46,#28280f
423,46,#1a1804
424,46,#241f0b
425,46,#343418
426,46,#1b1d07
427,46,#181701
428,46,#25270c
429,46,#25290a
430,46,#262f09
431,46,#202b08
432,46,#363e17
433,46,#2f350d
434,46,#2d3413
435,46,#2d310d
436,46,#3c3d1a
437,46,#282b0e
438,46,#282c0c
439,46,#2b2f0d
440,46,#383a16
441,46,#28350b
442,46,#2b3c0f
443,46,#26370a
444,46,#283b0d
445,46,#29440f
446,46,#2a420e
447,46,#22390c
448,46,#1d3408
449,46,#293f0e
450,46,#253d0d
451,46,#263d0a
452,46,#233c0c
453,46,#23370a
454,46,#28370e
455,46,#243509
456,46,#2a3b0f
457,46,#243909
458,46,#233705
459,46,#2b3c08
460,46,#2f420b
461,46,#30430c
462,46,#2d420a
463,46,#3c4d17
464,46,#30430c
465,46,#2f410d
466,46,#334511
467,46,#32460e
468,46,#2d410c
469,46,#30440f
470,46,#354914
471,46,#30450d
472,46,#2b4008
473,46,#30430c
474,46,#34450f
475,46,#2d3f0b
476,46,#31420e
477,46,#3c4e17
478,46,#394a16
479,46,#394716
480,46,#293b08
481,46,#3c4d17
482,46,#374a15
483,46,#2e430a
484,46,#394b19
485,46,#263512
486,46,#2e3f09
487,46,#32400f
488,46,#394918
489,46,#304210
490,46,#384512
491,46,#3d4718
492,46,#324410
493,46,#31410d
494,46,#303e0b
495,46,#2f410f
496,46,#314110
497,46,#2f410f
498,46,#2d3d0c
499,46,#384817
500,46,#364913
501,46,#404e1d
502,46,#344511
503,46,#364411
504,46,#343d0e
505,46,#374313
506,46,#384416
507,46,#34410f
508,46,#354310
509,46,#33400f
510,46,#32430f
511,46,#334511
512,46,#324508
513,46,#3a471a
514,46,#404c1a
515,46,#324410
516,46,#494e23
517,46,#42531d
518,46,#30450d
519,46,#32470f
520,46,#364711
521,46,#384915
522,46,#2d430b
523,46,#324613
524,46,#33460f
525,46,#2f460e
526,46,#2c3e0c
527,46,#42501d
528,46,#2c3d09
529,46,#323b10
530,46,#2c340d
531,46,#434a23
532,46,#40411c
533,46,#5a5736
534,46,#56522f
535,46,#a69d7e
536,46,#706844
537,46,#574e27
538,46,#7a6e4a
539,46,#6a6139
540,46,#4f4c21
541,46,#6f6740
542,46,#444414
543,46,#4f5223
544,46,#374111
545,46,#364212
546,46,#363f10
547,46,#3b4717
548,46,#555c32
549,46,#3e471a
550,46,#374014
551,46,#3a4316
552,46,#464e1e
553,46,#454e1f
554,46,#404d1a
555,46,#40491a
556,46,#394611
557,46,#444b1f
558,46,#55582e
559,46,#464620
560,46,#424817
561,46,#5f5e3f
562,46,#454725
563,46,#565a32
564,46,#343d0c
565,46,#42471e
566,46,#484f26
567,46,#404912
568,46,#454b19
569,46,#4e5723
570,46,#48521c
571,46,#354505
573,46,#3d4d2c
574,46,#3c4822
575,46,#434b1c
576,46,#454f1d
577,46,#4d4f24
578,46,#4c5024
579,46,#4d5421
580,46,#525223
581,46,#444b19
582,46,#57512c
583,46,#4b4723
584,46,#4e4522
585,46,#565630
586,46,#464b21
587,46,#49511d
588,46,#404817
589,46,#404912
590,46,#54532c
591,46,#48521e
592,46,#333b23
21,47,#0e2a3a
22,47,#0b3727
23,47,#384420
24,47,#394514
25,47,#3e3b0d
26,47,#535725
27,47,#484b23
28,47,#4e5022
29,47,#54562c
30,47,#363a11
31,47,#343a0f
32,47,#434210
33,47,#444c1b
34,47,#373f11
35,47,#47521f
36,47,#303e12
37,47,#2c370f
38,47,#2d340c
39,47,#373b11
40,47,#474a1c
41,47,#3c4412
42,47,#3a3f16
43,47,#4a4a30
44,47,#87856e
45,47,#6a644d
46,47,#e4e4e1
47,47,#29410e
48,47,#2a3811
49,47,#2a390e
50,47,#2f4013
51,47,#27340d
52,47,#75786f
53,47,#cfd1c9
54,47,#d2d2cf
55,47,#cdcdc8
56,47,#919383
57,47,#5a613e
58,47,#4b5234
59,47,#3e4819
60,47,#29350c
61,47,#2c3511
62,47,#606046
63,47,#c8c7c0
64,47,#eae6e7
65,47,#97968a
66,47,#8f8b6c
67,47,#3b3c16
68,47,#293715
69,47,#575233
70,47,#4e4d27
71,47,#22260d
72,47,#43451d
73,47,#2c350b
74,47,#27330e
75,47,#213007
76,47,#3f491d
77,47,#2d3513
78,47,#4f5830
79,47,#515b31
80,47,#414c1f
81,47,#474f23
82,47,#3d421a
83,47,#323913
84,47,#333d19
85,47,#3c401c
86,47,#31330d
87,47,#363f15
88,47,#2b320b
89,47,#393f19
90,47,#2c300b
91,47,#303412
92,47,#555833
93,47,#23320b
94,47,#3c481e
95,47,#24380b
96,47,#26380c
97,47,#26370a
98,47,#2b360d
99,47,#2b370e
100,47,#2f3b10
101,47,#313d11
102,47,#374317
103,47,#2a3a0f
104,47,#323e13
105,47,#2c3a0f
106,47,#2a3907
108,47,#020f21
109,47,#1e3c28
110,47,#4e562e
111,47,#2b350b
112,47,#3e441b
113,47,#313611
114,47,#31360e
115,47,#313816
116,47,#2c321a
117,47,#303a18
118,47,#3a3b1c
119,47,#4a4b2e
120,47,#2f2e0f
121,47,#363516
122,47,#454126
123,47,#403b20
124,47,#28230b
125,47,#42451c
126,47,#413d17
127,47,#282515
128,47,#474422
129,47,#44401e
130,47,#383513
131,47,#42421b
132,47,#45431d
133,47,#1e1b18
134,47,#39351b
135,47,#3e3a19
136,47,#393810
137,47,#17130e
138,47,#36370f
139,47,#403f17
140,47,#44431d
141,47,#484620
142,47,#493f23
143,47,#303327
170,47,#3c3829
171,47,#473f0d
172,47,#615930
173,47,#544c26
174,47,#574d29
175,47,#534a27
176,47,#605236
177,47,#574c30
178,47,#584d31
179,47,#605639
180,47,#2f2d22
191,47,#1a1828
218,47,#333b2e
219,47,#63664f
220,47,#fdfdf9
221,47,#faf8fc
222,47,#fffffb
223,47,#858381
224,47,#76715c
225,47,#e1dfe2
226,47,#f1eff3
227,47,#cdccd0
228,47,#d6e2e5
308,47,#263211
309,47,#222f0c
310,47,#2d3a17
311,47,#5c664b
312,47,#585e3f
313,47,#87856a
314,47,#505637
315,47,#334215
316,47,#344511
317,47,#3c4b12
318,47,#232f0a
319,47,#2e3911
320,47,#28370a
321,47,#323d12
322,47,#2b330c
323,47,#2e390f
324,47,#2e390f
325,47,#23310d
326,47,#293714
327,47,#1f3006
328,47,#0e180e
335,47,#091023
336,47,#344813
337,47,#273709
338,47,#1f2e0d
339,47,#273813
340,47,#1d2f11
341,47,#18280d
342,47,#1d2c15
343,47,#1c2d0b
344,47,#1b2c0f
345,47,#1d2b0b
346,47,#111817
347,47,#1e2b18
348,47,#1c2b08
349,47,#27380c
350,47,#0e1716
352,47,#0d171e
353,47,#213211
354,47,#1d340f
355,47,#22370f
356,47,#1d370d
357,47,#273e0c
358,47,#223519
361,47,#1d340a
362,47,#293c15
363,47,#253616
364,47,#142412
365,47,#20360b
366,47,#233c0f
367,47,#1e3809
368,47,#233e0e
369,47,#1c3608
370,47,#213909
371,47,#193106
372,47,#21390e
373,47,#1f370b
374,47,#233c0f
375,47,#1e390a
376,47,#1f3709
377,47,#2e3a0c
378,47,#2f410e
379,47,#314211
380,47,#243b0c
381,47,#22390d
382,47,#1a3707
383,47,#223809
384,47,#263d0a
385,47,#223a0a
386,47,#243a0b
387,47,#263b0c
388,47,#1b3505
389,47,#233609
390,47,#374114
391,47,#223206
392,47,#23340a
393,47,#21360a
394,47,#26390c
395,47,#213606
396,47,#1f3309
397,47,#1d2d09
398,47,#2b3911
399,47,#223509
400,47,#294011
401,47,#23370a
402,47,#1f3405
403,47,#263609
404,47,#283b0c
405,47,#29410c
406,47,#2a3d0d
407,47,#29400e
408,47,#2a3c09
409,47,#2f3a0c
410,47,#374718
411,47,#30390b
412,47,#0b1804
413,47,#1d310f
414,47,#243908
415,47,#202c0e
416,47,#27310f
417,47,#27340c
418,47,#28310e
419,47,#172207
420,47,#272809
421,47,#353614
422,47,#32370e
423,47,#24250b
424,47,#29280b
425,47,#2b3209
426,47,#2d350c
427,47,#2a3b0e
428,47,#273d0d
429,47,#263a0b
430,47,#2d340a
431,47,#343611
432,47,#2a260a
433,47,#313510
434,47,#303613
435,47,#1e2504
436,47,#1d2705
437,47,#24360b
438,47,#2a390e
439,47,#242e05
440,47,#283609
441,47,#2d3a0e
442,47,#273509
443,47,#293a0a
444,47,#273e0a
445,47,#2a3b0e
446,47,#203d09
447,47,#213c09
448,47,#283e0e
449,47,#1c320a
450,47,#213c0a
451,47,#273e0f
452,47,#233408
453,47,#203507
454,47,#233d0d
455,47,#203009
456,47,#273712
457,47,#2c3f10
458,47,#2e4113
459,47,#223509
460,47,#293d0a
461,47,#233908
462,47,#29410a
463,47,#344712
464,47,#30410d
465,47,#2d3b0a
466,47,#34450f
467,47,#2e410a
468,47,#364814
469,47,#2e400e
470,47,#3a4712
471,47,#3c4d17
472,47,#34450e
473,47,#394a14
474,47,#30410d
475,47,#2e400c
476,47,#31430d
477,47,#41541e
478,47,#3f4d1a
479,47,#384a18
480,47,#2c440a
481,47,#2f470d
482,47,#32490f
483,47,#354c13
484,47,#354b14
485,47,#374917
486,47,#3f4e1c
487,47,#2a3c0a
488,47,#2d3f0d
489,47,#334412
490,47,#324110
491,47,#293f0b
492,47,#354611
493,47,#32430f
494,47,#344614
495,47,#314512
496,47,#2f4612
497,47,#2d3f0d
498,47,#2d3d0c
499,47,#354312
500,47,#2e410e
501,47,#314210
502,47,#344511
503,47,#344612
504,47,#2e440f
505,47,#42501d
506,47,#374512
507,47,#3a4910
508,47,#34470c
509,47,#344710
510,47,#384d15
511,47,#3b4614
512,47,#2c460d
513,47,#2f410c
514,47,#334312
515,47,#3b4513
516,47,#31430c
517,47,#30460a
518,47,#324a0e
519,47,#32490f
520,47,#2d440c
521,47,#364814
522,47,#2f410d
523,47,#2d3f0d
524,47,#344514
525,47,#334414
526,47,#2f4511
527,47,#314112
528,47,#343e14
529,47,#374016
530,47,#364314
531,47,#3c4618
532,47,#3c4015
533,47,#4a4f24
534,47,#40471b
535,47,#40461d
536,47,#383917
537,47,#434422
538,47,#3f431c
539,47,#3b4118
540,47,#676341
541,47,#44401d
542,47,#373f15
543,47,#4a5024
544,47,#444a1b
545,47,#414918
546,47,#454c1b
547,47,#343f10
548,47,#3b4617
549,47,#3f4b1d
550,47,#404a20
551,47,#3f4918
552,47,#434b1d
553,47,#464c1e
554,47,#414c18
555,47,#45501d
556,47,#4d5124
557,47,#4e5426
558,47,#64613b
559,47,#42481f
560,47,#484b22
561,47,#060d1b
567,47,#434d14
568,47,#4b552e
569,47,#3c4e1e
570,47,#061815
571,47,#122125
572,47,#02131a
573,47,#4b5426
574,47,#3c4014
575,47,#515b20
576,47,#3d481a
577,47,#3b471d
578,47,#36430e
579,47,#3c4519
580,47,#404718
581,47,#333c11
582,47,#4c4c25
583,47,#383e13
584,47,#4a4c1d
585,47,#404314
586,47,#464821
587,47,#404d1d
588,47,#2d3331
21,48,#0e2c39
22,48,#092826
23,48,#042a25
24,48,#244024
25,48,#3d4815
26,48,#48461e
27,48,#3c3b0b
28,48,#48471a
29,48,#33310a
30,48,#4c4d23
31,48,#45481d
32,48,#4b5420
33,48,#4d5723
34,48,#354112
35,48,#3a4712
36,48,#2e3a0c
37,48,#3b471d
38,48,#343f14
39,48,#384114
40,48,#354212
41,48,#384112
42,48,#3e4613
43,48,#606544
44,48,#cacac0
45,48,#7b7a6f
46,48,#303b0f
47,48,#4c5831
48,48,#2c3915
49,48,#202e06
50,48,#2e3b12
51,48,#3e452b
52,48,#354637
53,48,#1b2b1a
54,48,#08131b
55,48,#171e23
56,48,#223018
57,48,#a5aca5
58,48,#a4ac95
59,48,#787d65
60,48,#969889
61,48,#787a67
62,48,#4d5035
63,48,#b2b1a1
64,48,#9e9e90
65,48,#a9aba1
66,48,#d1d0cd
67,48,#d3d2d1
68,48,#6b675a
69,48,#68724e
70,48,#272d0c
71,48,#29330b
72,48,#343911
73,48,#394216
74,48,#343e15
75,48,#323a13
76,48,#2d3912
77,48,#2a3510
78,48,#2d3810
79,48,#2e390e
80,48,#303b13
81,48,#283105
82,48,#202903
83,48,#202c09
84,48,#263411
85,48,#1c2706
86,48,#2d3714
87,48,#313e13
88,48,#29340a
89,48,#384017
90,48,#2b3408
91,48,#2e360d
92,48,#444c24
93,48,#22320b
94,48,#27380c
95,48,#26350a
96,48,#263308
97,48,#293615
98,48,#2e3515
99,48,#2d3714
100,48,#2f370e
101,48,#313910
102,48,#2e350b
103,48,#2a360c
104,48,#3a4318
105,48,#2e3f0f
106,48,#36441e
107,48,#334313
108,48,#2e3d12
109,48,#293007
110,48,#272f07
111,48,#313c11
112,48,#343c0f
113,48,#393f19
114,48,#3a3f17
115,48,#28300a
116,48,#2e3516
117,48,#363c17
118,48,#3e421d
119,48,#363813
120,48,#2e2d0e
121,48,#313012
122,48,#313318
123,48,#26280d
124,48,#2f3014
125,48,#383b20
126,48,#292811
127,48,#2c291a
128,48,#393723
129,48,#3a3a14
130,48,#2e2d0e
131,48,#262211
132,48,#48431a
133,48,#3b3a1e
134,48,#45402c
135,48,#2f2d0c
136,48,#363715
137,48,#454515
138,48,#433f1a
139,48,#47411f
140,48,#4a4620
141,48,#48401c
142,48,#2a3015
169,48,#1d2023
170,48,#49461f
171,48,#514627
172,48,#3f3712
173,48,#534a29
174,48,#4f482b
175,48,#565036
176,48,#564f35
177,48,#5b5036
178,48,#574b31
179,48,#61553b
180,48,#4a432a
181,48,#524c25
182,48,#5d5633
183,48,#3f3c29
184,48,#0a0b1f
219,48,#0f141c
220,48,#252e15
221,48,#1e2615
222,48,#2a311e
223,48,#333d20
224,48,#474c23
225,48,#c9cbbd
226,48,#cdcece
227,48,#9ca9a6
228,48,#697a8a
298,48,#20242a
308,48,#1a250b
309,48,#4e5331
310,48,#596039
311,48,#545a34
312,48,#767751
313,48,#656b43
314,48,#23330a
315,48,#29350d
316,48,#23320a
317,48,#1f310d
318,48,#2f4215
319,48,#233510
320,48,#213007
321,48,#27330d
322,48,#29360c
323,48,#242f0d
324,48,#101a05
325,48,#22310a
326,48,#22300f
327,48,#1e2e09
328,48,#1c2813
335,48,#182415
336,48,#263508
337,48,#2c3d0d
338,48,#30430a
339,48,#273810
340,48,#283a0f
341,48,#314511
342,48,#2c400f
343,48,#2d3f11
344,48,#34441d
345,48,#213208
346,48,#203108
347,48,#1b2d0d
348,48,#192f03
349,48,#1e320e
350,48,#1e2c14
355,48,#23340b
356,48,#1b3206
357,48,#243a0d
358,48,#213905
359,48,#22351c
360,48,#1e2f0e
361,48,#263d12
362,48,#243a12
363,48,#253c0b
364,48,#354612
365,48,#253c13
366,48,#1d370b
367,48,#1f3a0a
368,48,#253f10
369,48,#243b0d
370,48,#1e3405
371,48,#263c0e
372,48,#273f0d
373,48,#273f0d
374,48,#203806
375,48,#1e3809
376,48,#1c3607
377,48,#223907
378,48,#1e3808
379,48,#233f0f
380,48,#1f3909
381,48,#213b0e
382,48,#213d0c
383,48,#294111
384,48,#243c0a
385,48,#263e0e
386,48,#273d0e
387,48,#2a3b0f
388,48,#233609
389,48,#1e3308
390,48,#1c340a
391,48,#1d3409
392,48,#1f3308
393,48,#1b3405
394,48,#203507
395,48,#183203
396,48,#1f370d
397,48,#273710
398,48,#1a2903
399,48,#1c2f02
400,48,#233e09
401,48,#233b0b
402,48,#213d08
403,48,#223805
404,48,#30400f
405,48,#343e12
406,48,#41451a
407,48,#353b0e
408,48,#24280e
409,48,#353b15
410,48,#2c3910
411,48,#283309
412,48,#2b3611
413,48,#2c3713
414,48,#27330a
415,48,#222c14
416,48,#293715
417,48,#233409
418,48,#28340c
419,48,#2c3b11
420,48,#263509
421,48,#303c0d
422,48,#232f04
423,48,#27350b
424,48,#283a09
425,48,#29370c
426,48,#2d3d12
427,48,#3c4a20
428,48,#323e15
429,48,#30340d
430,48,#2b370b
431,48,#2d390e
432,48,#25370c
433,48,#293d0e
434,48,#27370b
435,48,#2b3b0b
436,48,#29390a
437,48,#2c3c0e
438,48,#283b0d
439,48,#213a0a
440,48,#25390c
441,48,#2e2e08
442,48,#2f3c12
443,48,#28380b
444,48,#283809
445,48,#333d12
446,48,#314215
447,48,#253b0c
448,48,#344215
449,48,#29330d
450,48,#20370d
451,48,#203508
452,48,#2a420c
453,48,#2a410d
454,48,#2c3f11
455,48,#2b3c0e
456,48,#24390c
457,48,#283c0f
458,48,#213408
459,48,#2b3e10
460,48,#203304
461,48,#2c4211
462,48,#263c0e
463,48,#263c0b
464,48,#33460f
465,48,#344710
466,48,#2e4109
467,48,#30430b
468,48,#31440d
469,48,#384a16
470,48,#2b3f0a
471,48,#2e3f0b
472,48,#2d4009
473,48,#2f410d
474,48,#324211
475,48,#334410
476,48,#31420c
477,48,#31450f
478,48,#2c3f0b
479,48,#3b4f1c
480,48,#2a410b
481,48,#2b420c
482,48,#26420a
483,48,#263c09
484,48,#2b380a
485,48,#354111
486,48,#2f3f0e
487,48,#2e3d0c
488,48,#2c3e0c
489,48,#2f4713
490,48,#273d0c
491,48,#293b0b
492,48,#253c0c
493,48,#283b0d
494,48,#303d11
495,48,#2c3c0d
496,48,#2c3d0e
497,48,#2e410b
498,48,#2d420a
499,48,#2a430a
500,48,#2d410c
501,48,#2e450d
502,48,#2c430d
503,48,#2b420c
504,48,#2f4811
505,48,#2b400b
506,48,#2f440f
507,48,#2f450d
508,48,#2a410b
509,48,#2e4511
510,48,#30470f
511,48,#30410d
512,48,#2b420a
513,48,#2e400c
514,48,#334511
515,48,#2b490d
516,48,#2c490b
517,48,#30470b
518,48,#2f470d
519,48,#354c14
520,48,#2a4309
521,48,#324911
522,48,#2d440c
523,48,#2f430e
524,48,#354715
525,48,#2d420a
526,48,#2d440c
527,48,#314410
528,48,#374217
529,48,#303d0d
530,48,#374015
531,48,#3e451c
532,48,#3a4118
533,48,#40471e
534,48,#3a4219
535,48,#3b4419
536,48,#494d28
537,48,#3d481e
538,48,#3c4a19
539,48,#3b4818
540,48,#384318
541,48,#313e12
542,48,#394514
543,48,#3b4717
544,48,#364214
545,48,#283407
546,48,#3f481b
547,48,#444f21
548,48,#464e1f
549,48,#40451a
550,48,#484b20
551,48,#404819
552,48,#44481c
553,48,#57552d
554,48,#70724d
555,48,#4f5227
556,48,#484721
557,48,#4f5136
558,48,#4e5227
559,48,#3e4929
567,48,#4b5b2c
568,48,#0a121d
569,48,#0b1420
570,48,#0a1a29
571,48,#0c2416
572,48,#3f4619
573,48,#555327
574,48,#484e24
575,48,#404b15
576,48,#343f1b
577,48,#425119
578,48,#3e491c
579,48,#414d19
580,48,#485424
581,48,#364711
582,48,#455216
583,48,#35420c
584,48,#404b21
585,48,#4e582e
586,48,#2c3419
20,49,#0c3a3a
21,49,#2f5138
22,49,#646738
23,49,#47613a
24,49,#0a3428
25,49,#324422
26,49,#3e3f0f
27,49,#4a4719
28,49,#444118
29,49,#464316
30,49,#565327
31,49,#515427
32,49,#485320
33,49,#4d561f
34,49,#515a2d
35,49,#3c4c21
36,49,#4d5524
37,49,#394014
38,49,#485124
39,49,#3e471a
40,49,#414d1f
41,49,#323f13
42,49,#273017
43,49,#40482d
44,49,#5b5e50
45,49,#263c1b
46,49,#143844
47,49,#1f360e
48,49,#243814
49,49,#3c4830
50,49,#4b5641
51,49,#787f6e
52,49,#95a294
53,49,#334031
54,49,#172025
55,49,#141f31
56,49,#0d1f28
57,49,#4b5945
58,49,#374734
59,49,#2d4319
60,49,#8f9c83
61,49,#69746a
62,49,#687565
63,49,#e3e4e1
64,49,#cdd5d0
65,49,#aaaaae
66,49,#dad9dd
67,49,#d3d1d4
68,49,#aaaba8
69,49,#c5c4b8
70,49,#636c4e
71,49,#4d572e
72,49,#3e3c22
73,49,#3b3b17
74,49,#3f3f19
75,49,#323c1b
76,49,#273513
77,49,#323e14
78,49,#2e3919
79,49,#2a3610
80,49,#384319
81,49,#3b441a
82,49,#29340e
83,49,#202c06
84,49,#26320c
85,49,#162602
86,49,#24330c
87,49,#3c4b24
88,49,#1e2c07
89,49,#1d2909
90,49,#1c2a06
91,49,#1a2806
92,49,#25340c
93,49,#22320b
94,49,#22370a
95,49,#29380d
96,49,#2d3a0f
97,49,#2f3a1b
98,49,#2f360c
99,49,#2d360a
100,49,#2e390f
101,49,#202b04
102,49,#343d13
103,49,#233207
104,49,#2c380d
105,49,#2e3b02
106,49,#39400e
107,49,#433f18
108,49,#353d14
109,49,#243604
110,49,#27360d
111,49,#323f13
112,49,#2b380a
113,49,#323a13
114,49,#3c4119
115,49,#3b431a
116,49,#323a13
117,49,#3a3a1b
118,49,#242a0a
119,49,#2d310e
120,49,#343315
121,49,#323115
122,49,#34331b
123,49,#2b2c12
124,49,#373819
125,49,#313516
126,49,#35391d
127,49,#3d3e1b
128,49,#373a1a
129,49,#0f0d1b
130,49,#35371d
131,49,#3c3914
132,49,#353015
133,49,#393b1c
134,49,#272819
135,49,#39350f
136,49,#474218
137,49,#454120
138,49,#4b4723
139,49,#453f1c
140,49,#383515
141,49,#403811
170,49,#0f0e1a
171,49,#4a4523
172,49,#534a21
173,49,#514b27
174,49,#3d391e
175,49,#3a3518
176,49,#4b4220
177,49,#4f4528
178,49,#605537
179,49,#5b5032
180,49,#5e5238
181,49,#584d30
182,49,#534923
183,49,#4e4b35
186,49,#575947
192,49,#1c201e
224,49,#585950
225,49,#34321a
226,49,#3d3f34
227,49,#d1d7cb
297,49,#3b4820
308,49,#19250d
309,49,#2d371c
310,49,#252a19
311,49,#5e623b
312,49,#504e26
313,49,#4b5328
314,49,#384016
315,49,#2b370f
316,49,#22300d
317,49,#2b3c12
318,49,#293914
319,49,#22320d
320,49,#1c2a07
321,49,#233110
322,49,#232e09
323,49,#28320f
324,49,#28320f
325,49,#1b2908
326,49,#2a3815
327,49,#1d2c0f
328,49,#192906
329,49,#233505
330,49,#283716
332,49,#1d2517
333,49,#212d09
334,49,#1a1f22
335,49,#172216
336,49,#102308
337,49,#2a3d0d
338,49,#324314
339,49,#202f06
340,49,#263807
341,49,#3a4b1e
342,49,#1a2a09
343,49,#070f10
345,49,#090d1c
347,49,#101723
348,49,#232f15
349,49,#233011
350,49,#1e320e
351,49,#233020
354,49,#31411a
355,49,#203607
356,49,#1b3506
357,49,#1d3508
358,49,#283810
359,49,#233808
360,49,#2c4119
361,49,#21380b
362,49,#0e1420
363,49,#223d08
364,49,#2e4208
365,49,#233911
366,49,#1d3706
367,49,#1e3708
368,49,#21380a
369,49,#203508
370,49,#223d0a
371,49,#253d0d
372,49,#1d3505
373,49,#1d3506
374,49,#203808
375,49,#1e3507
376,49,#1e3a0a
377,49,#213a08
378,49,#283e11
379,49,#223c0d
380,49,#1f3b0a
381,49,#1e390c
382,49,#2d4512
383,49,#1b3704
384,49,#243a0b
385,49,#1f3707
386,49,#2a4011
387,49,#2c3e0d
388,49,#324214
389,49,#22390a
390,49,#293c0f
391,49,#2b3c0f
392,49,#22350a
393,49,#24390a
394,49,#253506
395,49,#213909
396,49,#203608
397,49,#2d4011
398,49,#3b4b25
399,49,#24390b
400,49,#213b0b
401,49,#213b0c
402,49,#253d0b
403,49,#233f0c
404,49,#1c3105
405,49,#2e3d10
406,49,#283b0d
407,49,#2c370d
408,49,#353e19
409,49,#2e3611
410,49,#333716
411,49,#353a11
412,49,#323e0a
413,49,#222908
414,49,#262b0d
415,49,#283010
416,49,#1c2d08
417,49,#233a09
418,49,#2e3d12
419,49,#233209
420,49,#25380e
421,49,#27370d
422,49,#22300c
423,49,#2a3610
424,49,#24300a
425,49,#2c3d11
426,49,#24370a
427,49,#233a0a
428,49,#2d3f10
429,49,#243708
430,49,#3e4d1c
431,49,#252c04
432,49,#2f2f0a
433,49,#31390c
434,49,#323b10
435,49,#283a0a
436,49,#263606
437,49,#2d340d
438,49,#2b330d
439,49,#2a340c
440,49,#23310b
441,49,#292f09
442,49,#28370e
443,49,#2e4014
444,49,#1c3404
445,49,#1f3b0a
446,49,#2c3b10
447,49,#2c370d
448,49,#31390f
449,49,#333f17
450,49,#22370e
451,49,#20320a
452,49,#283a10
453,49,#273c0e
454,49,#253d09
455,49,#273e07
456,49,#2c3e0c
457,49,#2d420f
458,49,#2c4213
459,49,#24390f
460,49,#223508
461,49,#293f0e
462,49,#273d0e
463,49,#283e0f
464,49,#263c0d
465,49,#2a430c
466,49,#29400c
467,49,#2f430f
468,49,#263a07
469,49,#2a3d0d
470,49,#2c400d
471,49,#29400c
472,49,#2b430d
473,49,#2b3f0c
474,49,#273707
475,49,#2f430e
476,49,#2d420a
477,49,#344812
478,49,#26410a
479,49,#253c09
480,49,#243b07
481,49,#273e0a
482,49,#2b400a
483,49,#2f410f
484,49,#354516
485,49,#283809
486,49,#2d3f0f
487,49,#24380b
488,49,#22370a
489,49,#2b4013
490,49,#233507
491,49,#2b3b0e
492,49,#283b0d
493,49,#26390b
494,49,#2f4210
495,49,#313c11
496,49,#384116
497,49,#2c4010
498,49,#283b0b
499,49,#2d4010
500,49,#3c491b
501,49,#2b3d0b
502,49,#2c430d
503,49,#324611
504,49,#2f410d
505,49,#2f4610
506,49,#2c430d
507,49,#2e450c
508,49,#2d440c
509,49,#324410
510,49,#30400f
511,49,#33460f
512,49,#324310
513,49,#2d440c
514,49,#364911
515,49,#384913
516,49,#404e1b
517,49,#3a4913
518,49,#33440e
519,49,#374812
520,49,#32470e
521,49,#2c4108
522,49,#324b11
523,49,#2f460e
524,49,#364a15
525,49,#3a4d15
526,49,#364811
527,49,#2b420a
528,49,#374716
529,49,#2f410d
530,49,#3e4a1d
531,49,#333c0f
532,49,#3a4516
533,49,#3c4818
534,49,#3c4a19
535,49,#2c3508
536,49,#323a11
537,49,#37461b
538,49,#414f1e
539,49,#3b4719
540,49,#3b471c
541,49,#303e12
542,49,#334313
543,49,#3b4d1b
544,49,#354a12
545,49,#364711
546,49,#3b4a19
547,49,#334310
548,49,#374213
549,49,#4e5328
550,49,#293507
551,49,#3b4317
552,49,#374317
553,49,#484f25
554,49,#4b512b
555,49,#394318
556,49,#4d582d
557,49,#2f3f0f
569,49,#08111c
570,49,#4a621b
571,49,#35470a
572,49,#444e1f
573,49,#4a5622
574,49,#455321
575,49,#46541e
576,49,#1e272e
577,49,#3b490e
578,49,#11161e
583,49,#485424
584,49,#0c131a
21,50,#0f2c36
22,50,#091912
23,50,#0a1825
26,50,#192523
27,50,#223d21
28,50,#193c1d
29,50,#3a451a
30,50,#525624
31,50,#575a24
32,50,#435217
33,50,#505f27
34,50,#7b8e59
35,50,#283511
36,50,#43451a
37,50,#3e4314
38,50,#464822
39,50,#535929
40,50,#4e5a24
41,50,#394424
42,50,#13181f
43,50,#3a4424
44,50,#2a3b13
47,50,#29381a
48,50,#96a18d
49,50,#82857f
50,50,#121d23
64,50,#132b30
65,50,#4d6554
66,50,#32514c
67,50,#435e40
68,50,#d8dbd7
69,50,#cecdce
70,50,#c7cdbb
71,50,#343c17
72,50,#5a5d40
73,50,#484a3a
74,50,#a5a590
75,50,#3e4525
76,50,#2c371f
77,50,#485128
78,50,#313716
79,50,#172307
80,50,#2a3814
81,50,#474f27
82,50,#41471f
83,50,#28310f
84,50,#1a2807
85,50,#1d2d07
86,50,#222c08
87,50,#314213
88,50,#1f2f0a
89,50,#203007
90,50,#1e2e03
91,50,#1d2a0b
92,50,#22330c
93,50,#253b0c
94,50,#283d10
95,50,#273a0c
96,50,#293a0d
97,50,#28370c
98,50,#2c390e
99,50,#2b380d
100,50,#2d3a0d
101,50,#262f1b
102,50,#28340f
103,50,#334015
104,50,#2c3811
105,50,#2a3709
106,50,#354417
107,50,#29360a
108,50,#2f3b10
109,50,#2a340f
110,50,#212f0c
111,50,#2b380c
112,50,#263508
113,50,#39461b
114,50,#2e3810
115,50,#262b04
116,50,#384012
117,50,#202812
118,50,#191d0e
119,50,#33360f
120,50,#303209
121,50,#323711
122,50,#202709
123,50,#2e3319
124,50,#2d3412
125,50,#333617
126,50,#2d3012
127,50,#313213
128,50,#3f4020
129,50,#3c3d1b
130,50,#3c401d
131,50,#393a1a
132,50,#363413
133,50,#363728
134,50,#302f10
135,50,#322f0c
136,50,#413f16
137,50,#444319
138,50,#48451c
139,50,#4e4923
140,50,#474117
141,50,#3e3817
170,50,#292a31
171,50,#484321
172,50,#48451c
173,50,#433b15
174,50,#38340f
175,50,#3d381d
176,50,#494519
177,50,#4f4825
178,50,#564e29
179,50,#544c27
180,50,#4e4621
181,50,#544a27
182,50,#4f481e
183,50,#454313
191,50,#595537
192,50,#626041
193,50,#07081c
308,50,#1f2624
309,50,#0c1417
310,50,#434b2a
311,50,#4e4e28
312,50,#383e13
313,50,#323b16
314,50,#24300c
315,50,#2a3611
316,50,#29350e
317,50,#182410
318,50,#1f2e08
319,50,#182704
320,50,#1a2a0f
321,50,#20320a
322,50,#1e2c06
323,50,#283606
324,50,#222b18
325,50,#24300a
326,50,#232e0a
327,50,#394713
328,50,#35470d
329,50,#2c3c15
330,50,#2a3d0d
331,50,#223310
347,50,#25341f
348,50,#233903
349,50,#364d12
350,50,#445526
351,50,#273a0a
352,50,#213609
353,50,#253b0b
354,50,#2e4114
355,50,#26370a
356,50,#273a0c
357,50,#243d0d
358,50,#293a0d
359,50,#26390b
360,50,#2b3e10
361,50,#2c3c0d
362,50,#253d09
363,50,#283c07
364,50,#243b0b
365,50,#0e1f08
366,50,#263e0e
367,50,#233b0e
368,50,#1d3506
369,50,#213907
370,50,#213708
371,50,#203a0a
372,50,#233d0d
373,50,#2b4515
374,50,#203808
375,50,#314c19
376,50,#233b09
377,50,#1d3806
378,50,#1e3c08
379,50,#1e3906
380,50,#203c09
381,50,#223e0d
382,50,#24410e
383,50,#1a3606
384,50,#294111
385,50,#223e0b
386,50,#213e08
387,50,#2b440c
388,50,#283b0e
389,50,#263d0f
390,50,#29410d
391,50,#243a0a
392,50,#1d390b
393,50,#263e0a
394,50,#334918
395,50,#1f3b08
396,50,#284111
397,50,#223206
398,50,#2a3f12
399,50,#1e3809
400,50,#2a4414
401,50,#1e3a09
402,50,#29410d
403,50,#273b09
404,50,#273b0b
405,50,#2c4015
406,50,#2e3f12
407,50,#29410d
408,50,#1a2e04
409,50,#1c2d04
410,50,#303b12
411,50,#323d13
412,50,#2b330f
413,50,#2b3510
414,50,#2b330e
415,50,#28320e
416,50,#213309
417,50,#28370c
418,50,#2a370c
419,50,#2c370f
420,50,#28320d
421,50,#26320c
422,50,#28340e
423,50,#23300a
424,50,#24330a
425,50,#243307
426,50,#293a0e
427,50,#24350b
428,50,#25360a
429,50,#314215
430,50,#283a0b
431,50,#2a3b0b
432,50,#2b340a
433,50,#2b370d
434,50,#2e370d
435,50,#2f3a0d
436,50,#29350b
437,50,#26380e
438,50,#23370c
439,50,#2a340c
440,50,#2b2d0a
441,50,#2d330d
442,50,#323e11
443,50,#232d02
444,50,#323611
445,50,#242806
446,50,#2c380c
447,50,#213004
448,50,#2a3b0e
449,50,#273c0e
450,50,#24390b
451,50,#1f330d
452,50,#1f3409
453,50,#21310a
454,50,#27360c
455,50,#2c3e0e
456,50,#2d3f09
457,50,#2b410f
458,50,#334616
459,50,#253609
460,50,#223508
461,50,#26390b
462,50,#29400d
463,50,#344415
464,50,#273a0c
465,50,#263d0b
466,50,#273e08
467,50,#233706
468,50,#263c0b
469,50,#2b4110
470,50,#273a0a
471,50,#293c0c
472,50,#283a07
473,50,#304210
474,50,#2a3c0c
475,50,#253b0a
476,50,#243b07
477,50,#354916
478,50,#243b04
479,50,#2b4311
480,50,#284109
481,50,#243a0b
482,50,#2e4510
483,50,#2d3d0c
484,50,#2f3f10
485,50,#223507
486,50,#24370a
487,50,#1f3205
488,50,#293a0e
489,50,#334215
490,50,#344318
491,50,#344115
492,50,#354113
493,50,#374315
494,50,#333f11
495,50,#344711
496,50,#2e4010
497,50,#2c3f08
498,50,#2a3c0c
499,50,#283a0a
500,50,#2b3e0e
501,50,#2a3c0c
502,50,#324610
503,50,#314510
504,50,#2f410f
505,50,#30430b
506,50,#364710
507,50,#30440c
508,50,#33460e
509,50,#35430e
510,50,#2d450b
511,50,#2d4009
512,50,#32400d
513,50,#34450f
514,50,#30430b
515,50,#2d440b
516,50,#33440d
517,50,#455321
518,50,#3b4916
519,50,#294109
520,50,#354810
521,50,#3a4d16
522,50,#354a12
523,50,#274009
524,50,#304912
525,50,#263f08
526,50,#2d400a
527,50,#304811
528,50,#3e4818
529,50,#364713
530,50,#34400f
531,50,#424d21
532,50,#374512
533,50,#3d4a1c
534,50,#374416
535,50,#2e3e10
536,50,#2b3d0d
537,50,#293b11
538,50,#35451c
539,50,#37431d
540,50,#344416
541,50,#314110
542,50,#2d410b
543,50,#38471b
544,50,#3f4b1e
545,50,#364311
546,50,#394016
547,50,#2e400c
548,50,#35441b
549,50,#161e1e
550,50,#3e4c1b
551,50,#35411b
552,50,#464d2f
553,50,#3c4812
554,50,#3a4911
555,50,#3a4c14
556,50,#37450b
568,50,#283c18
569,50,#334410
570,50,#48561c
571,50,#425018
572,50,#040e21
29,51,#112d2a
30,51,#45571d
31,51,#415c23
32,51,#334d22
33,51,#3f5314
34,51,#354a18
35,51,#334017
36,51,#4d5629
37,51,#424e21
38,51,#3e4217
39,51,#3b461b
40,51,#445426
41,51,#434b28
42,51,#405126
67,51,#011426
68,51,#283e3a
69,51,#2d4627
70,51,#dee1d3
71,51,#c2c4c7
72,51,#d6e2d9
73,51,#b6beb1
74,51,#1e2d21
75,51,#deded9
76,51,#595d4f
77,51,#273311
78,51,#242e0e
79,51,#22300c
80,51,#212d08
81,51,#4a5326
82,51,#484e25
83,51,#2e3513
84,51,#1c2807
85,51,#222c08
86,51,#2d3815
87,51,#213508
88,51,#172a05
89,51,#323a13
90,51,#33411b
91,51,#283511
92,51,#1f2f08
93,51,#1e3008
94,51,#23380d
95,51,#263909
96,51,#253707
97,51,#2c3a0d
98,51,#2c3c0f
99,51,#223507
100,51,#273707
101,51,#24320f
102,51,#25360a
103,51,#304212
104,51,#293b0b
105,51,#324511
106,51,#2e3509
107,51,#3d421a
108,51,#30380e
109,51,#313a13
110,51,#2d3e11
111,51,#374514
112,51,#2b390a
113,51,#414c1e
114,51,#3a4116
115,51,#273610
116,51,#0e1623
117,51,#1a1625
118,51,#1a1525
119,51,#332f30
120,51,#434a1d
121,51,#1c2307
122,51,#1c240c
123,51,#363f18
124,51,#191f0f
125,51,#2e360f
126,51,#343813
127,51,#383919
128,51,#393a1a
129,51,#3e3f1f
130,51,#373b19
131,51,#3f4020
132,51,#3d4324
133,51,#3d3e1c
134,51,#464225
135,51,#353418
136,51,#363616
137,51,#312f09
138,51,#38340e
139,51,#4f4a24
140,51,#3f3811
141,51,#3e3514
169,51,#0d0a0e
170,51,#494120
171,51,#494517
172,51,#464113
173,51,#4b4218
174,51,#3c360c
175,51,#4e4a22
176,51,#433e20
177,51,#473f19
178,51,#514922
179,51,#5b532c
180,51,#56522e
181,51,#575027
182,51,#524e2b
183,51,#4f4c1a
184,51,#313831
190,51,#303a2d
191,51,#56502e
192,51,#8a7e5e
193,51,#595534
194,51,#10111d
294,51,#1c2622
295,51,#172522
308,51,#1b1e2e
309,51,#141c1e
310,51,#313a15
311,51,#4e5029
312,51,#313811
313,51,#23290a
314,51,#2b3010
315,51,#213008
316,51,#24330d
317,51,#05081a
318,51,#202d0a
319,51,#222c13
320,51,#182308
321,51,#2c390e
323,51,#2d3a1e
324,51,#29380c
325,51,#3c491d
326,51,#17240e
327,51,#273803
328,51,#2b3916
329,51,#27360a
330,51,#24300b
331,51,#0b0c1e
339,51,#2b3c0d
340,51,#2d3f19
341,51,#2d420c
342,51,#283f0a
343,51,#2f4808
344,51,#273c10
345,51,#2c3c15
346,51,#243b08
347,51,#243a07
348,51,#263a0d
349,51,#263a0b
350,51,#253d0c
351,51,#22390b
352,51,#2f4513
353,51,#213707
354,51,#25380b
355,51,#23390a
356,51,#1f3506
357,51,#283b0b
358,51,#283b0b
359,51,#2a3a0b
360,51,#29390b
361,51,#293608
362,51,#2a3b22
363,51,#273910
364,51,#2e490f
365,51,#264206
366,51,#425b1a
367,51,#2c440e
368,51,#1e3602
369,51,#203808
370,51,#273d0c
371,51,#233e0b
372,51,#1f390a
373,51,#1f390a
374,51,#203709
375,51,#1e3906
376,51,#233b09
377,51,#243b0c
378,51,#223c0c
379,51,#2b4313
380,51,#1d3807
381,51,#253f10
382,51,#24400a
383,51,#243c0a
384,51,#2b3f0c
385,51,#243d06
386,51,#243f0c
387,51,#213b08
388,51,#2c430f
389,51,#233e0b
390,51,#34460f
391,51,#455723
392,51,#223d05
393,51,#233713
394,51,#253a0f
395,51,#243c08
396,51,#273f0d
397,51,#284010
398,51,#243c0c
399,51,#223c0c
400,51,#203c0b
401,51,#233d0d
402,51,#213907
403,51,#263c0d
404,51,#233e0e
405,51,#213d0a
406,51,#2f4310
407,51,#253804
408,51,#2e410f
409,51,#293e0a
410,51,#283b07
411,51,#354114
412,51,#212a05
413,51,#2d340b
414,51,#283509
415,51,#223d08
416,51,#2d3f12
417,51,#25350a
418,51,#27380c
419,51,#233209
420,51,#283109
421,51,#243008
422,51,#1d2f05
423,51,#223208
424,51,#202f08
425,51,#24330c
426,51,#29350d
427,51,#28350d
428,51,#223005
429,51,#27350a
430,51,#26320c
431,51,#2a350b
432,51,#2b390d
433,51,#2a3b0f
434,51,#2e3812
435,51,#252e06
436,51,#2d350c
437,51,#2d3810
438,51,#2b320c
439,51,#2d310c
440,51,#2a350d
441,51,#273208
442,51,#283106
443,51,#2a3308
444,51,#31370e
445,51,#32360e
446,51,#353e13
447,51,#2a3b0d
448,51,#2e4013
449,51,#1c2e06
450,51,#314218
451,51,#1d310b
452,51,#163003
453,51,#1c300a
454,51,#23330e
455,51,#20370c
456,51,#253d0d
457,51,#203808
458,51,#23380b
459,51,#283a10
460,51,#22340a
461,51,#25380b
462,51,#293f10
463,51,#223809
464,51,#23380b
465,51,#253b0c
466,51,#263c0d
467,51,#26400d
468,51,#273f0d
469,51,#283b0e
470,51,#223809
471,51,#23390a
472,51,#1f3705
473,51,#243c0c
474,51,#253c0e
475,51,#243a09
476,51,#25380a
477,51,#2d400e
478,51,#2b420a
479,51,#28400e
480,51,#243c0c
481,51,#263c0b
482,51,#2a4012
483,51,#2a3b0e
484,51,#27380b
485,51,#233609
486,51,#1f3108
487,51,#1f3409
488,51,#25340a
489,51,#414a1f
490,51,#3e4519
491,51,#404618
492,51,#454e21
493,51,#333c0f
494,51,#323b0e
495,51,#2d3e0a
496,51,#334312
497,51,#30440b
498,51,#354916
499,51,#283c09
500,51,#2b3f0c
501,51,#3e501e
502,51,#2c4312
503,51,#283f09
504,51,#334810
505,51,#334410
506,51,#354811
507,51,#32460b
508,51,#2d4209
509,51,#30460e
510,51,#344910
511,51,#344612
512,51,#2c3c0b
513,51,#334511
514,51,#344911
515,51,#2d430b
516,51,#2c440c
517,51,#3b4a14
518,51,#354710
519,51,#374a13
520,51,#354914
521,51,#2a3e0b
522,51,#30440f
523,51,#2d4511
524,51,#2b3f0c
525,51,#2f4212
526,51,#324613
527,51,#2b420c
528,51,#324211
529,51,#30420e
530,51,#344412
531,51,#394015
532,51,#414b17
533,51,#354312
534,51,#2b3d09
535,51,#3b4d1c
536,51,#293c10
537,51,#121a21
543,51,#11181e
552,51,#1c2619
553,51,#202c19
554,51,#303f16
555,51,#2d3829
556,51,#2d3621
557,51,#1d231e
566,51,#101826
567,51,#355114
568,51,#35410f
569,51,#606531
570,51,#495425
571,51,#334f11
573,51,#0d1421
574,51,#0b151b
35,52,#101527
36,52,#080d20
37,52,#425515
38,52,#3d4b15
39,52,#37491c
40,52,#38471c
41,52,#707453
42,52,#9da692
45,52,#111d0f
71,52,#303942
72,52,#1d3c0e
73,52,#182b17
74,52,#8d9f88
75,52,#132b11
76,52,#72816a
77,52,#bfc4bd
78,52,#a6a990
79,52,#585e3a
80,52,#384020
81,52,#464d22
82,52,#1a2c0d
83,52,#2f3c0a
84,52,#323c0f
85,52,#3b461b
86,52,#424622
87,52,#2d3510
88,52,#3a451d
89,52,#252e0d
90,52,#3f441b
91,52,#3b3919
92,52,#404421
93,52,#1c2c0a
94,52,#20360b
95,52,#223807
96,52,#223609
97,52,#273a08
98,52,#2a3e0b
99,52,#273c09
100,52,#1e3505
101,52,#283d10
102,52,#283b0d
103,52,#293b0c
104,52,#314110
105,52,#42501d
106,52,#4a5522
107,52,#2b3d0f
108,52,#293a0d
109,52,#314014
110,52,#354418
111,52,#344513
112,52,#2b3906
113,52,#3c5019
114,52,#303708
115,52,#44491f
116,52,#41461d
117,52,#31390b
118,52,#3f4119
119,52,#3b3b15
120,52,#42411b
121,52,#3f4021
122,52,#3e3f2d
123,52,#3c4116
124,52,#191b08
125,52,#48492a
126,52,#2f370c
127,52,#1e2626
128,52,#20260e
129,52,#3a3c25
130,52,#43452f
131,52,#36361b
132,52,#3c3d17
133,52,#3d401b
134,52,#3a3c16
135,52,#384217
136,52,#3c3a1a
137,52,#30320b
138,52,#383a15
139,52,#42441c
140,52,#3c3d16
141,52,#423d19
142,52,#3a3e16
143,52,#403d17
144,52,#31310c
170,52,#484926
171,52,#4a4524
172,52,#42421e
173,52,#49461e
174,52,#454123
175,52,#434318
176,52,#484522
177,52,#544f28
178,52,#524e27
179,52,#434119
180,52,#4f4c23
181,52,#504b22
182,52,#534b26
183,52,#444a21
184,52,#404118
185,52,#4e4a25
186,52,#464624
187,52,#0d1512
188,52,#494c2d
189,52,#42411a
190,52,#464823
191,52,#68613a
192,52,#655c3d
193,52,#584d2c
194,52,#534f31
195,52,#555944
289,52,#494d3a
291,52,#171717
292,52,#544f26
293,52,#514e26
294,52,#414c26
310,52,#313c1b
311,52,#232f05
312,52,#24340c
313,52,#263608
314,52,#1d2221
318,52,#10131d
319,52,#283816
320,52,#273614
321,52,#32460d
322,52,#2b3c1a
323,52,#304314
324,52,#273234
325,52,#4b5c23
326,52,#3c4c1e
327,52,#27360d
336,52,#131916
337,52,#2e4313
338,52,#131c17
339,52,#232d28
340,52,#344216
341,52,#2a3d0e
342,52,#384d11
343,52,#243907
344,52,#3f541c
345,52,#1e2d1a
346,52,#20310e
347,52,#273a0c
348,52,#243709
349,52,#2e4111
350,52,#2f4916
351,52,#263b07
352,52,#2b3d21
353,52,#22370b
354,52,#253a0f
355,52,#25380c
356,52,#3d511f
357,52,#243a0a
358,52,#273d0e
359,52,#283e0f
360,52,#364f17
361,52,#243e03
362,52,#253914
365,52,#2e490e
366,52,#26410a
367,52,#2d4314
368,52,#2d4411
369,52,#273e05
370,52,#2e430a
371,52,#253d0b
372,52,#273d0b
373,52,#2a410d
374,52,#374e18
375,52,#2a3f0b
376,52,#2a3f09
377,52,#1f3a06
378,52,#32460d
379,52,#3a5218
380,52,#43581c
381,52,#324610
382,52,#294009
383,52,#2d450c
384,52,#3a4f15
385,52,#314a12
386,52,#284209
387,52,#273e09
388,52,#273e09
389,52,#29410a
390,52,#2e420b
391,52,#3b4c1b
392,52,#273d04
393,52,#344519
394,52,#273f12
395,52,#1e3906
396,52,#22390a
397,52,#1d390b
398,52,#24400c
399,52,#274111
400,52,#233d0e
401,52,#223c0d
402,52,#2c490f
403,52,#26410c
404,52,#233d0d
405,52,#223c0c
406,52,#203b09
407,52,#1f3808
408,52,#2d4412
409,52,#293f0c
410,52,#31460e
411,52,#2c4009
412,52,#2e3f0f
413,52,#253607
414,52,#273a0b
415,52,#2a3c0b
416,52,#273a0b
417,52,#2e3b10
418,52,#2f380f
419,52,#313711
420,52,#283207
421,52,#292e06
422,52,#2d360f
423,52,#2b3910
424,52,#213008
425,52,#2e3c0e
426,52,#283c0b
427,52,#2a3c08
428,52,#283d0a
429,52,#25380a
430,52,#293b0e
431,52,#293c0e
432,52,#334414
433,52,#243908
434,52,#283c0b
435,52,#2b3e0e
436,52,#26390d
437,52,#364817
438,52,#2d3a0e
439,52,#2e4116
440,52,#273d0e
441,52,#27370b
442,52,#2b3e0f
443,52,#2b3e0f
444,52,#2b3c0f
445,52,#27370e
446,52,#203105
447,52,#263e09
448,52,#364e18
449,52,#2c440f
450,52,#193305
451,52,#274112
452,52,#223d08
453,52,#2d450e
454,52,#1f340c
455,52,#23390d
456,52,#22370e
457,52,#25380a
458,52,#21330c
459,52,#22340b
460,52,#283d12
461,52,#283a0f
462,52,#223109
463,52,#20310a
464,52,#233809
465,52,#213b0b
466,52,#1f3609
467,52,#21390a
468,52,#2a4415
469,52,#21380a
470,52,#314313
471,52,#23360d
472,52,#283e0f
473,52,#20350a
474,52,#25380c
475,52,#2e400f
476,52,#2d3f0b
477,52,#2b3f0c
478,52,#364a17
479,52,#26390a
480,52,#223a08
481,52,#26390b
482,52,#24390c
483,52,#1a2c09
484,52,#2e3f16
485,52,#21390f
486,52,#2b3b11
487,52,#25350b
488,52,#27360a
489,52,#3b461a
490,52,#41481e
491,52,#363b12
492,52,#364313
493,52,#303c0e
494,52,#384114
495,52,#394014
496,52,#2d3f0b
497,52,#3a4611
498,52,#3e4919
499,52,#323e10
500,52,#3e4b1a
501,52,#3a4714
502,52,#2b430c
503,52,#2c3e0c
504,52,#223305
505,52,#324211
506,52,#33460f
507,52,#32410c
508,52,#34410e
509,52,#3c4216
510,52,#303b07
511,52,#374514
512,52,#2e3d0a
513,52,#2e400e
514,52,#314210
515,52,#2f3b0a
516,52,#273408
517,52,#2f3911
518,52,#25370a
519,52,#2a3f0d
520,52,#2f410d
521,52,#30430c
522,52,#324410
523,52,#324412
524,52,#2e4010
525,52,#314311
526,52,#364a15
527,52,#30440c
528,52,#2b3e0a
529,52,#344513
530,52,#394b17
531,52,#3c4410
532,52,#424c21
533,52,#475520
534,52,#354423
535,52,#0c0f22
565,52,#3c4e1e
566,52,#37551a
567,52,#454f22
568,52,#5c5d3a
569,52,#2f4607
570,52,#080f1c
37,53,#3b4e20
38,53,#445433
39,53,#152217
40,53,#3d4f1a
41,53,#1b1e24
43,53,#28361b
44,53,#1e3112
45,53,#1f3013
72,53,#1a2622
73,53,#324718
74,53,#18310e
75,53,#182912
76,53,#0c2211
77,53,#5f6c51
78,53,#dadbd7
79,53,#aaa79f
80,53,#27310e
81,53,#293c16
82,53,#212f13
83,53,#333e18
84,53,#313815
85,53,#323c18
86,53,#242e05
87,53,#3c411b
88,53,#535a38
89,53,#3e4a29
90,53,#1b2a08
91,53,#2a3015
92,53,#4b4827
93,53,#313917
94,53,#23350b
95,53,#21330b
96,53,#20320c
97,53,#20350a
98,53,#24390e
99,53,#21360b
100,53,#28390c
101,53,#293e0e
102,53,#2b4110
103,53,#3d5022
104,53,#2e3f13
105,53,#304313
106,53,#213406
107,53,#223408
108,53,#26370a
109,53,#29380b
110,53,#1f3808
111,53,#243707
112,53,#364619
113,53,#213303
114,53,#454e25
115,53,#364015
116,53,#3e451b
117,53,#2e2f0f
118,53,#3e401b
119,53,#4e4c26
120,53,#4b4d25
121,53,#373819
122,53,#3f4023
123,53,#3b3e1a
124,53,#2a2d06
125,53,#2f3514
126,53,#29310a
127,53,#272a25
128,53,#282b0d
129,53,#22251e
130,53,#1c1c1c
131,53,#2d3111
132,53,#383919
133,53,#343a18
134,53,#323313
135,53,#313213
136,53,#2f3012
137,53,#2e2f0f
138,53,#232405
139,53,#313310
140,53,#262d04
141,53,#3c4018
142,53,#3d3d19
143,53,#3b3714
144,53,#3b3513
145,53,#3a3d30
171,53,#0b0a15
172,53,#3d4017
173,53,#413f14
174,53,#3d3f1b
175,53,#43431f
176,53,#4b4827
177,53,#4f4b25
178,53,#56522c
179,53,#55512b
180,53,#524d25
181,53,#4e4921
182,53,#4b481f
183,53,#41471c
184,53,#373d12
185,53,#40491b
186,53,#3d4314
187,53,#40430f
188,53,#494720
189,53,#43401f
190,53,#4e4922
191,53,#59542a
192,53,#5f5733
193,53,#5c522f
194,53,#625d3a
195,53,#4e4c28
196,53,#4a493c
288,53,#39411d
290,53,#252530
291,53,#494619
292,53,#3e4313
293,53,#23352a
319,53,#2b3617
320,53,#22330a
321,53,#1e2e0a
322,53,#26360a
323,53,#1e281b
324,53,#2a3a11
325,53,#243114
326,53,#263410
327,53,#182606
331,53,#37441a
340,53,#111823
341,53,#29400f
342,53,#2b3f08
343,53,#304313
344,53,#2d410d
345,53,#2c4106
346,53,#2c3e1a
347,53,#233a05
348,53,#213805
349,53,#2b4309
350,53,#2a4509
351,53,#2b420d
352,53,#21360a
353,53,#243a09
354,53,#273d0f
355,53,#23350f
356,53,#223508
357,53,#263d0a
358,53,#253c09
359,53,#2b420e
360,53,#253e08
361,53,#3f591b
362,53,#2f4b10
363,53,#3a501b
364,53,#2f4610
365,53,#304711
366,53,#2f470d
367,53,#223a08
368,53,#2d440c
369,53,#2e4511
370,53,#384b19
371,53,#243b09
372,53,#2d4313
373,53,#243a0b
374,53,#243a0b
375,53,#29410e
376,53,#2f4310
377,53,#223b0a
378,53,#324a17
379,53,#334b16
380,53,#364d17
381,53,#29400c
382,53,#344710
383,53,#364912
384,53,#364912
385,53,#3a4b13
386,53,#394b10
387,53,#3f541b
388,53,#2f440b
389,53,#32470e
390,53,#30430d
391,53,#33450a
392,53,#273b0b
393,53,#425525
394,53,#2e450e
395,53,#2e470d
396,53,#213c06
397,53,#213c07
398,53,#243c08
399,53,#203606
400,53,#253e06
401,53,#2b440c
402,53,#30490f
403,53,#3a531c
404,53,#2f4810
405,53,#203903
406,53,#304814
407,53,#233e0b
408,53,#203b06
409,53,#2b440d
410,53,#2b480f
411,53,#21390a
412,53,#1c3302
413,53,#2b4310
414,53,#203805
415,53,#253d09
416,53,#2b400f
417,53,#364919
418,53,#203304
419,53,#26370a
420,53,#25380a
421,53,#29380c
422,53,#213609
423,53,#1f3608
424,53,#213206
425,53,#29390d
426,53,#28390d
427,53,#2c3b10
428,53,#293c0f
429,53,#2d3d10
430,53,#233608
431,53,#213909
432,53,#2c4310
433,53,#243c09
434,53,#304210
435,53,#273b09
436,53,#243709
437,53,#2e4715
438,53,#314618
439,53,#223508
440,53,#25360c
441,53,#273d0e
442,53,#243a0b
443,53,#253b0c
444,53,#23380b
445,53,#273f0b
446,53,#28400c
447,53,#233b07
448,53,#2a420e
449,53,#233b07
450,53,#233e09
451,53,#203a0c
452,53,#193303
453,53,#2d460c
454,53,#273e07
455,53,#29410d
456,53,#23390a
457,53,#253906
458,53,#213407
459,53,#22340e
460,53,#1e3404
461,53,#2a3d0e
462,53,#2d410c
463,53,#364919
464,53,#22380a
465,53,#253a0d
466,53,#1e3507
467,53,#213709
468,53,#24390c
469,53,#304316
470,53,#253d04
471,53,#293e13
472,53,#213708
473,53,#23390b
474,53,#273d0e
475,53,#21370a
476,53,#273e0e
477,53,#2b400d
478,53,#304313
479,53,#283b0d
480,53,#223809
481,53,#20350a
482,53,#23370c
483,53,#23360e
484,53,#25370c
485,53,#2b3a0f
486,53,#334316
487,53,#253208
488,53,#273408
489,53,#2b3709
490,53,#2e3e11
491,53,#273408
492,53,#364312
493,53,#394415
494,53,#303a0d
495,53,#464b22
496,53,#3e4a1d
497,53,#303d0f
498,53,#3f4819
499,53,#44491e
500,53,#333a0e
501,53,#3f461a
502,53,#374412
503,53,#3c4314
504,53,#43491b
505,53,#3e4816
506,53,#34410c
507,53,#384311
508,53,#3c4310
509,53,#414813
510,53,#3c4411
511,53,#323b0d
512,53,#38400d
513,53,#3a4616
514,53,#40471e
515,53,#313810
516,53,#333b12
517,53,#374316
518,53,#2f3d0c
519,53,#343e0c
520,53,#2f3b0b
521,53,#394b17
522,53,#2a4109
523,53,#2e420d
524,53,#2d3d0c
525,53,#2e420f
526,53,#2f430e
527,53,#2d410e
528,53,#344614
529,53,#33410e
530,53,#384711
531,53,#40471d
532,53,#38441c
533,53,#353f24
562,53,#2e4220
563,53,#3a4e16
564,53,#385017
565,53,#314e0e
566,53,#385515
567,53,#a7aa8f
568,53,#334c16
569,53,#354e10
570,53,#10201d
571,53,#36491c
36,54,#3d4d29
37,54,#31440d
38,54,#4f602b
39,54,#0e1125
42,54,#3a5620
43,54,#46602d
44,54,#3d5032
45,54,#1e2827
73,54,#152022
74,54,#4f623e
76,54,#1c2b15
77,54,#112719
78,54,#a7b4a5
79,54,#eff0ed
80,54,#59604c
81,54,#dad9ca
82,54,#4e5a38
83,54,#6b734e
84,54,#8a906e
85,54,#323c10
86,54,#3a411b
87,54,#3d4818
88,54,#323a15
89,54,#444823
90,54,#212d09
91,54,#182606
92,54,#2f3914
93,54,#323615
94,54,#343e16
95,54,#21310a
96,54,#22320e
97,54,#283b0d
98,54,#2c3d11
99,54,#2c3b0f
100,54,#293c0e
101,54,#253609
102,54,#1e340a
103,54,#1f3407
104,54,#495c2c
105,54,#2c400d
106,54,#273f0f
107,54,#283b0d
108,54,#304114
109,54,#2c3c0f
110,54,#273710
111,54,#243507
112,54,#2b3e12
113,54,#273a0a
114,54,#25380e
115,54,#213306
116,54,#2f390e
117,54,#404421
118,54,#2b370c
119,54,#414120
120,54,#3c411a
121,54,#2d3012
122,54,#3a3e2b
123,54,#353d13
124,54,#333a13
125,54,#354015
126,54,#2f3a10
127,54,#2c3a0f
128,54,#2e361d
130,54,#2b3409
131,54,#2a2f10
132,54,#3a3e1b
133,54,#38401b
134,54,#3a3e1b
135,54,#27310c
136,54,#2d3514
137,54,#282d06
138,54,#2e320e
139,54,#2f3409
140,54,#3b4018
141,54,#3e451c
142,54,#40451c
143,54,#41471d
144,54,#45411b
145,54,#383e0a
146,54,#122415
147,54,#1e2f18
148,54,#484f3d
172,54,#484923
173,54,#48441f
174,54,#3d3a19
175,54,#302f10
176,54,#423f1a
177,54,#4b4922
178,54,#504c26
179,54,#524d27
180,54,#434118
181,54,#4a4b21
182,54,#515125
183,54,#3c3d11
184,54,#3d4315
185,54,#313712
186,54,#343911
187,54,#42421b
188,54,#363b10
189,54,#43401b
190,54,#4a4620
191,54,#524d23
192,54,#5c5430
193,54,#574a27
194,54,#59512a
195,54,#525127
196,54,#343515
287,54,#2f3a33
289,54,#4a5a17
290,54,#272d14
291,54,#645b25
292,54,#3e4216
293,54,#3c4211
294,54,#434a14
295,54,#405816
296,54,#455d26
316,54,#41561c
317,54,#0e191b
318,54,#2b3a34
320,54,#2e401a
321,54,#21330b
322,54,#27380e
323,54,#273811
324,54,#202f0f
325,54,#203007
326,54,#283811
327,54,#060c12
330,54,#384d0f
335,54,#04091a
336,54,#1c3404
337,54,#385113
338,54,#121b13
341,54,#263b10
342,54,#30440e
343,54,#2d410e
344,54,#30440f
345,54,#263d05
346,54,#304907
347,54,#324b11
348,54,#2c450f
349,54,#2d460c
350,54,#283a06
351,54,#334115
352,54,#213805
353,54,#273c0f
354,54,#1a2f05
355,54,#263810
356,54,#233608
357,54,#2d440f
358,54,#283f09
359,54,#263d07
360,54,#324913
361,54,#2a410c
362,54,#3d571f
363,54,#31460c
364,54,#2b410c
365,54,#3e561b
366,54,#2e460f
367,54,#31490f
368,54,#415820
369,54,#364d15
370,54,#364d17
371,54,#42552a
372,54,#283d0b
373,54,#2f4613
374,54,#283e0d
375,54,#283b0c
376,54,#223a09
377,54,#4a5f23
378,54,#3c531b
379,54,#4d6127
380,54,#4a5c21
381,54,#46581b
382,54,#44581d
383,54,#253a05
384,54,#203605
385,54,#28400c
386,54,#263f07
387,54,#344b17
388,54,#304714
389,54,#354c18
390,54,#3b4e18
391,54,#4e5d34
392,54,#394c1a
393,54,#243c07
394,54,#405418
395,54,#324a0c
396,54,#264207
397,54,#29460c
398,54,#203b0b
399,54,#233d0e
400,54,#213805
401,54,#2a410d
402,54,#273e0b
403,54,#243a09
404,54,#344c12
405,54,#2c4408
406,54,#2c430b
407,54,#263d07
408,54,#2f450d
409,54,#32470e
410,54,#2b3f0c
411,54,#2c4215
412,54,#29420c
413,54,#28410a
414,54,#2a3e09
415,54,#2a4207
416,54,#2b470c
417,54,#2d460d
418,54,#253e07
419,54,#28400c
420,54,#263f07
421,54,#304912
422,54,#2f4213
423,54,#243c0a
424,54,#273d0c
425,54,#273a0c
426,54,#303d11
427,54,#2a3708
428,54,#29390a
429,54,#283509
430,54,#27370a
431,54,#27380b
432,54,#293509
433,54,#223306
434,54,#25380a
435,54,#263d07
436,54,#283f09
437,54,#28380c
438,54,#243909
439,54,#344813
440,54,#273d0e
441,54,#203508
442,54,#1d3403
443,54,#3a521f
444,54,#25400d
445,54,#1c3703
446,54,#253d0b
447,54,#223a0a
448,54,#253d0d
449,54,#253d0d
450,54,#263e0e
451,54,#263d11
452,54,#243e11
453,54,#2f461a
454,54,#1e3405
455,54,#243d06
456,54,#23380b
457,54,#2d4013
458,54,#273b08
459,54,#26390b
460,54,#243a0c
461,54,#273a0c
462,54,#2d4515
463,54,#2a410e
464,54,#283b0e
465,54,#1c3508
466,54,#1a3103
467,54,#21390b
468,54,#1f3608
469,54,#263b0e
470,54,#0d2308
471,54,#243c0c
472,54,#2e4016
473,54,#29400c
474,54,#263e0e
475,54,#283c0e
476,54,#1d3203
477,54,#253b0a
478,54,#203607
479,54,#203508
480,54,#21360b
481,54,#1e3109
482,54,#3f461a
483,54,#374012
484,54,#2f3b0d
485,54,#2e3c0b
486,54,#313d0f
487,54,#373f16
488,54,#364116
489,54,#394618
490,54,#3b461b
491,54,#464e24
492,54,#324015
493,54,#3a461c
494,54,#48512a
495,54,#3c401b
496,54,#494d28
497,54,#4e5430
498,54,#3f4718
499,54,#4f562c
500,54,#484f25
501,54,#3a4118
502,54,#3a4717
503,54,#444b1a
504,54,#4c5320
505,54,#35420d
506,54,#33410e
507,54,#394712
508,54,#444a1a
509,54,#3a4514
510,54,#374311
511,54,#323e10
512,54,#363c12
513,54,#384114
514,54,#3b4216
515,54,#394712
516,54,#323c0d
517,54,#3a4216
518,54,#323f11
519,54,#2b3a0e
520,54,#344113
521,54,#394716
522,54,#354413
523,54,#2b3d0d
524,54,#283e0f
525,54,#2a420e
526,54,#2b420c
527,54,#2d440c
528,54,#394918
529,54,#444d23
530,54,#354612
531,54,#303e17
532,54,#080f1d
561,54,#1b251b
562,54,#2c4b0b
563,54,#385013
564,54,#364b11
565,54,#2e4c0c
566,54,#42521b
567,54,#374d0f
568,54,#32520e
569,54,#355717
570,54,#31521e
571,54,#0a1c10
34,55,#27342c
35,55,#38510f
36,55,#465516
37,55,#0b1617
43,55,#070d1b
74,55,#101518
75,55,#3f4a43
76,55,#1e3018
77,55,#173306
78,55,#142f14
79,55,#6a7765
80,55,#313e2b
81,55,#3d4035
82,55,#68765f
83,55,#374128
84,55,#6f7e58
85,55,#1e2f0c
86,55,#48542e
87,55,#7b8664
88,55,#404a24
89,55,#575d37
90,55,#2f391a
91,55,#23310e
92,55,#293410
93,55,#323e1c
94,55,#2b3616
95,55,#22320d
96,55,#26390c
97,55,#283b0c
98,55,#2e410d
99,55,#293b0c
100,55,#2c3d0f
101,55,#1e2f08
102,55,#21370b
103,55,#223803
104,55,#384c17
105,55,#233607
106,55,#293c0f
107,55,#294008
108,55,#22370c
109,55,#203509
110,55,#2f4214
111,55,#273a0c
112,55,#223908
113,55,#213604
114,55,#263c10
115,55,#213407
116,55,#2a390e
117,55,#313c14
118,55,#18260b
119,55,#2e361c
120,55,#2d3a1f
121,55,#3d411d
122,55,#2e3316
123,55,#303716
124,55,#1b2608
125,55,#263307
126,55,#222d0c
127,55,#25311d
128,55,#222d1c
129,55,#272f1e
130,55,#2d361b
131,55,#29300f
132,55,#1b270e
133,55,#25310c
134,55,#23350e
135,55,#343f16
136,55,#393e1f
137,55,#333b17
138,55,#333913
139,55,#3e421d
140,55,#3b4417
141,55,#313c11
142,55,#3d4619
143,55,#383f15
144,55,#3a3c14
145,55,#353a12
146,55,#32340d
147,55,#3b3916
148,55,#343410
149,55,#393b16
150,55,#30370b
151,55,#2d3a10
152,55,#152116
172,55,#575832
173,55,#3a3b0f
174,55,#4e4d1f
175,55,#474325
176,55,#333012
177,55,#353714
178,55,#47481d
179,55,#49481b
180,55,#414218
181,55,#4b4c20
182,55,#4f4d23
183,55,#454219
184,55,#3b3f16
185,55,#373f19
186,55,#1e2507
187,55,#32370f
188,55,#2a2a05
189,55,#353711
190,55,#383a12
191,55,#525027
192,55,#544e2c
193,55,#585230
194,55,#574e2d
195,55,#4b4923
196,55,#3e3f1d
197,55,#313626
289,55,#0c0f1f
290,55,#324505
291,55,#424213
292,55,#3d3c13
293,55,#363d0f
294,55,#334008
295,55,#43530f
313,55,#162316
314,55,#405125
315,55,#37481c
316,55,#3d5219
321,55,#3d501d
322,55,#223309
323,55,#192807
324,55,#1a280c
325,55,#1f2d08
326,55,#273614
327,55,#465332
335,55,#304412
336,55,#2c450b
337,55,#27430a
338,55,#324a0c
339,55,#2d3f0e
340,55,#2d400e
341,55,#354c18
342,55,#2a430a
343,55,#2b420a
344,55,#394d18
345,55,#314d10
346,55,#283f09
347,55,#2e440f
348,55,#263c0b
349,55,#273e0a
350,55,#233a04
351,55,#233909
352,55,#1e3305
353,55,#20350a
354,55,#203508
355,55,#2a3d0d
356,55,#2a3e0b
357,55,#2c450d
358,55,#2e450d
359,55,#2f430e
360,55,#304711
361,55,#2b4110
362,55,#2f470e
363,55,#253c06
364,55,#273f0e
365,55,#344c12
366,55,#2b430d
367,55,#213908
368,55,#284007
369,55,#2d420a
370,55,#2a3f08
371,55,#273908
372,55,#314712
373,55,#2e4112
374,55,#283a08
375,55,#263a05
376,55,#1f3705
377,55,#223c0b
378,55,#1c3403
379,55,#3f531e
380,55,#4b5e28
381,55,#2f3f11
382,55,#3f501a
383,55,#3d5116
384,55,#2a3d07
385,55,#294208
386,55,#3a531a
387,55,#314a11
388,55,#40511b
389,55,#364711
390,55,#34441c
391,55,#35490c
392,55,#283d08
393,55,#364a15
394,55,#354a0e
395,55,#2c450b
396,55,#344e11
397,55,#254108
398,55,#233e0a
399,55,#233b09
400,55,#213706
401,55,#415520
402,55,#3d5316
403,55,#3a5216
404,55,#2f480e
405,55,#2d460c
406,55,#2d4611
407,55,#293c0b
408,55,#243a09
409,55,#354e14
410,55,#3a5417
411,55,#243b08
412,55,#2f490a
413,55,#304a0b
414,55,#365011
415,55,#2e4c0c
416,55,#354f10
417,55,#334c11
418,55,#2e480d
419,55,#2b470a
420,55,#335012
421,55,#3a5216
422,55,#364e12
423,55,#30480a
424,55,#263d08
425,55,#2e460c
426,55,#30420d
427,55,#2f460b
428,55,#2d410d
429,55,#2b3d07
430,55,#32460f
431,55,#2e3c0f
432,55,#3a4711
433,55,#2d3a0c
434,55,#233304
435,55,#1f3204
436,55,#304111
437,55,#2d3b0f
438,55,#263607
439,55,#293d06
440,55,#314812
441,55,#243706
442,55,#27420c
443,55,#364b0c
444,55,#4a5d25
445,55,#223903
446,55,#22390d
447,55,#233d0d
448,55,#233b07
449,55,#1c3203
450,55,#263f0a
451,55,#3a531b
452,55,#213b0c
453,55,#1e3509
454,55,#233808
455,55,#374d1a
456,55,#1c3607
457,55,#1c2f04
458,55,#40501f
459,55,#314311
460,55,#344813
461,55,#2c450e
462,55,#2f480f
463,55,#223a06
464,55,#172e04
465,55,#1e3507
466,55,#283f13
467,55,#1b330e
468,55,#22390e
469,55,#243610
470,55,#243d06
471,55,#233c04
472,55,#233b09
473,55,#263e0c
474,55,#2c4211
475,55,#223a0a
476,55,#2a400f
477,55,#233606
478,55,#273b08
479,55,#1f3003
480,55,#25380b
481,55,#393f1b
482,55,#354112
483,55,#3f481b
484,55,#333a10
485,55,#383f17
486,55,#444920
487,55,#40481f
488,55,#41431e
489,55,#454523
490,55,#484f25
491,55,#3a4316
492,55,#2e3910
493,55,#3e441a
494,55,#51522e
495,55,#484a23
496,55,#383f16
497,55,#3b4214
498,55,#4f522b
499,55,#4f5529
500,55,#2d3909
501,55,#2d3b0a
502,55,#2f410d
503,55,#42501d
504,55,#3a4412
505,55,#3c4612
506,55,#3e4a18
507,55,#3d4a19
508,55,#35420f
509,55,#33410d
510,55,#344212
511,55,#394213
512,55,#374114
513,55,#333f11
514,55,#323f11
515,55,#364117
516,55,#333c12
517,55,#3a4518
518,55,#354113
519,55,#2d3a0c
520,55,#324114
521,55,#3e4519
522,55,#383f13
523,55,#344815
524,55,#2f410f
525,55,#324612
526,55,#31490f
527,55,#364113
528,55,#545c29
529,55,#2f3b11
530,55,#364130
560,55,#394e23
561,55,#354f0d
562,55,#3c5819
563,55,#345010
564,55,#364d13
565,55,#384b11
566,55,#2f4111
567,55,#294803
568,55,#3a5315
569,55,#344d16
570,55,#2e470c
571,55,#1d3412
32,56,#3a5522
33,56,#465c1d
34,56,#c0c9c1
35,56,#445330
75,56,#0a0f22
76,56,#18211e
77,56,#172b12
78,56,#04150f
79,56,#23371d
80,56,#1d310f
81,56,#4d5c42
82,56,#9ca297
83,56,#91988b
84,56,#233611
85,56,#182c08
86,56,#455531
87,56,#475536
88,56,#202b13
89,56,#253110
90,56,#3b4522
91,56,#232d0d
92,56,#1d300a
93,56,#233312
94,56,#1b250e
95,56,#111f05
96,56,#25370f
97,56,#213706
98,56,#2d420c
99,56,#394c15
100,56,#364a0f
101,56,#3e5119
102,56,#465a1f
103,56,#4b5c26
104,56,#4a5924
105,56,#2a3d0f
106,56,#233609
107,56,#273a0c
108,56,#24370a
109,56,#2b3e0e
110,56,#283b0d
111,56,#25380a
112,56,#26380b
113,56,#415024
114,56,#23340a
115,56,#213708
116,56,#21360a
117,56,#3c4b1c
118,56,#253510
119,56,#151f12
120,56,#243106
121,56,#333b14
122,56,#202b04
123,56,#28350b
124,56,#23310e
125,56,#1a2709
126,56,#273214
127,56,#222e0e
128,56,#2d3b18
129,56,#2b351a
130,56,#212c0d
131,56,#253009
132,56,#304017
133,56,#283407
134,56,#202c04
135,56,#333f17
136,56,#253208
137,56,#253803
138,56,#334216
139,56,#3c491c
140,56,#273207
141,56,#303d11
142,56,#31380f
143,56,#2e350c
144,56,#32370e
145,56,#353c13
146,56,#333810
147,56,#343b12
148,56,#363d14
149,56,#3e451c
150,56,#363914
151,56,#383711
152,56,#32370c
153,56,#383f10
154,56,#0e141b
167,56,#42432f
168,56,#43463c
172,56,#181917
173,56,#3c3f20
174,56,#3a3e0f
175,56,#171a09
176,56,#302e21
177,56,#37391a
178,56,#42441f
179,56,#4e4f27
180,56,#4d4e24
181,56,#3e3f13
182,56,#373912
183,56,#41411b
184,56,#3c4118
185,56,#363e14
186,56,#1d2306
187,56,#373d14
188,56,#353712
189,56,#2a2d0e
190,56,#3a3f17
191,56,#4d4e22
192,56,#4b4923
193,56,#4a4721
194,56,#4d4924
195,56,#3d3e14
196,56,#343816
197,56,#283114
198,56,#0d1022
290,56,#192812
291,56,#353d19
292,56,#2d3c06
293,56,#485c21
294,56,#485928
295,56,#141e21
313,56,#3a4b28
314,56,#42551b
315,56,#394d13
316,56,#40541d
317,56,#17241f
320,56,#1c2428
321,56,#465d17
322,56,#283f06
323,56,#2f4116
324,56,#29371c
325,56,#1f2c16
326,56,#2d371c
335,56,#3a5418
336,56,#3b5317
337,56,#304a0b
338,56,#374f11
339,56,#475d1c
340,56,#455f19
341,56,#385015
342,56,#2e470e
343,56,#253c06
344,56,#364b0e
345,56,#2b440b
346,56,#2e450f
347,56,#203607
348,56,#253a0d
349,56,#243b08
350,56,#29400a
351,56,#253c08
352,56,#2c430e
353,56,#243a09
354,56,#2d4410
355,56,#283f0b
356,56,#2b420f
357,56,#40551b
358,56,#354c14
359,56,#3d5717
360,56,#354c15
361,56,#324613
362,56,#2f4210
363,56,#283c09
364,56,#2d3f0d
365,56,#243b05
366,56,#3a4f17
367,56,#294009
368,56,#2d410c
369,56,#2c3e0c
370,56,#3d5115
371,56,#33440c
372,56,#46551c
373,56,#3e4f18
374,56,#2a3e0b
375,56,#263a05
376,56,#314314
377,56,#525f33
378,56,#2e3a10
379,56,#303e0e
380,56,#324512
381,56,#415122
382,56,#4b5a22
383,56,#3c4e13
384,56,#4c6025
385,56,#374a12
386,56,#364915
387,56,#3e4f18
388,56,#3a4b14
389,56,#4f5e27
390,56,#3c4f17
391,56,#45591f
392,56,#3b5015
393,56,#40551a
394,56,#354a12
395,56,#2d450f
396,56,#273e08
397,56,#395316
398,56,#354e15
399,56,#25400b
400,56,#273e10
401,56,#324818
402,56,#2b450a
403,56,#3a5415
404,56,#395113
405,56,#385213
406,56,#354d11
407,56,#354d13
408,56,#273c05
409,56,#2f430f
410,56,#365013
411,56,#2e470b
412,56,#3b4d14
413,56,#34460e
414,56,#374c13
415,56,#334a11
416,56,#395518
417,56,#314b0e
418,56,#385014
419,56,#32470c
420,56,#42581a
421,56,#374d0f
422,56,#3c5212
423,56,#3a500f
424,56,#3f5517
425,56,#375311
426,56,#3e5518
427,56,#435818
428,56,#385110
429,56,#355210
430,56,#385810
431,56,#385012
432,56,#374711
433,56,#384712
434,56,#2e3b0d
435,56,#374210
436,56,#323e0e
437,56,#324611
438,56,#2b4008
439,56,#425a1e
440,56,#223807
441,56,#2e420f
442,56,#233d0c
443,56,#3c531e
444,56,#2f4811
445,56,#375113
446,56,#3c541a
447,56,#3a531d
448,56,#354c14
449,56,#2c410f
450,56,#2d420b
451,56,#193003
452,56,#274212
453,56,#263b0e
454,56,#4f5f31
455,56,#41531f
456,56,#203808
457,56,#24390d
458,56,#3b4b1a
459,56,#495a26
460,56,#213805
461,56,#273f0d
462,56,#243d06
463,56,#324a16
464,56,#273f0f
465,56,#304816
466,56,#284010
467,56,#1c360a
468,56,#2e4519
469,56,#0a1809
470,56,#0a1816
471,56,#0a1c0f
472,56,#28410b
473,56,#284010
474,56,#273c11
475,56,#2a400f
476,56,#213309
477,56,#2b3d10
478,56,#2a3a09
479,56,#293f0e
480,56,#1d2a07
481,56,#3e4417
482,56,#3f4b1b
483,56,#384216
484,56,#4a502f
485,56,#28340e
486,56,#2e3d11
487,56,#353d13
488,56,#484a25
489,56,#3f4020
490,56,#313910
491,56,#313a0f
492,56,#2e3d0f
493,56,#334110
494,56,#384318
495,56,#394419
496,56,#41481c
497,56,#35360f
498,56,#3f4719
499,56,#454917
500,56,#373f13
501,56,#333c0f
502,56,#344411
503,56,#31420e
504,56,#394714
505,56,#37440f
506,56,#34400e
507,56,#33400a
508,56,#37410f
509,56,#3a4213
510,56,#3b4415
511,56,#394616
512,56,#303d0f
513,56,#2d3a0c
514,56,#2a3709
515,56,#28320c
516,56,#2a370c
517,56,#304010
518,56,#34420f
519,56,#3a4411
520,56,#3d4a1c
521,56,#3a4318
522,56,#374217
523,56,#364214
524,56,#3c4617
525,56,#30460e
526,56,#414c19
527,56,#43471d
528,56,#374213
529,56,#182224
559,56,#222c25
560,56,#364f0f
561,56,#3a5417
562,56,#355310
563,56,#46551d
564,56,#424a1b
565,56,#3e4d21
566,56,#2f4812
567,56,#575e40
568,56,#364d10
569,56,#1a3c06
570,56,#1f331b
571,56,#495d43
29,57,#839064
30,57,#131c09
31,57,#313930
32,57,#13191f
77,57,#1a281a
78,57,#213806
79,57,#1b2a17
80,57,#213913
81,57,#122e02
82,57,#334224
83,57,#26361a
84,57,#415437
85,57,#21320e
86,57,#192c0a
87,57,#202d12
88,57,#212f0d
89,57,#1c290c
90,57,#202913
91,57,#283012
92,57,#202c0f
93,57,#1b280d
94,57,#162403
95,57,#192b06
96,57,#192a09
97,57,#142404
98,57,#293b10
99,57,#223808
100,57,#354610
101,57,#485721
102,57,#3d5316
103,57,#2a4108
104,57,#40551c
105,57,#3a5013
106,57,#304413
107,57,#273922
108,57,#12210d
109,57,#213102
110,57,#23380b
111,57,#273c0f
112,57,#263a0d
113,57,#27390e
114,57,#24360c
115,57,#2a3c15
116,57,#2a3a0d
117,57,#343f12
118,57,#304213
119,57,#2c3b15
120,57,#202d14
121,57,#2c3b15
122,57,#1a260c
123,57,#18240c
124,57,#1d2a0b
125,57,#212c0c
126,57,#2f3c13
127,57,#313d1b
128,57,#353f1f
129,57,#353c1b
130,57,#29390d
131,57,#353f1d
132,57,#2b3c11
133,57,#2f3d0b
134,57,#2b3f0c
135,57,#203208
136,57,#1f340d
137,57,#1c2c0a
138,57,#1f3008
139,57,#243113
140,57,#17230d
141,57,#2e3b0f
142,57,#303d19
143,57,#263412
144,57,#26350c
145,57,#26350c
146,57,#2d3b0a
147,57,#333b13
148,57,#2a320a
149,57,#2d340f
150,57,#2e330b
151,57,#30320b
152,57,#353810
153,57,#2d2f0c
154,57,#303410
155,57,#282c07
156,57,#31340d
157,57,#39402f
170,57,#101114
171,57,#373d0f
172,57,#3e3e18
173,57,#373817
174,57,#373a11
175,57,#3f4019
176,57,#3b3d17
177,57,#363c0c
178,57,#3e4318
179,57,#383d13
180,57,#3c3c17
181,57,#40401d
182,57,#363915
183,57,#3e4216
184,57,#3a3b15
185,57,#42451a
186,57,#4a4d21
187,57,#2f3608
188,57,#343814
189,57,#40441e
190,57,#394015
191,57,#45481a
192,57,#313113
193,57,#43430f
194,57,#534e29
195,57,#46471f
196,57,#44421c
197,57,#424422
198,57,#3d3b18
199,57,#2b2b1c
200,57,#0b0c1e
290,57,#3b4725
292,57,#3a4d12
293,57,#4a6217
294,57,#465815
295,57,#40591b
296,57,#394f0b
314,57,#495d20
315,57,#455718
316,57,#3b4c27
317,57,#465724
318,57,#283720
319,57,#3e5716
320,57,#263624
321,57,#1e212b
322,57,#2d3b27
323,57,#374334
335,57,#334817
336,57,#334d09
337,57,#3a5416
338,57,#415a16
339,57,#3d5315
340,57,#395218
341,57,#385213
342,57,#38511a
343,57,#2b440d
344,57,#334d10
345,57,#41591f
346,57,#37500f
347,57,#283f08
348,57,#2d440f
349,57,#364e0e
350,57,#2a4207
351,57,#2c440a
352,57,#2c4413
353,57,#253e07
354,57,#213a03
355,57,#233b02
356,57,#2f460e
357,57,#344c0f
358,57,#2d440d
359,57,#334916
360,57,#2d460d
361,57,#263b0b
362,57,#3e521c
363,57,#394f10
364,57,#334710
365,57,#243a08
366,57,#2f3f17
367,57,#1e3306
368,57,#2e400f
369,57,#31400a
370,57,#283c08
371,57,#293f0a
372,57,#42541e
373,57,#475b22
374,57,#41581c
375,57,#3c5616
376,57,#3e561a
377,57,#243b07
378,57,#3e551f
379,57,#3c5018
380,57,#3b4d10
381,57,#3d4d10
382,57,#2c3818
383,57,#243105
384,57,#2e3a11
385,57,#354612
386,57,#3c4e17
387,57,#455820
388,57,#41541c
389,57,#41561e
390,57,#45591e
391,57,#455820
392,57,#455a1f
393,57,#43591b
394,57,#273e07
395,57,#263e0c
396,57,#3a5119
397,57,#375014
398,57,#2b4506
399,57,#253f10
400,57,#223413
401,57,#3f5617
402,57,#364f0f
403,57,#3a530e
404,57,#3b520d
405,57,#3d5313
406,57,#2e4309
407,57,#33480f
408,57,#3a4914
409,57,#41551a
410,57,#43521b
411,57,#404d18
412,57,#414f18
413,57,#414e19
414,57,#40531c
415,57,#3e531a
416,57,#395218
417,57,#395112
418,57,#3d5416
419,57,#42541a
420,57,#44551e
421,57,#3f521a
422,57,#43511c
423,57,#404e19
424,57,#45561f
425,57,#42551b
426,57,#49551e
427,57,#49521a
428,57,#495c21
429,57,#485a22
430,57,#3f561d
431,57,#3a5718
432,57,#3a5714
433,57,#546b2b
434,57,#3c5417
435,57,#325010
436,57,#2f460e
437,57,#41591e
438,57,#304711
439,57,#374f13
440,57,#364b10
441,57,#394e12
442,57,#3d5518
443,57,#425621
444,57,#253d0e
445,57,#203a0b
446,57,#1f3705
447,57,#314913
448,57,#415a1d
449,57,#43541f
450,57,#2e410d
451,57,#3e5115
452,57,#405222
453,57,#213416
454,57,#223b15
455,57,#1d3707
456,57,#243c09
457,57,#354d13
458,57,#354e14
459,57,#2d4711
460,57,#233711
461,57,#132903
462,57,#273d11
463,57,#243b0e
464,57,#29420a
465,57,#2b440b
466,57,#324b14
467,57,#263f09
468,57,#2f4716
469,57,#1b310a
470,57,#132904
471,57,#283e0f
472,57,#20370b
473,57,#233509
474,57,#2c4116
475,57,#283d10
476,57,#2f4117
477,57,#2d3c11
478,57,#3a4b18
479,57,#283c09
480,57,#29390e
481,57,#353d16
483,57,#2c3212
484,57,#4d4f20
485,57,#333f0f
486,57,#3c4015
487,57,#495027
488,57,#3d4319
489,57,#353c12
490,57,#394314
491,57,#52532e
492,57,#324112
493,57,#293a08
494,57,#394915
495,57,#314410
496,57,#33420f
497,57,#434c1a
498,57,#364010
499,57,#394517
500,57,#304411
501,57,#2e400e
502,57,#2b3e09
503,57,#374a12
504,57,#394b10
505,57,#374810
506,57,#32450d
507,57,#384d13
508,57,#334810
509,57,#31460e
510,57,#30440e
511,57,#364b14
512,57,#2d430b
513,57,#2a3e0e
514,57,#273f07
515,57,#1c2f02
516,57,#2b370d
517,57,#364116
518,57,#323f14
519,57,#303d10
520,57,#323e10
521,57,#40491c
522,57,#2c3e0d
523,57,#2b400f
524,57,#2d3c11
525,57,#394020
526,57,#42501c
559,57,#364e18
560,57,#35540e
561,57,#32510b
562,57,#2b450b
563,57,#3e4919
564,57,#1e3105
565,57,#223e08
566,57,#223b05
567,57,#444f12
568,57,#32451b
569,57,#294227
576,57,#13192c
25,58,#090917
26,58,#727a53
27,58,#33431b
28,58,#02071b
29,58,#282e2b
78,58,#1d2d15
79,58,#233410
82,58,#1c3110
83,58,#3f4e2e
84,58,#6b7060
85,58,#3e4d2e
86,58,#5b6950
87,58,#354521
88,58,#384a25
89,58,#19290d
90,58,#233215
91,58,#18240c
92,58,#1c2a11
93,58,#1c2d05
94,58,#18270a
95,58,#1e2f0d
96,58,#1b2c09
97,58,#243315
98,58,#192906
99,58,#23330f
100,58,#203305
101,58,#2b3d0d
102,58,#283f0d
103,58,#283e0e
104,58,#3a5119
105,58,#1f3808
106,58,#273812
107,58,#263708
108,58,#24350a
109,58,#364315
110,58,#243805
111,58,#364a16
112,58,#3b521b
113,58,#2a4013
114,58,#172b05
115,58,#263d08
116,58,#203110
117,58,#2a3b0d
118,58,#283a11
119,58,#213212
120,58,#2a3a13
121,58,#131e15
122,58,#2d3e15
123,58,#2c3d11
124,58,#2c3a1d
125,58,#222d1d
126,58,#1d2d07
127,58,#18250f
128,58,#1d2c11
129,58,#233212
130,58,#212a15
131,58,#233006
132,58,#192407
133,58,#122102
134,58,#26390c
135,58,#1e2e09
136,58,#2a3f14
137,58,#233508
138,58,#21300b
139,58,#2c3811
140,58,#17231a
141,58,#223113
142,58,#27331f
143,58,#1e2c11
144,58,#202c16
145,58,#283910
146,58,#2a3813
147,58,#2c370d
148,58,#2e390f
149,58,#2a350b
150,58,#2f370e
151,58,#2f360d
152,58,#34350f
153,58,#32320e
154,58,#3b3b17
155,58,#2f330e
156,58,#363811
157,58,#333512
158,58,#3a3c16
159,58,#393913
160,58,#3b3a12
161,58,#403b16
162,58,#353908
167,58,#24232f
168,58,#41462a
169,58,#21230d
170,58,#303606
171,58,#30340f
172,58,#353a10
173,58,#383c16
174,58,#2b2f0e
175,58,#3a3c14
176,58,#40421b
177,58,#282d06
178,58,#333421
179,58,#323616
180,58,#2d3212
181,58,#313715
182,58,#323610
183,58,#292c14
184,58,#343514
185,58,#353710
186,58,#343611
187,58,#42441c
188,58,#363a17
189,58,#282b0e
190,58,#2a2f12
191,58,#353915
192,58,#232504
193,58,#363217
194,58,#423f12
195,58,#49471b
196,58,#4a4821
197,58,#333c16
198,58,#2c320b
199,58,#313812
200,58,#3a4119
201,58,#374014
202,58,#101414
203,58,#111419
286,58,#445318
287,58,#40591a
288,58,#2e4710
289,58,#416114
290,58,#16221d
291,58,#1d2a22
292,58,#3a5424
293,58,#264216
294,58,#3d5c1b
295,58,#465f1b
296,58,#3a4b15
297,58,#4f5d2e
314,58,#3d5517
315,58,#3b5317
316,58,#152412
317,58,#142012
318,58,#526633
319,58,#334619
320,58,#0b131e
329,58,#0f151e
330,58,#222832
333,58,#455826
334,58,#3e5c19
335,58,#274406
336,58,#3b5814
337,58,#365315
338,58,#4e6925
339,58,#3b5317
340,58,#324f0f
341,58,#2d4209
342,58,#2b3d0c
343,58,#304210
344,58,#243509
345,58,#2f470d
346,58,#2d440f
347,58,#2e4414
348,58,#415a17
349,58,#3c5515
350,58,#284207
351,58,#274103
352,58,#364e0f
353,58,#395111
354,58,#294108
355,58,#354d0f
356,58,#243b03
357,58,#2b4110
358,58,#273e08
359,58,#2f470e
360,58,#374f15
361,58,#344b14
362,58,#2e430c
363,58,#3a5010
364,58,#3a4f15
365,58,#445d1c
366,58,#324412
367,58,#1c3402
368,58,#304712
369,58,#3a4f14
370,58,#2b4008
371,58,#435b21
372,58,#253806
373,58,#2d4008
374,58,#364b12
375,58,#253a08
376,58,#394e16
377,58,#3b521c
378,58,#233704
379,58,#455723
380,58,#43581f
381,58,#243314
382,58,#475526
383,58,#445720
384,58,#3d541b
385,58,#384b14
386,58,#2d400b
387,58,#3e4f18
388,58,#44571f
389,58,#44571f
390,58,#354810
391,58,#43561e
392,58,#3b5018
393,58,#3c5116
394,58,#40581e
395,58,#2a4210
396,58,#263d09
397,58,#233a04
398,58,#263b0d
399,58,#2a3e09
400,58,#374e16
401,58,#364e0f
402,58,#344a10
403,58,#394f11
404,58,#3e5217
405,58,#384c10
406,58,#3f5019
407,58,#445319
408,58,#3e5016
409,58,#3d5315
410,58,#415019
411,58,#46551c
412,58,#47561d
413,58,#424f1a
414,58,#41511c
415,58,#41561b
416,58,#40571b
417,58,#42551e
418,58,#43521d
419,58,#414f1a
420,58,#465720
421,58,#42531d
422,58,#485821
423,58,#44551e
424,58,#405419
425,58,#3c5315
426,58,#435519
427,58,#43561b
428,58,#636f39
429,58,#527539
430,58,#475a22
431,58,#435a1d
432,58,#405e1b
433,58,#415a19
434,58,#395312
435,58,#3d5718
436,58,#3b5017
437,58,#455a24
438,58,#2f460e
439,58,#354d0f
440,58,#324613
441,58,#455925
442,58,#425a1d
443,58,#42581b
444,58,#3f581d
445,58,#1f3a07
446,58,#28400e
447,58,#1c3405
448,58,#2d400e
449,58,#454d1e
450,58,#555f2e
451,58,#393c25
452,58,#263d0e
453,58,#1d340e
454,58,#172d07
455,58,#182c07
456,58,#233510
457,58,#1b3005
458,58,#20350c
459,58,#172901
460,58,#1b3007
461,58,#1a2f06
462,58,#192b03
463,58,#20320a
464,58,#26390a
465,58,#30470f
466,58,#2c430d
467,58,#324911
468,58,#213706
469,58,#263c0b
470,58,#2d4313
471,58,#253f0f
472,58,#233910
473,58,#203407
474,58,#293f0e
475,58,#26410e
476,58,#253d09
477,58,#31460e
478,58,#2a3e09
479,58,#2e4113
480,58,#27380f
481,58,#191e18
482,58,#0a1219
483,58,#3e4520
484,58,#444b23
485,58,#2e3f0d
486,58,#434c1d
487,58,#34410e
488,58,#404e19
489,58,#44531c
490,58,#3a4614
491,58,#2f3f0b
492,58,#32440d
493,58,#3a4d16
494,58,#35470d
495,58,#2f420b
496,58,#394a14
497,58,#33400b
498,58,#324410
499,58,#354614
500,58,#31460e
501,58,#2f420b
502,58,#384d12
503,58,#33460e
504,58,#384a16
505,58,#32440e
506,58,#2f410d
507,58,#2e420d
508,58,#2f4310
509,58,#293c0c
510,58,#2c430b
511,58,#2c430b
512,58,#334618
513,58,#31470a
514,58,#384c12
515,58,#2a4209
516,58,#334712
517,58,#29400c
518,58,#314512
519,58,#304011
520,58,#2c3b11
521,58,#2b380d
522,58,#313d11
523,58,#344518
524,58,#223404
525,58,#18241e
529,58,#303d1d
559,58,#3f4a24
560,58,#395514
561,58,#335210
562,58,#354311
563,58,#27460a
564,58,#2c470c
565,58,#334b10
566,58,#354717
567,58,#35411f
568,58,#31450e
569,58,#a2b088
577,58,#4a5544
23,59,#060a18
82,59,#1a301d
83,59,#2a3d18
84,59,#2d3620
85,59,#1f3513
86,59,#5d6c51
87,59,#15230a
88,59,#273712
89,59,#243314
90,59,#223010
91,59,#1d2610
92,59,#1f300c
93,59,#192a06
94,59,#1d2e0a
95,59,#162803
96,59,#1d2e0a
97,59,#22320e
98,59,#24320f
99,59,#1a2506
100,59,#1f2e0f
101,59,#1e2d08
102,59,#233408
103,59,#1d2d08
104,59,#26360e
105,59,#233608
106,59,#27370c
107,59,#243609
108,59,#31480e
109,59,#40561e
110,59,#465826
111,59,#425420
112,59,#2c3f08
113,59,#334513
114,59,#4b5d29
115,59,#4b5c28
116,59,#3d4e1f
117,59,#3c501e
118,59,#313e12
119,59,#354512
120,59,#243b03
121,59,#21360d
122,59,#1a2c04
123,59,#253714
124,59,#2b3c1a
125,59,#384a11
126,59,#334311
127,59,#303e0c
128,59,#203009
129,59,#2a3b13
130,59,#283a13
131,59,#2a3d1f
132,59,#2a3d0e
133,59,#2f430f
134,59,#3c4717
135,59,#455527
136,59,#394c1e
137,59,#263607
138,59,#212a18
139,59,#333d18
140,59,#273315
141,59,#1f2c12
142,59,#1d2a0c
143,59,#2a3815
144,59,#233307
145,59,#202f0f
146,59,#293a0f
147,59,#283410
148,59,#2f3b15
149,59,#2f3b13
150,59,#273409
151,59,#253106
152,59,#2a300a
153,59,#2d340b
154,59,#31380e
155,59,#2d2f0a
156,59,#32370f
157,59,#2c340b
158,59,#2f350f
159,59,#2f350f
160,59,#30380e
161,59,#30370e
162,59,#515a30
167,59,#2c3115
168,59,#3f4326
169,59,#46492c
170,59,#464725
171,59,#2f3211
172,59,#3a4226
173,59,#29310b
174,59,#363d13
175,59,#3f441b
176,59,#353a11
177,59,#2f350d
178,59,#2e350a
179,59,#202311
180,59,#262d0c
181,59,#2e3610
182,59,#353b0e
183,59,#353526
184,59,#36371a
185,59,#252906
186,59,#272b06
187,59,#3d3c18
188,59,#383910
189,59,#272a0b
190,59,#2e3410
191,59,#282c11
192,59,#22261e
193,59,#373b1f
194,59,#202408
195,59,#31390d
196,59,#26340c
197,59,#222f0a
198,59,#272d0d
199,59,#333a10
200,59,#384118
201,59,#3b461a
202,59,#2a3706
203,59,#0a0c17
283,59,#323430
284,59,#2a3329
285,59,#223514
286,59,#405219
287,59,#385715
288,59,#3c5e0b
289,59,#416013
290,59,#394d26
292,59,#3c4a26
294,59,#3b5511
295,59,#3f5c18
296,59,#3e5116
297,59,#4e5e1d
298,59,#404e1c
299,59,#0f1715
314,59,#39531e
315,59,#3e5d15
316,59,#3c5213
317,59,#3e5028
318,59,#060d1a
320,59,#1d2b1e
321,59,#40561a
322,59,#17221a
326,59,#151c30
327,59,#3f5316
328,59,#304310
329,59,#2f420b
330,59,#354a0f
331,59,#405022
332,59,#324b0f
333,59,#3c5510
334,59,#3b5412
335,59,#3f5a19
336,59,#395217
337,59,#30480e
338,59,#3d5312
339,59,#364911
340,59,#374915
341,59,#354811
342,59,#283d05
343,59,#394e15
344,59,#455a21
345,59,#2d4209
346,59,#2c400e
347,59,#2e450e
348,59,#283f0d
349,59,#405818
350,59,#445a19
351,59,#3b5113
352,59,#3f5612
353,59,#425915
354,59,#3b5015
355,59,#273f05
356,59,#283f07
357,59,#354c15
358,59,#385015
359,59,#3e5716
360,59,#2c410c
361,59,#364c0e
362,59,#3b5111
363,59,#3c5212
364,59,#415716
365,59,#3d5517
366,59,#42561a
367,59,#415517
368,59,#34480b
369,59,#4b5f22
370,59,#2d420b
371,59,#243c02
372,59,#3e5419
373,59,#2e430f
374,59,#42551e
375,59,#445521
376,59,#465922
377,59,#344911
378,59,#3e501c
379,59,#4d5d2c
380,59,#485832
381,59,#475532
382,59,#2f440c
383,59,#41541d
384,59,#425118
385,59,#3e5119
386,59,#3e4c17
387,59,#485621
388,59,#3b4c16
389,59,#384913
390,59,#364713
391,59,#43541e
392,59,#475a26
393,59,#40551c
394,59,#364e14
395,59,#213909
396,59,#1f3407
397,59,#273c0e
398,59,#3f521c
399,59,#46541e
400,59,#3c4c11
401,59,#394914
402,59,#3d5016
403,59,#405217
404,59,#44521c
405,59,#44521d
406,59,#465220
407,59,#47541f
408,59,#404f16
409,59,#495121
410,59,#4b541f
411,59,#47511d
412,59,#46531c
413,59,#4d5723
414,59,#44521d
415,59,#45501c
416,59,#4b5823
417,59,#495621
418,59,#515523
419,59,#4c5821
420,59,#4a5922
421,59,#495724
422,59,#4c5626
423,59,#4d5927
424,59,#44521d
425,59,#4e5623
426,59,#545b2a
427,59,#525b27
428,59,#4c5826
429,59,#4d5b2a
430,59,#4b5924
431,59,#43551b
432,59,#3e571a
433,59,#3d5018
434,59,#445921
435,59,#3a4e19
436,59,#344815
437,59,#354a12
438,59,#3d5316
439,59,#344912
440,59,#354a10
441,59,#233606
442,59,#2b3e0e
443,59,#445722
444,59,#465e22
445,59,#203c04
446,59,#263e0c
447,59,#2b3e0f
448,59,#1c3106
449,59,#384916
450,59,#3e4f18
451,59,#455628
452,59,#323a1a
453,59,#415217
454,59,#2e4710
455,59,#1d360c
456,59,#1f350f
457,59,#1c310a
458,59,#394922
459,59,#334016
460,59,#29340d
461,59,#2c370d
462,59,#2d3e12
463,59,#304212
464,59,#293a0e
465,59,#283c08
466,59,#384d15
467,59,#31460e
468,59,#374b18
469,59,#3c5119
470,59,#2c450b
471,59,#2e4014
472,59,#2b3e10
473,59,#1b3505
474,59,#2a4011
475,59,#213708
476,59,#2f4310
477,59,#2b4408
478,59,#2d440f
479,59,#2f4310
480,59,#3a4523
482,59,#202e0e
483,59,#1e2302
484,59,#3d4c1b
485,59,#364413
486,59,#3f4816
487,59,#3e5216
488,59,#31460b
489,59,#30490f
490,59,#334c12
491,59,#354c12
492,59,#3b4b18
493,59,#374a13
494,59,#374811
495,59,#3d4f15
496,59,#2a3b05
497,59,#3d4b15
498,59,#354711
499,59,#364713
500,59,#2f440c
501,59,#2d3f0d
502,59,#2d3f0b
503,59,#30450d
504,59,#2f460e
505,59,#2b4609
506,59,#30490f
507,59,#294008
508,59,#243b08
509,59,#283f0b
510,59,#233e0b
511,59,#263c0b
512,59,#1b2431
513,59,#2c3a17
514,59,#404c1a
515,59,#3b4e13
516,59,#394f16
517,59,#3e4d16
518,59,#33450f
519,59,#2a3e0b
520,59,#233a08
521,59,#334714
522,59,#253d08
523,59,#2d4412
524,59,#28370e
525,59,#2a3d04
526,59,#324612
527,59,#22330a
528,59,#0c1424
529,59,#0e1720
532,59,#1b2024
537,59,#1d3020
560,59,#3b5317
561,59,#325112
562,59,#304314
563,59,#3b561b
564,59,#2d4511
565,59,#29410a
566,59,#31441a
21,60,#040a0d
22,60,#33422f
78,60,#1b3208
79,60,#122c08
82,60,#1b2e14
83,60,#1c2e14
84,60,#3e4d31
85,60,#263a1b
86,60,#737b64
87,60,#4a563d
88,60,#1a2610
89,60,#121d08
90,60,#232f0d
91,60,#1e280f
92,60,#1a2605
93,60,#182706
94,60,#152403
95,60,#21360d
96,60,#1a2b09
97,60,#1c300b
98,60,#1f300c
99,60,#192708
100,60,#3b4522
101,60,#32391c
102,60,#212b08
103,60,#2c3c16
104,60,#223309
105,60,#223508
106,60,#314414
107,60,#2f3e0d
108,60,#3a4817
109,60,#445521
110,60,#43551b
111,60,#495a24
112,60,#42571f
113,60,#45591e
114,60,#455721
115,60,#4f5d28
116,60,#4a5627
117,60,#41521c
118,60,#364317
119,60,#253909
120,60,#283c0b
121,60,#243a05
122,60,#142a01
123,60,#203307
124,60,#1d2c03
125,60,#233208
126,60,#2d3d0a
127,60,#28370d
128,60,#354612
129,60,#39491c
130,60,#3a4c17
131,60,#2c3f0a
132,60,#293b12
133,60,#2f4a21
134,60,#314218
135,60,#11360c
136,60,#1a4013
137,60,#293007
138,60,#344115
139,60,#313b1b
140,60,#182206
141,60,#233010
142,60,#0d1b08
143,60,#22320c
144,60,#232f09
145,60,#26350e
146,60,#1d2c06
147,60,#243315
148,60,#253108
149,60,#1c2418
150,60,#121c12
151,60,#263309
152,60,#233305
153,60,#283306
154,60,#31360a
155,60,#31330e
156,60,#2c2e09
157,60,#30370e
158,60,#2f360c
159,60,#353b17
160,60,#2f360d
161,60,#262d04
162,60,#213301
168,60,#2c3808
169,60,#363d14
170,60,#31351d
171,60,#111023
172,60,#2e371c
173,60,#1e2610
174,60,#1a1f18
175,60,#242d0f
176,60,#313711
177,60,#2f3517
178,60,#2e350f
179,60,#2d340b
180,60,#29330f
181,60,#2b310d
182,60,#252b09
183,60,#313512
184,60,#292e0e
185,60,#1f2205
186,60,#2b2f0e
187,60,#383a16
188,60,#3a4010
189,60,#31370f
190,60,#282c07
191,60,#2e340f
192,60,#23290c
193,60,#31371f
194,60,#21270a
195,60,#212b07
196,60,#2e360f
197,60,#2b390c
198,60,#202c09
199,60,#212b04
201,60,#111610
202,60,#2e3e11
203,60,#233409
204,60,#202d18
205,60,#202a1c
283,60,#363d21
284,60,#425818
285,60,#3f5d13
286,60,#3b5913
287,60,#375410
288,60,#3b5c14
289,60,#445b2f
295,60,#475c1c
296,60,#3a5213
297,60,#525f28
298,60,#586027
299,60,#596233
300,60,#0c191e
311,60,#121920
312,60,#374a21
313,60,#1f3509
314,60,#3e540e
315,60,#405917
316,60,#3f5419
317,60,#45591b
318,60,#495c24
319,60,#32460c
320,60,#384d13
321,60,#3d5217
322,60,#3d5516
323,60,#1e2f12
324,60,#27390d
325,60,#344710
326,60,#3b4d1b
327,60,#3b4d1b
328,60,#2f400e
329,60,#313f0d
330,60,#1f2f02
331,60,#415516
332,60,#253b06
333,60,#283e05
334,60,#304410
335,60,#2d450c
336,60,#283e0e
337,60,#344e0c
338,60,#3b5014
339,60,#43551a
340,60,#233705
341,60,#354a12
342,60,#263903
343,60,#445720
344,60,#334513
345,60,#455a21
346,60,#465922
347,60,#30440e
348,60,#3d521a
349,60,#2a3e09
350,60,#344c0f
351,60,#41561c
352,60,#3e5416
353,60,#3a5012
354,60,#293e05
355,60,#3f571d
356,60,#334810
357,60,#2b440c
358,60,#263c0c
359,60,#293e08
360,60,#3b5111
361,60,#46581e
362,60,#445819
363,60,#415518
364,60,#415518
365,60,#415315
366,60,#3b4f14
367,60,#43581f
368,60,#415719
369,60,#40551c
370,60,#294008
371,60,#3f521a
372,60,#41541c
373,60,#3c5118
374,60,#445c22
375,60,#3f521a
376,60,#384d14
377,60,#374913
378,60,#354413
379,60,#475522
380,60,#3d5118
381,60,#2a3620
382,60,#43551f
383,60,#43511c
384,60,#48531b
385,60,#42511a
386,60,#394712
387,60,#465622
388,60,#455320
389,60,#4a5324
390,60,#3e501e
391,60,#42531c
392,60,#42501b
393,60,#3c4e16
394,60,#2a4210
395,60,#243c0a
396,60,#283f0b
397,60,#2e3e0a
398,60,#3f4b19
399,60,#485621
400,60,#3e4c12
401,60,#47511c
402,60,#445417
403,60,#4a5823
404,60,#495722
405,60,#445521
406,60,#505c2a
407,60,#5c5f33
408,60,#525b2c
409,60,#4a5324
410,60,#515b27
411,60,#555d2c
412,60,#4c5521
413,60,#4c5625
414,60,#4e5227
415,60,#53592b
416,60,#4b5123
417,60,#505421
418,60,#4d5524
419,60,#595828
420,60,#4f5623
421,60,#636335
422,60,#4a551e
423,60,#4a5922
424,60,#4e5525
425,60,#4e5d25
426,60,#535b28
427,60,#595f2f
428,60,#535929
429,60,#525f2c
430,60,#374611
431,60,#465921
432,60,#435c1c
433,60,#42571c
434,60,#455922
435,60,#495a24
436,60,#1c3008
437,60,#344614
438,60,#263809
439,60,#2b3d09
440,60,#3c5214
441,60,#41551a
442,60,#375017
443,60,#1e3906
444,60,#334810
445,60,#385013
446,60,#2d4216
447,60,#203807
448,60,#3e4d21
449,60,#2b400f
450,60,#56622d
451,60,#626039
452,60,#454c25
453,60,#344013
454,60,#364611
455,60,#273f0c
456,60,#1d3205
457,60,#1f3106
458,60,#1e2e0a
459,60,#23320f
460,60,#28340e
461,60,#464b22
462,60,#3c441b
463,60,#29370c
464,60,#253208
465,60,#1e2f05
466,60,#1d2e04
467,60,#1e3506
468,60,#213708
469,60,#344b15
470,60,#394e15
471,60,#40521e
472,60,#324716
473,60,#2c430f
474,60,#29400c
475,60,#2d440b
476,60,#2a3f08
477,60,#2e4509
478,60,#263b04
479,60,#27301b
481,60,#2f3d22
482,60,#303b13
483,60,#516134
484,60,#424b1c
485,60,#3b4513
486,60,#364b10
487,60,#394e12
488,60,#364e10
489,60,#2d4708
490,60,#334b0f
491,60,#344910
492,60,#364b12
493,60,#374a12
494,60,#3c4d17
495,60,#34430c
496,60,#394515
497,60,#273c08
498,60,#374e18
499,60,#354e17
500,60,#2b470c
501,60,#314b0e
502,60,#294306
503,60,#2e480b
504,60,#2e480b
505,60,#2d460c
506,60,#2e470e
507,60,#2f4c12
508,60,#31460e
509,60,#274208
510,60,#274008
511,60,#2e480d
512,60,#2b460c
513,60,#213706
514,60,#314311
515,60,#223d08
516,60,#162b04
517,60,#293e15
518,60,#172c03
519,60,#1b2f0a
520,60,#1f3706
521,60,#2b4310
522,60,#193304
523,60,#27390c
524,60,#404721
525,60,#2a3c0c
526,60,#28400c
527,60,#2f4211
528,60,#24360d
529,60,#091122
530,60,#1c2820
531,60,#283b11
532,60,#2a400e
533,60,#33451e
534,60,#050b1c
537,60,#232f26
560,60,#374e18
561,60,#314d0a
562,60,#324e11
563,60,#304011
564,60,#384d19
565,60,#2b4212
566,60,#1f341b
18,61,#252935
19,61,#0d101f
79,61,#172d0a
80,61,#141f21
83,61,#171f22
84,61,#1f2d1a
85,61,#1a2b0c
86,61,#6d7963
87,61,#48563c
88,61,#363f2c
89,61,#20250e
90,61,#1e2b0d
91,61,#273515
92,61,#1f2d09
93,61,#1f2d0a
94,61,#1d2d09
95,61,#1a2c07
96,61,#172b08
97,61,#192906
98,61,#2a3918
99,61,#3f4a2c
100,61,#2f3617
101,61,#717457
102,61,#4a4c2d
103,61,#293213
104,61,#253009
105,61,#2b3b14
106,61,#1f300a
107,61,#2e3e11
108,61,#394c16
109,61,#455a22
110,61,#475a23
111,61,#45591e
112,61,#4a5d27
113,61,#4c6025
114,61,#45591c
115,61,#4c5b22
116,61,#58642e
117,61,#5b632e
118,61,#5c6530
119,61,#4b5320
120,61,#4a5a23
121,61,#364412
122,61,#4d5925
123,61,#515c27
124,61,#4f5728
125,61,#394711
126,61,#4d5c24
127,61,#4e602d
128,61,#233506
129,61,#26370e
130,61,#303e0c
131,61,#2b3b13
132,61,#203018
133,61,#162415
134,61,#2c3e1f
135,61,#09310c
136,61,#143c11
137,61,#2b3510
138,61,#2c3d0a
139,61,#313e13
140,61,#233206
141,61,#202e0c
142,61,#203306
143,61,#27380c
144,61,#2c390e
145,61,#233208
146,61,#26350a
147,61,#273617
148,61,#2f3b13
149,61,#2a3515
150,61,#25340c
151,61,#2a370a
152,61,#1e2d07
153,61,#2a3610
154,61,#252f0a
155,61,#2e340e
156,61,#313510
157,61,#292f0c
158,61,#353c12
159,61,#32390f
160,61,#323812
161,61,#2a300a
162,61,#262d06
163,61,#454f25
164,61,#3a4625
168,61,#374025
169,61,#394016
170,61,#3c401c
171,61,#383f19
172,61,#313914
173,61,#2b3709
174,61,#2e3b0d
175,61,#252c07
176,61,#2d360b
177,61,#303910
178,61,#2e3710
179,61,#333d15
180,61,#27310c
181,61,#292d15
182,61,#383e18
183,61,#2e330a
184,61,#2c320e
185,61,#313512
186,61,#272b0a
187,61,#272d0a
188,61,#2c340c
189,61,#212a0c
190,61,#273007
191,61,#313915
192,61,#2e3418
193,61,#2e3805
194,61,#272e0d
195,61,#29330e
196,61,#2f3915
197,61,#253410
198,61,#1d2d08
199,61,#1a280d
200,61,#233012
201,61,#222d0a
202,61,#21300a
203,61,#334419
204,61,#26370c
205,61,#1d310d
206,61,#253414
284,61,#1b2a1c
285,61,#436317
286,61,#395815
287,61,#3e5c16
288,61,#3e5b0d
289,61,#284009
292,61,#263f15
293,61,#334d0e
294,61,#465e1d
295,61,#42581b
296,61,#3d5617
297,61,#485919
298,61,#556229
299,61,#505b1e
300,61,#4e5b48
308,61,#223116
309,61,#435f15
310,61,#3f5917
311,61,#425a1b
312,61,#445a1b
313,61,#3a5012
314,61,#3c5410
315,61,#395014
316,61,#314110
317,61,#3b4d15
318,61,#3c4e1a
319,61,#43561f
320,61,#404e19
321,61,#27380e
322,61,#354819
323,61,#43581c
324,61,#465b24
325,61,#43561e
326,61,#233409
327,61,#445729
328,61,#4d6220
329,61,#455417
330,61,#3c4e10
331,61,#475b16
332,61,#405419
333,61,#3f5413
334,61,#3c5113
335,61,#384b0c
336,61,#3f5114
337,61,#42541b
338,61,#3d501a
339,61,#2a3c0d
340,61,#43591b
341,61,#3b4e16
342,61,#26380c
343,61,#445917
344,61,#4c5f25
345,61,#425818
346,61,#283b08
347,61,#2b3d0b
348,61,#3e501c
349,61,#4c5f28
350,61,#31490f
351,61,#3b5016
352,61,#43591c
353,61,#395113
354,61,#30480c
355,61,#3f571c
356,61,#354a12
357,61,#233a04
358,61,#3f541c
359,61,#485c1e
360,61,#3f5115
361,61,#44531c
362,61,#44581b
363,61,#405419
364,61,#41551a
365,61,#44561c
366,61,#44571f
367,61,#3d5519
368,61,#3e561a
369,61,#223907
370,61,#42551d
371,61,#3e511a
372,61,#465921
373,61,#40531c
374,61,#425420
375,61,#394d18
376,61,#374915
377,61,#3f4b1b
378,61,#4d592b
379,61,#4b5522
380,61,#47572e
381,61,#324310
382,61,#283713
383,61,#465423
384,61,#475520
385,61,#485520
386,61,#475321
387,61,#4a5422
388,61,#4c5624
389,61,#4b5727
390,61,#495321
391,61,#434d19
392,61,#4b5925
393,61,#30430b
394,61,#263e08
395,61,#213804
396,61,#2c3f0d
397,61,#545a2a
398,61,#5e6132
399,61,#4e5424
400,61,#3d4511
401,61,#505620
402,61,#4f5b24
403,61,#4d5424
404,61,#55572b
405,61,#515727
406,61,#4f5427
407,61,#585930
408,61,#50572a
409,61,#515928
410,61,#525a2b
411,61,#555f2b
412,61,#4b5a23
413,61,#495821
414,61,#4c5320
415,61,#575a2d
416,61,#4c5323
417,61,#555f2b
418,61,#56582d
419,61,#5a572c
420,61,#605d30
421,61,#7c7645
422,61,#515320
423,61,#5c5e2c
424,61,#4e5623
425,61,#656237
426,61,#4a4c22
427,61,#59592c
428,61,#5c5b2e
429,61,#575e2e
430,61,#63653a
431,61,#566030
432,61,#475625
433,61,#495823
434,61,#4e5c26
435,61,#475a22
436,61,#334c16
437,61,#324710
438,61,#394d16
439,61,#3d511e
440,61,#273c04
441,61,#3e4c17
442,61,#44571d
443,61,#3c5617
444,61,#2d4812
445,61,#2c430d
446,61,#243a0b
447,61,#26400e
448,61,#213608
449,61,#253c0b
450,61,#545f2a
451,61,#586232
452,61,#405020
453,61,#37481b
454,61,#1b3207
455,61,#1e3508
456,61,#21350e
457,61,#1e2d09
458,61,#182805
459,61,#25360c
460,61,#2e3e0e
461,61,#414c1e
462,61,#3e461b
463,61,#454d24
464,61,#3f421a
465,61,#333a11
466,61,#2c320b
467,61,#36431b
468,61,#1c2e07
469,61,#2a4110
470,61,#3c4f17
471,61,#42561a
472,61,#3e511d
473,61,#415520
474,61,#263a05
475,61,#395118
476,61,#3d5216
477,61,#34420e
478,61,#373f32
480,61,#0a121f
481,61,#283717
482,61,#24360b
483,61,#27390a
484,61,#374814
485,61,#36460b
486,61,#344810
487,61,#3a5216
488,61,#394e13
489,61,#374c11
490,61,#394b12
491,61,#384d12
492,61,#2f470b
493,61,#31460d
494,61,#2d4009
495,61,#2c3d07
496,61,#30480e
497,61,#2e450e
498,61,#2e450f
499,61,#274009
500,61,#274308
501,61,#2a430c
502,61,#284107
503,61,#314a10
504,61,#314a10
505,61,#334d0e
506,61,#2d470a
507,61,#284509
508,61,#284108
509,61,#324913
510,61,#375017
511,61,#31490d
512,61,#2a4308
513,61,#354f13
514,61,#2a4109
515,61,#2e470d
516,61,#344910
517,61,#283e0b
518,61,#253912
519,61,#1f330e
520,61,#22370c
521,61,#1f3609
522,61,#203b09
523,61,#283c0c
524,61,#303d11
525,61,#2e3d10
526,61,#314512
527,61,#223a06
528,61,#1c3203
529,61,#2c3f10
530,61,#384b1a
531,61,#334917
532,61,#334116
533,61,#3c4f17
534,61,#294014
535,61,#32381f
536,61,#313a19
537,61,#283c05
538,61,#314017
560,61,#3c531d
561,61,#395918
562,61,#2a4b07
563,61,#1f4105
564,61,#32451b
565,61,#1f2f26
566,61,#2a3733
9,62,#383c48
80,62,#0e1520
85,62,#283228
86,62,#1b2e15
87,62,#182a12
88,62,#3b4930
89,62,#2b351e
90,62,#242808
91,62,#373c14
92,62,#323910
93,62,#3c3e18
94,62,#353c0e
95,62,#2f3c10
96,62,#25350f
97,62,#1e2e0a
98,62,#172809
99,62,#182507
100,62,#3a4627
101,62,#1f2609
102,62,#2a3315
103,62,#3b3d23
104,62,#5c553b
105,62,#6b684a
106,62,#1b2b0e
107,62,#203008
108,62,#41551d
109,62,#3b5518
110,62,#425a1c
111,62,#42571c
112,62,#4b5827
113,62,#5d6535
114,62,#545f2c
115,62,#575e2a
116,62,#6b6a3c
117,62,#6e6c3d
118,62,#6a6d39
119,62,#5d6030
120,62,#5a5d30
121,62,#67663a
122,62,#696539
123,62,#696c31
124,62,#5c652f
125,62,#53632e
126,62,#4b5b26
127,62,#354a15
128,62,#2e400c
129,62,#243704
130,62,#2d400f
131,62,#2a3f0a
132,62,#232d0b
133,62,#244b19
134,62,#2b390b
135,62,#233004
136,62,#2d4e21
137,62,#3f4412
138,62,#26330c
139,62,#313911
140,62,#394419
141,62,#343f16
142,62,#29360d
143,62,#24320b
144,62,#283612
145,62,#2e3c18
146,62,#192802
147,62,#25380a
148,62,#303915
149,62,#1e2b07
150,62,#203107
151,62,#21310a
152,62,#192a07
153,62,#253411
154,62,#2b3a10
155,62,#263109
156,62,#242c0a
157,62,#252e09
158,62,#2e380d
159,62,#2c360c
160,62,#2e380b
161,62,#2b330b
162,62,#303b0e
163,62,#313809
164,62,#0f0f20
165,62,#162521
169,62,#2c3515
170,62,#2e380d
171,62,#2f390f
172,62,#222a0b
173,62,#26320a
174,62,#30370e
175,62,#25310a
176,62,#2b310c
177,62,#232d09
178,62,#283507
179,62,#303a0e
180,62,#2b3309
181,62,#3c4119
182,62,#3a430e
183,62,#394116
184,62,#363e15
185,62,#2f380a
186,62,#30380c
187,62,#3c431c
188,62,#263309
189,62,#2f3714
190,62,#252f09
191,62,#2f3916
192,62,#2e3814
193,62,#1e2904
194,62,#252e10
195,62,#2c340c
196,62,#2b3a11
197,62,#1d2e07
198,62,#172709
199,62,#202f0d
200,62,#1e2c09
201,62,#263209
202,62,#1e2a06
203,62,#27330f
204,62,#253206
205,62,#253707
206,62,#283713
283,62,#273925
284,62,#435e11
285,62,#3d6110
286,62,#385512
287,62,#3d5f19
288,62,#405f16
289,62,#17221f
293,62,#3b530d
294,62,#3d5912
295,62,#435920
296,62,#4a5922
297,62,#505f1f
298,62,#4c5b1b
299,62,#4a5b20
300,62,#47541c
301,62,#4c5722
302,62,#4d5f2c
307,62,#434f25
308,62,#2e460a
309,62,#3d5018
310,62,#395712
311,62,#385113
312,62,#43531c
313,62,#41501d
314,62,#44521e
315,62,#3b4d1b
316,62,#3f4d19
317,62,#3e4e18
318,62,#43511c
319,62,#394617
320,62,#3e4d19
321,62,#424e1d
322,62,#2a3a11
323,62,#3d4f20
324,62,#3c4e1b
325,62,#344319
326,62,#27360b
327,62,#4a5721
328,62,#546129
329,62,#5b6c2d
330,62,#4b5c1f
331,62,#4e5d1d
332,62,#334709
333,62,#425517
334,62,#394812
335,62,#45591d
336,62,#435316
337,62,#48561a
338,62,#313f07
339,62,#4d5d24
340,62,#2e3f09
341,62,#405118
342,62,#4b5d23
343,62,#35490f
344,62,#2f440a
345,62,#364f14
346,62,#364a15
347,62,#354a14
348,62,#37440e
349,62,#44581d
350,62,#34490e
351,62,#3f511e
352,62,#30430d
353,62,#384b13
354,62,#384c11
355,62,#42561b
356,62,#263a04
357,62,#4b6121
358,62,#3a4e0f
359,62,#435519
360,62,#425519
361,62,#46581e
362,62,#44571f
363,62,#485b24
364,62,#3e511a
365,62,#455620
366,62,#44551e
367,62,#42571a
368,62,#3c4f17
369,62,#405220
370,62,#43561f
371,62,#42551e
372,62,#3e5118
373,62,#3e5119
374,62,#43541e
375,62,#41521f
376,62,#465721
377,62,#3e4c1b
378,62,#4d5b26
379,62,#475425
380,62,#556342
381,62,#595b31
382,62,#4d5724
383,62,#4f5925
384,62,#515b27
385,62,#48581d
386,62,#4f5e27
387,62,#505826
388,62,#515826
389,62,#575a2f
390,62,#575a30
391,62,#52532e
392,62,#4c5229
393,62,#43511b
394,62,#334710
395,62,#2a3f05
396,62,#414d1b
397,62,#625e31
398,62,#585a29
399,62,#535523
400,62,#5b5f2d
401,62,#5a5c2a
402,62,#5c5e2f
403,62,#575628
404,62,#68673b
405,62,#56542b
406,62,#46441b
407,62,#5f5a2e
408,62,#525723
409,62,#575e29
410,62,#4f5123
411,62,#505b29
412,62,#464b25
413,62,#585e33
414,62,#4b5124
415,62,#424b17
416,62,#4c5423
417,62,#4c5721
418,62,#5f5c2f
419,62,#686033
420,62,#686636
421,62,#5c5b2b
422,62,#685f36
423,62,#6f673d
424,62,#6c6939
425,62,#6f693b
426,62,#6e673e
427,62,#626338
428,62,#6e6c45
429,62,#695c40
430,62,#645f3c
431,62,#6a6640
432,62,#5e6232
433,62,#55622a
434,62,#58632e
435,62,#56642f
436,62,#505e2f
437,62,#4c5a27
438,62,#4a5b24
439,62,#3a4d16
440,62,#324912
441,62,#334714
442,62,#435a20
443,62,#41591d
444,62,#223909
445,62,#1e3b08
446,62,#213909
447,62,#213b11
448,62,#223410
449,62,#1c2d06
450,62,#23380a
451,62,#1d290b
452,62,#18260a
453,62,#2a3818
454,62,#1a2e0b
455,62,#213309
456,62,#26350b
457,62,#253109
458,62,#24350c
459,62,#24380d
460,62,#2c4413
461,62,#24380c
462,62,#3a481a
463,62,#525e2d
464,62,#4d4f27
465,62,#56532f
466,62,#363e09
467,62,#555c2e
468,62,#383f14
469,62,#27340a
470,62,#293911
471,62,#273c0f
472,62,#374c11
473,62,#415623
474,62,#2e460c
475,62,#273f0a
476,62,#161e22
477,62,#131d0b
478,62,#243711
479,62,#243606
480,62,#223809
481,62,#2e3a0f
482,62,#28330a
483,62,#3e491d
484,62,#546030
485,62,#354610
486,62,#354a12
487,62,#304a10
488,62,#364c14
489,62,#3d5019
490,62,#354a13
491,62,#2f440b
492,62,#314310
493,62,#485325
494,62,#485429
495,62,#374a13
496,62,#2d420a
497,62,#30480e
498,62,#2c440b
499,62,#2c430b
500,62,#243d06
501,62,#253d0b
502,62,#2a450e
503,62,#2c450c
504,62,#2e460b
505,62,#2c430d
506,62,#29400a
507,62,#2a430b
508,62,#29420b
509,62,#2d450e
510,62,#2e450e
511,62,#314910
512,62,#314b0d
513,62,#2a4708
514,62,#2a480c
515,62,#355114
516,62,#31460e
517,62,#2c450b
518,62,#2f460f
519,62,#2e420f
520,62,#253c0c
521,62,#273c10
522,62,#354813
523,62,#313e11
524,62,#38431c
525,62,#1b3506
526,62,#344d13
527,62,#31490f
528,62,#2b470f
529,62,#29370c
530,62,#2c4211
531,62,#293c13
532,62,#2e3f10
533,62,#283c11
534,62,#3f5725
535,62,#14210f
536,62,#3b4921
537,62,#394818
538,62,#384019
561,62,#3c5c0f
562,62,#324c15
563,62,#435929
3,63,#3d444a
4,63,#464a5b
5,63,#596554
6,63,#414d44
86,63,#1e2e14
87,63,#17280d
88,63,#6d7962
89,63,#363a2c
90,63,#2a2e1d
91,63,#3f4326
92,63,#2c320b
93,63,#373c14
94,63,#393e15
95,63,#343b13
96,63,#27310e
97,63,#28370d
98,63,#152805
99,63,#273617
100,63,#192906
101,63,#172302
102,63,#273014
103,63,#2a2f1d
104,63,#33381e
105,63,#3d3f23
106,63,#5b5538
107,63,#2b3311
108,63,#364613
109,63,#4b5f24
110,63,#495e23
111,63,#4d5c23
112,63,#5c5e2c
113,63,#665f33
114,63,#756b45
115,63,#756f43
116,63,#7a6e46
117,63,#7e7349
118,63,#797142
119,63,#766e42
120,63,#776f43
121,63,#80794d
122,63,#756d3e
123,63,#75743c
124,63,#616532
125,63,#5a632a
126,63,#6b743f
127,63,#515d28
128,63,#525d2b
129,63,#435521
130,63,#435820
131,63,#203403
132,63,#30440f
133,63,#21430d
134,63,#2c3e10
135,63,#324616
136,63,#253b0b
137,63,#212c04
138,63,#17240a
139,63,#3a4210
140,63,#2f3a10
141,63,#303a18
142,63,#1c2a09
143,63,#1e2e09
144,63,#233409
145,63,#1f2d0d
146,63,#1d2a0d
147,63,#19290e
148,63,#2b3713
149,63,#1d2a0b
150,63,#1e2e0a
151,63,#223110
152,63,#2a3a16
153,63,#253511
154,63,#27380d
155,63,#25370d
156,63,#29330e
157,63,#252d08
158,63,#313a0f
159,63,#2f370e
160,63,#2d390b
161,63,#2e360f
162,63,#313a0e
163,63,#303609
164,63,#36370f
165,63,#292c27
167,63,#12110d
168,63,#434823
169,63,#31390f
170,63,#39441a
171,63,#303b10
172,63,#33390b
173,63,#1d2900
174,63,#202b09
175,63,#313d15
176,63,#373f1a
177,63,#263203
178,63,#2a350a
179,63,#272f08
180,63,#43481d
181,63,#363e17
182,63,#28300a
183,63,#242c06
184,63,#353d17
185,63,#252f09
186,63,#2e3514
187,63,#2a320b
188,63,#37431b
189,63,#222d06
190,63,#343c18
191,63,#262e0a
192,63,#2b3707
193,63,#303b13
194,63,#222c0a
195,63,#253009
196,63,#212f0b
197,63,#22300c
198,63,#1f2d0a
199,63,#35411a
200,63,#21330b
201,63,#25360e
202,63,#192b00
203,63,#1a2b08
204,63,#354a12
205,63,#253513
206,63,#2c362a
282,63,#181f27
283,63,#2f430d
284,63,#3d5315
285,63,#425e14
286,63,#3b4d25
291,63,#2f4525
292,63,#3a581b
293,63,#3b5d0c
294,63,#3c5219
295,63,#425717
296,63,#455919
297,63,#465b18
298,63,#475a1a
299,63,#4e581e
300,63,#4f5826
301,63,#49581b
302,63,#0f2519
306,63,#152019
307,63,#45591c
308,63,#40581a
309,63,#475c22
310,63,#44591d
311,63,#46551f
312,63,#424d16
313,63,#46541f
314,63,#2f420b
315,63,#344c10
316,63,#3e531b
317,63,#1f340e
318,63,#4f6330
319,63,#4a5d26
320,63,#30450d
321,63,#455821
322,63,#394718
323,63,#3b481a
324,63,#3b481d
325,63,#2c3c0b
326,63,#273707
327,63,#3a4e11
328,63,#46581b
329,63,#495719
330,63,#4a5918
331,63,#46581a
332,63,#485719
333,63,#586629
334,63,#435213
335,63,#415319
336,63,#46551a
337,63,#414f12
338,63,#425119
339,63,#2f3f0d
340,63,#3a4b14
341,63,#374812
342,63,#34450e
343,63,#41521b
344,63,#3a4b14
345,63,#2e3d07
346,63,#2a3b06
347,63,#2b3e0a
348,63,#364412
349,63,#42551e
350,63,#485c1e
351,63,#344710
352,63,#3f5414
353,63,#3d5114
354,63,#374a12
355,63,#46581e
356,63,#3f521a
357,63,#435b1a
358,63,#4a6022
359,63,#44581d
360,63,#42561b
361,63,#43561e
362,63,#455620
363,63,#44551f
364,63,#40511b
365,63,#2b3c09
366,63,#44551f
367,63,#45531e
368,63,#40511b
369,63,#42571e
370,63,#3a4e13
371,63,#3d5019
372,63,#41541d
373,63,#42551d
374,63,#455620
375,63,#44551f
376,63,#455323
377,63,#3d461c
378,63,#4d5429
379,63,#5a5f3a
380,63,#535628
381,63,#666839
382,63,#535c28
383,63,#57602b
384,63,#515926
385,63,#57612d
386,63,#555d2c
387,63,#5c6537
388,63,#535c2d
389,63,#596036
390,63,#585a30
391,63,#51522b
392,63,#555931
393,63,#505a24
394,63,#4f5d27
395,63,#495722
396,63,#4f5826
397,63,#625f35
398,63,#646539
399,63,#6d6c40
400,63,#5a5c2d
401,63,#545624
402,63,#606334
403,63,#616236
404,63,#615f36
405,63,#67643b
406,63,#636037
407,63,#55582b
408,63,#616539
409,63,#61613a
410,63,#6c6b3f
411,63,#626439
412,63,#525626
413,63,#55562a
414,63,#5e5b32
415,63,#5b6035
416,63,#4b4e21
417,63,#525a24
418,63,#555d27
419,63,#505a21
420,63,#535822
421,63,#4d531d
422,63,#5d5c29
423,63,#6b643a
424,63,#645830
425,63,#635c32
426,63,#706640
427,63,#685b38
428,63,#52572e
429,63,#65603a
430,63,#6f6945
431,63,#605c36
432,63,#5f6137
433,63,#575c31
434,63,#42491d
435,63,#4c5a27
436,63,#4e5b26
437,63,#4a5e26
438,63,#425a1c
439,63,#3f581c
440,63,#415e1c
441,63,#1a3603
442,63,#344d14
443,63,#213905
444,63,#283d10
445,63,#24370d
446,63,#283914
447,63,#374018
448,63,#4f552f
449,63,#313b13
450,63,#4f552d
451,63,#38471d
452,63,#2b3812
453,63,#303d15
454,63,#25390d
455,63,#2c360a
456,63,#2d2f05
457,63,#636c42
458,63,#2a330a
459,63,#323d0f
460,63,#2f4013
461,63,#323f14
462,63,#253406
463,63,#29360b
464,63,#484d24
465,63,#585b32
466,63,#57592b
467,63,#5b5934
468,63,#4f4b25
469,63,#525128
470,63,#2c3b0f
471,63,#314416
472,63,#203712
473,63,#263d09
474,63,#142115
476,63,#040b1e
477,63,#172d03
478,63,#203106
479,63,#414d23
480,63,#3d4019
481,63,#353a12
482,63,#3f461d
483,63,#596237
484,63,#334314
485,63,#2a3c08
486,63,#30440f
487,63,#404f20
488,63,#49592a
489,63,#384a1a
490,63,#324611
491,63,#425422
492,63,#3d481d
493,63,#414e22
494,63,#283a0a
495,63,#2e450f
496,63,#364f16
497,63,#345014
498,63,#2d490e
499,63,#244006
500,63,#284107
501,63,#274009
502,63,#254105
503,63,#2d460c
504,63,#2f4610
505,63,#304711
506,63,#2a410b
507,63,#2e4710
508,63,#274007
509,63,#2e470e
510,63,#2a4208
511,63,#344c12
512,63,#334b0f
513,63,#314b0e
514,63,#2b470a
515,63,#334a12
516,63,#354615
517,63,#263f06
518,63,#39501a
519,63,#304313
520,63,#273f0b
521,63,#1a3205
522,63,#243d0e
523,63,#25380a
524,63,#273a0b
525,63,#1a2f05
526,63,#3e511f
527,63,#223605
528,63,#2b4713
529,63,#213b07
530,63,#2e4316
531,63,#283b0c
532,63,#3d4618
533,63,#44531d
534,63,#2b4110
535,63,#1e331e
536,63,#37471b
537,63,#3d5223
538,63,#3d4833
561,63,#365314
562,63,#496223
563,63,#121c21
87,64,#182d0d
88,64,#627057
89,64,#535b4a
90,64,#1f2219
91,64,#8f9285
92,64,#777b6a
93,64,#3a4128
94,64,#4a4c28
95,64,#2c340f
96,64,#464d2b
97,64,#373e15
98,64,#263410
99,64,#222e0a
100,64,#1d2d10
101,64,#192d0a
102,64,#323d1d
103,64,#3c4529
104,64,#43482f
105,64,#283117
106,64,#515436
107,64,#3a3921
108,64,#2d3a0b
109,64,#495620
110,64,#58622d
111,64,#696935
112,64,#7e7144
113,64,#827146
114,64,#7e6f45
115,64,#837449
116,64,#8c7b4f
117,64,#917e53
118,64,#8c7c4a
119,64,#8c7e4d
120,64,#85784b
121,64,#7c7549
122,64,#7a7648
123,64,#6e6b3d
124,64,#4c4d23
125,64,#6a6d3f
126,64,#404817
127,64,#45541d
128,64,#505a26
129,64,#52602b
130,64,#40551c
131,64,#3e521f
132,64,#455b22
133,64,#43561f
134,64,#28410c
135,64,#1b3806
136,64,#32450d
137,64,#2d4308
138,64,#2f3f11
139,64,#28340f
140,64,#344211
141,64,#222d0b
142,64,#22300e
143,64,#202d13
144,64,#111c0b
145,64,#1e2b0e
146,64,#1a2613
147,64,#1a2a0a
148,64,#182612
149,64,#212d16
150,64,#1a2b07
151,64,#1d2e0c
152,64,#1e2a12
153,64,#202d19
154,64,#15250b
155,64,#1e2f06
156,64,#253508
157,64,#28340e
158,64,#29360a
159,64,#2b380d
160,64,#2f3b0d
161,64,#333b14
162,64,#33380d
163,64,#32390d
164,64,#323b13
165,64,#313c0a
166,64,#363a16
167,64,#39420d
168,64,#2f3510
169,64,#363c0c
170,64,#2c370c
171,64,#232d08
172,64,#2b370d
173,64,#28350e
174,64,#232c0a
175,64,#202c06
176,64,#29340c
177,64,#212c22
178,64,#0d1709
179,64,#202d05
180,64,#212c07
181,64,#2e3911
182,64,#232e06
183,64,#344011
184,64,#2b3417
185,64,#222f16
186,64,#1b2410
187,64,#1a2404
188,64,#2a371b
189,64,#303b1c
190,64,#323f14
191,64,#293410
192,64,#29350d
193,64,#24300c
194,64,#303d12
195,64,#26350e
196,64,#1f2e0e
197,64,#1e3105
198,64,#1f2f0c
199,64,#233011
200,64,#192703
201,64,#1e2a05
202,64,#2f3d15
203,64,#070c1c
205,64,#252f2b
206,64,#243114
293,64,#112c0f
294,64,#465623
295,64,#3e5914
296,64,#495e1b
297,64,#4e5b1d
298,64,#3b4f10
299,64,#49561e
300,64,#3f4b1a
301,64,#516325
302,64,#152628
304,64,#060b16
305,64,#4d602f
306,64,#4a5b28
307,64,#31420a
308,64,#313f0c
309,64,#42531c
310,64,#4f5a22
311,64,#3d4a14
312,64,#2c410c
313,64,#304411
314,64,#364d15
315,64,#364b13
316,64,#2f440c
317,64,#3d521b
318,64,#455a21
319,64,#4c5f27
320,64,#455a21
321,64,#43571c
322,64,#4d5e29
323,64,#3a4b17
324,64,#2c3c0c
325,64,#29390b
326,64,#3c4c1c
327,64,#384c13
328,64,#465922
329,64,#40551d
330,64,#3d5012
331,64,#45571d
332,64,#4c5a1f
333,64,#445220
334,64,#384914
335,64,#4c5b24
336,64,#415017
337,64,#505f24
338,64,#45571b
339,64,#3c4f17
340,64,#3d4e17
341,64,#30410c
342,64,#2d3e0a
343,64,#3a4813
344,64,#404d18
345,64,#384b16
346,64,#2c3d0b
347,64,#43551c
348,64,#34470f
349,64,#374812
350,64,#2f3c0e
351,64,#35460d
352,64,#465c1c
353,64,#3d5312
354,64,#455b1b
355,64,#3f5517
356,64,#445b1d
357,64,#415b1c
358,64,#435b1f
359,64,#455a21
360,64,#42571e
361,64,#455a22
362,64,#505f2a
363,64,#44521d
364,64,#43511c
365,64,#3d4e1a
366,64,#42531f
367,64,#43571d
368,64,#44551e
369,64,#394513
370,64,#41521f
371,64,#455620
372,64,#43561e
373,64,#44571f
374,64,#455620
375,64,#4b5e25
376,64,#151f05
377,64,#595b34
378,64,#5f5f39
379,64,#625f32
380,64,#636535
381,64,#606736
382,64,#575f25
383,64,#585f29
384,64,#5a612e
385,64,#545e29
386,64,#535b2a
387,64,#58602d
388,64,#5f6633
389,64,#5f6234
390,64,#616437
391,64,#5e5f36
392,64,#5c5f35
393,64,#5d622b
394,64,#616834
395,64,#5d642e
396,64,#4e561e
397,64,#585a2b
398,64,#64673a
399,64,#66633a
400,64,#636035
401,64,#6e6d3d
402,64,#736f45
403,64,#6a653d
404,64,#78704b
405,64,#6f6742
406,64,#746c47
407,64,#76704c
408,64,#6d633f
409,64,#65633c
410,64,#656038
411,64,#655b38
412,64,#5e5732
413,64,#5f5933
414,64,#66643b
415,64,#5e602e
416,64,#6b683d
417,64,#646138
418,64,#535823
419,64,#595c27
420,64,#5c5e2d
421,64,#545d26
422,64,#625f2e
423,64,#5d562c
424,64,#6c633a
425,64,#6f683c
426,64,#796d43
427,64,#776f44
428,64,#70623d
429,64,#6b6440
430,64,#6a653f
431,64,#625e38
432,64,#606137
433,64,#55512e
434,64,#606139
435,64,#515b2a
436,64,#4a5d23
437,64,#263d07
438,64,#40581d
439,64,#364f17
440,64,#364813
441,64,#3a4f17
442,64,#334b12
443,64,#2e4010
444,64,#4e5b2d
445,64,#313a15
446,64,#1e2908
447,64,#393f19
448,64,#4d4f21
449,64,#3f4018
450,64,#5e5a37
451,64,#6c663f
452,64,#5a673c
453,64,#3c451d
454,64,#2d3a16
455,64,#2a370c
456,64,#4d542a
457,64,#62613b
458,64,#4d4f27
459,64,#2f4615
460,64,#263b0e
461,64,#233507
462,64,#364312
463,64,#434e24
464,64,#45471f
465,64,#37420e
466,64,#3d4312
467,64,#0d1627
468,64,#4d5a2a
469,64,#323f09
470,64,#394012
471,64,#343d0c
472,64,#3a4611
473,64,#313e14
474,64,#26320a
475,64,#313f1b
476,64,#283b09
477,64,#565f32
478,64,#3b3f16
479,64,#434b1c
480,64,#475824
481,64,#334714
482,64,#374b1b
483,64,#293c0d
484,64,#37481b
485,64,#2c3f0f
486,64,#253707
487,64,#283b09
488,64,#2a3c0a
489,64,#3b4918
490,64,#394618
491,64,#636a41
492,64,#5a5436
493,64,#4a542a
494,64,#2b4009
495,64,#31490f
496,64,#2e430a
497,64,#324b11
498,64,#385215
499,64,#435d1e
500,64,#2f490a
501,64,#2d460d
502,64,#29450b
503,64,#2c450c
504,64,#294107
505,64,#2f4610
506,64,#2c430d
507,64,#2f4811
508,64,#2a430a
509,64,#334d10
510,64,#31490b
511,64,#31490d
512,64,#374c13
513,64,#3c5418
514,64,#3e5819
515,64,#2f490d
516,64,#344a14
517,64,#2a430e
518,64,#1f3504
519,64,#233609
520,64,#2b3d11
521,64,#344713
522,64,#263e10
523,64,#2b3e10
524,64,#273f0d
525,64,#465b2c
526,64,#334c15
527,64,#354c14
528,64,#243b07
529,64,#2f4717
530,64,#30451a
531,64,#304313
532,64,#2e4013
533,64,#364718
534,64,#111a17
537,64,#1d300a
538,64,#2c4212
561,64,#38531c
86,65,#3c4f20
87,65,#122615
88,65,#041018
89,65,#16280e
90,65,#17290c
91,65,#47533f
92,65,#9da090
93,65,#a7a8a0
94,65,#7d7f69
95,65,#444d30
96,65,#21250c
97,65,#2a2e13
98,65,#3b4220
99,65,#4f5732
100,65,#2a3a15
101,65,#192b10
102,65,#1b270e
103,65,#172607
104,65,#373d23
105,65,#414528
106,65,#303819
107,65,#4e5134
108,65,#414625
109,65,#4c5527
110,65,#525a27
111,65,#6a6536
112,65,#7e7947
113,65,#655f31
114,65,#91825b
115,65,#816f4b
116,65,#87754d
117,65,#907e55
118,65,#908457
119,65,#877d4b
120,65,#676334
121,65,#6b683c
122,65,#787047
123,65,#6a6b3d
124,65,#666837
125,65,#636a3b
126,65,#556130
127,65,#536229
128,65,#53602d
129,65,#53642e
130,65,#485d22
131,65,#405720
132,65,#374b13
133,65,#283d05
134,65,#394e15
135,65,#3b5b24
136,65,#415322
137,65,#2b4208
138,65,#3a4311
139,65,#2c3b0e
140,65,#334008
141,65,#303b0f
142,65,#202c09
143,65,#38441c
144,65,#283410
145,65,#212f09
146,65,#23310d
147,65,#2a3911
148,65,#182609
149,65,#1b2714
150,65,#18210e
151,65,#16230c
152,65,#22320a
153,65,#2f3e20
154,65,#2f3f18
155,65,#1d2f05
156,65,#1b2d07
157,65,#25360a
158,65,#263308
159,65,#293309
160,65,#303f13
161,65,#2c3a0d
162,65,#2d3b09
163,65,#2b3a0f
164,65,#28390c
165,65,#334312
166,65,#2e390f
167,65,#2a3607
168,65,#323e10
169,65,#2c370c
170,65,#324113
171,65,#243115
172,65,#1f2d0c
173,65,#334015
174,65,#323d14
175,65,#2b361a
176,65,#202b0d
177,65,#263112
178,65,#20300a
179,65,#232f09
180,65,#2c3811
181,65,#363f23
182,65,#243213
183,65,#242c07
184,65,#2a340f
185,65,#1f2d0a
186,65,#192608
187,65,#17240a
188,65,#233307
189,65,#182607
190,65,#1c2b08
191,65,#162502
192,65,#14250e
193,65,#1e2f0a
194,65,#1f2d0d
195,65,#101f03
196,65,#1a290d
197,65,#1e310e
198,65,#192612
199,65,#1e290a
200,65,#293203
201,65,#161a1b
204,65,#1f292b
205,65,#3b4c1c
206,65,#182709
292,65,#3e5c15
293,65,#3f591a
294,65,#3a4b28
295,65,#314225
296,65,#44591b
297,65,#414f2a
298,65,#262e31
299,65,#080d19
300,65,#263430
302,65,#3f4d2c
303,65,#535c1b
304,65,#4d5f23
305,65,#4a5e1f
306,65,#465e20
307,65,#3c4b10
308,65,#556228
309,65,#495a21
310,65,#283703
311,65,#5f6a35
312,65,#374d14
313,65,#2a430c
314,65,#394b14
315,65,#3c5419
316,65,#3d5420
317,65,#162706
318,65,#304313
319,65,#314515
320,65,#394e14
321,65,#384916
322,65,#1f3604
323,65,#2a3d0d
324,65,#334511
325,65,#243b06
326,65,#1d3305
327,65,#435720
328,65,#3d5113
329,65,#3f521b
330,65,#283d05
331,65,#2b3e0c
332,65,#465a1c
333,65,#435217
334,65,#3a4e13
335,65,#44561c
336,65,#405119
337,65,#47561c
338,65,#475520
339,65,#4b5a21
340,65,#465a1f
341,65,#44581d
342,65,#49581f
343,65,#3a4c15
344,65,#3a4e14
345,65,#2e430b
346,65,#3a5012
347,65,#3c510e
348,65,#36480b
349,65,#2d3b08
350,65,#4d5c20
351,65,#304110
352,65,#435c1c
353,65,#3f5817
354,65,#455b1d
355,65,#3b5514
356,65,#455d21
357,65,#334b0e
358,65,#3a5216
359,65,#3f571d
360,65,#40581e
361,65,#41591b
362,65,#455a1e
363,65,#44581d
364,65,#3d5018
365,65,#465720
366,65,#43541e
367,65,#43561f
368,65,#42551e
369,65,#41521c
370,65,#465421
371,65,#465220
372,65,#505e2b
373,65,#4e6026
374,65,#505c24
375,65,#4b5720
376,65,#333721
377,65,#5b5c34
378,65,#646539
379,65,#616030
380,65,#6d6d39
381,65,#626930
382,65,#4d561f
383,65,#515c25
384,65,#4a5722
385,65,#58632d
386,65,#636438
387,65,#5f612f
388,65,#626432
389,65,#646539
390,65,#616334
391,65,#525a29
392,65,#5d6031
393,65,#5c5f30
394,65,#5f6233
395,65,#585f2b
396,65,#595e28
397,65,#6c6c3e
398,65,#656239
399,65,#716c41
400,65,#6f6e3e
401,65,#49461e
402,65,#635e36
403,65,#807650
404,65,#847a56
405,65,#7f754f
406,65,#7e744e
407,65,#6e6a44
408,65,#7b714d
409,65,#6f6541
410,65,#6d6540
411,65,#6a613d
412,65,#7f7551
413,65,#716d44
414,65,#6e6a3f
415,65,#767542
416,65,#5f5d31
417,65,#5a5a2a
418,65,#5e602c
419,65,#5b5e2c
420,65,#5a5f28
421,65,#62672f
422,65,#5f5f2f
423,65,#676638
424,65,#5d5c2e
425,65,#5e5d2c
426,65,#63612e
427,65,#6f663b
428,65,#716b3b
429,65,#7f734b
430,65,#6f683e
431,65,#5b532c
432,65,#55502a
433,65,#636039
434,65,#505328
435,65,#55612f
436,65,#44591f
437,65,#243d06
438,65,#253d0c
439,65,#293a0d
440,65,#30430c
441,65,#384b14
442,65,#3d4917
443,65,#3f471a
444,65,#2b340f
445,65,#182500
446,65,#39451b
447,65,#26350c
448,65,#494e25
449,65,#474222
450,65,#444a21
451,65,#3c481e
452,65,#504b24
453,65,#998861
454,65,#88845e
455,65,#676b40
456,65,#68643b
457,65,#595632
458,65,#263607
459,65,#273b0e
460,65,#425022
461,65,#2e3b0d
462,65,#334314
463,65,#3e471c
464,65,#54572c
465,65,#47511f
466,65,#60622f
467,65,#3a4c21
468,65,#2d3d0b
469,65,#2e400c
470,65,#3c4d16
471,65,#3d4e18
472,65,#394618
473,65,#2e3e0e
474,65,#2e400c
475,65,#525e2e
476,65,#71734b
477,65,#4e532a
478,65,#454a21
479,65,#475826
480,65,#2e400e
481,65,#344717
482,65,#253706
483,65,#253906
484,65,#243b07
485,65,#223908
486,65,#263806
487,65,#334513
488,65,#394517
489,65,#435024
490,65,#4d532a
491,65,#635f3a
492,65,#706b4b
493,65,#605c3b
494,65,#4b5024
495,65,#3f4b1b
496,65,#3b4916
497,65,#555e30
498,65,#43581f
499,65,#374d14
500,65,#3d571a
501,65,#2c4607
502,65,#2e470d
503,65,#2f480f
504,65,#284108
505,65,#274007
506,65,#2a430c
507,65,#314a11
508,65,#395216
509,65,#344f0d
510,65,#33500d
511,65,#395314
512,65,#30480c
513,65,#425a1e
514,65,#3f571b
515,65,#3d571a
516,65,#2a4309
517,65,#203508
518,65,#263c0d
519,65,#1e3405
520,65,#324614
521,65,#213709
522,65,#2d4012
523,65,#3d4c1b
524,65,#2e3c11
525,65,#203303
526,65,#213b0c
527,65,#30430d
528,65,#3b4f1a
529,65,#344b12
530,65,#40551e
531,65,#20310a
532,65,#1b3405
533,65,#273d10
537,65,#2d4410
538,65,#22390a
539,65,#0c131f
560,65,#47592d
87,66,#17280e
88,66,#182b0e
89,66,#172813
90,66,#10280d
91,66,#0b1b09
92,66,#0e1a06
93,66,#1e2715
94,66,#606852
95,66,#6e7660
96,66,#3c4025
97,66,#212c0a
98,66,#3a3f1e
99,66,#565c38
100,66,#212b0b
101,66,#273412
102,66,#152705
103,66,#1a270a
104,66,#3f492e
105,66,#2a341b
106,66,#302d12
107,66,#25290b
108,66,#353a1b
109,66,#333b12
110,66,#686739
111,66,#80774c
112,66,#6e6c38
113,66,#716e3f
114,66,#827650
115,66,#867750
116,66,#84714b
117,66,#85734d
118,66,#796c45
119,66,#887950
120,66,#7a724b
121,66,#747043
122,66,#726f41
123,66,#5e612f
124,66,#676d35
125,66,#4f5d20
126,66,#45581a
127,66,#4a5e1f
128,66,#46551c
129,66,#465b1e
130,66,#41551a
131,66,#3c5515
132,66,#435d1c
133,66,#3e5618
134,66,#3f5419
135,66,#42591f
136,66,#304e14
137,66,#466123
138,66,#465a1a
139,66,#2e4309
140,66,#2d390f
141,66,#27330b
142,66,#28350a
143,66,#2c390b
144,66,#25310b
145,66,#293a07
146,66,#1c2811
147,66,#213108
148,66,#1e2d0d
149,66,#152111
150,66,#202f09
151,66,#222e16
152,66,#0b1515
153,66,#1f3104
154,66,#243702
155,66,#28390f
156,66,#25360b
157,66,#1b2a02
158,66,#22340a
159,66,#253b0f
160,66,#20370d
161,66,#1c3106
162,66,#2a3b0e
163,66,#293b0b
164,66,#2d3d0e
165,66,#26370b
166,66,#2b3711
167,66,#2f3c10
168,66,#2e3b0f
169,66,#2d3a0f
170,66,#2e3b0c
171,66,#27340b
172,66,#2e3e0d
173,66,#2e3d12
174,66,#273510
175,66,#243509
176,66,#283812
177,66,#29320a
178,66,#223108
179,66,#37451c
180,66,#1b2905
181,66,#2b391a
182,66,#233410
183,66,#28340f
184,66,#252d17
185,66,#132304
186,66,#122103
187,66,#1e3011
188,66,#344425
189,66,#121a24
197,66,#1d2227
198,66,#111323
199,66,#0c0e1a
204,66,#233603
205,66,#202f14
206,66,#101624
290,66,#191f2a
291,66,#475a22
302,66,#566327
303,66,#515b23
304,66,#626429
305,66,#61672f
306,66,#495e23
307,66,#3c4e19
308,66,#344a13
309,66,#29440b
310,66,#365011
311,66,#364813
312,66,#253f06
313,66,#293a09
314,66,#4a5b27
315,66,#263a08
316,66,#374a13
317,66,#324410
318,66,#384a18
319,66,#3b4d1c
320,66,#293f10
321,66,#223808
322,66,#3c4f17
323,66,#4a5e24
324,66,#41521b
325,66,#3b4f12
326,66,#384c12
327,66,#2e4511
328,66,#1b3006
329,66,#465e20
330,66,#3a4f11
331,66,#354a10
332,66,#354b0b
333,66,#556729
334,66,#425617
335,66,#485a1b
336,66,#3b4d10
337,66,#40541b
338,66,#41551a
339,66,#495d25
340,66,#3b5015
341,66,#30450a
342,66,#485a1e
343,66,#394d10
344,66,#354b11
345,66,#374d10
346,66,#3e5413
347,66,#3e5716
348,66,#354b0c
349,66,#3c5110
350,66,#495d20
351,66,#2c3e0e
352,66,#3a4e15
353,66,#465b20
354,66,#3f571b
355,66,#3f591a
356,66,#40581c
357,66,#40551a
358,66,#384d14
359,66,#435820
360,66,#354a11
361,66,#344814
362,66,#41541b
363,66,#4c5d26
364,66,#43541e
365,66,#47561f
366,66,#495722
367,66,#445521
368,66,#4c5a28
369,66,#495526
370,66,#4d5929
371,66,#51592a
372,66,#4f5627
373,66,#555f2a
374,66,#555b27
375,66,#686b3e
376,66,#6d6d45
377,66,#747148
378,66,#6c6b3f
379,66,#5d5e2f
380,66,#646534
381,66,#5b602d
382,66,#5b622f
383,66,#515629
384,66,#636735
385,66,#4c531d
386,66,#616533
387,66,#5b582b
388,66,#696736
389,66,#6b683b
390,66,#6c693c
391,66,#606233
392,66,#656635
393,66,#676739
394,66,#67673b
395,66,#5e5e30
396,66,#636533
397,66,#5c5f32
398,66,#67663a
399,66,#665d34
400,66,#69643a
401,66,#6e663f
402,66,#7a6e48
403,66,#90825d
404,66,#837653
405,66,#7e714e
406,66,#756845
407,66,#81724d
408,66,#71633e
409,66,#746641
410,66,#736741
411,66,#897b56
412,66,#8c7251
413,66,#7b784f
414,66,#888057
415,66,#786e3e
416,66,#746840
417,66,#766d46
418,66,#6e6a3d
419,66,#68653a
420,66,#656134
421,66,#5d592c
422,66,#5f5d31
423,66,#626033
424,66,#5e5d2c
425,66,#606233
426,66,#605e2e
427,66,#716a3e
428,66,#6b633a
429,66,#80724d
430,66,#82744d
431,66,#80744e
432,66,#726b40
433,66,#797248
434,66,#6c6741
435,66,#5c6431
436,66,#5b6734
437,66,#475b22
438,66,#294108
439,66,#415a19
440,66,#2d440e
441,66,#3d511c
442,66,#2e4512
443,66,#2d3d12
444,66,#303c19
445,66,#4a4c2b
446,66,#4f4d29
447,66,#5a592c
448,66,#5c5529
449,66,#736844
450,66,#7a704d
451,66,#968e6c
452,66,#807558
453,66,#8f9060
454,66,#07171b
455,66,#c9b98f
456,66,#af915d
457,66,#9c8259
458,66,#8a7549
459,66,#4f4e23
460,66,#384213
461,66,#484e20
462,66,#4b501d
463,66,#485220
464,66,#474c1d
465,66,#515827
466,66,#3f4012
467,66,#3b4711
468,66,#33450e
469,66,#41521e
470,66,#3f4d1a
471,66,#404e1d
472,66,#344710
473,66,#2d420a
474,66,#395018
475,66,#495724
476,66,#595e35
477,66,#474e22
478,66,#556330
479,66,#314313
480,66,#3b4e20
481,66,#203307
482,66,#23360a
483,66,#2a3d10
484,66,#2a3b0f
485,66,#223407
486,66,#2a3b0e
487,66,#3d4a1c
488,66,#444f21
489,66,#4f562a
490,66,#646236
491,66,#615b33
492,66,#839066
493,66,#77734e
494,66,#605235
495,66,#5d5a3a
496,66,#5e5b3b
497,66,#55532f
498,66,#53572f
499,66,#4f5b2b
500,66,#52612b
501,66,#2e4608
502,66,#274104
503,66,#2c450b
504,66,#314a11
505,66,#2d490e
506,66,#2d490b
507,66,#365314
508,66,#324f0d
509,66,#42601a
510,66,#34510e
511,66,#375112
512,66,#3c5619
513,66,#415b1e
514,66,#405a1d
515,66,#3e581b
516,66,#354e14
517,66,#2d4410
518,66,#263c0b
519,66,#23380b
520,66,#284109
521,66,#203804
522,66,#27430b
523,66,#26390f
524,66,#2e3d15
525,66,#263c0d
526,66,#2c3f0f
527,66,#364a11
528,66,#394e16
529,66,#293e09
530,66,#152d02
531,66,#2c4213
532,66,#264410
533,66,#3a4c1c
537,66,#21380d
538,66,#1d3306
539,66,#3a511b
558,66,#0d1425
559,66,#17232c
89,67,#0e1a11
90,67,#1b2b0e
91,67,#122108
92,67,#121b27
93,67,#0e1225
94,67,#0e1c10
95,67,#162111
96,67,#1b2e09
97,67,#1a2b0b
98,67,#222a0d
99,67,#232a0b
100,67,#333c1a
101,67,#1e2b07
102,67,#2a3813
103,67,#212e0b
104,67,#1f2a08
105,67,#18230a
106,67,#283113
107,67,#3c451b
108,67,#2d3810
109,67,#363b11
110,67,#55602a
111,67,#6f6f3e
112,67,#8d8154
113,67,#978157
114,67,#a08a5f
115,67,#877852
116,67,#7f734c
117,67,#94865b
118,67,#877b4e
119,67,#75693f
120,67,#7c724c
121,67,#7e754e
122,67,#737140
123,67,#676938
124,67,#6e7144
125,67,#60622f
126,67,#5c632d
127,67,#505e24
128,67,#4f5c25
129,67,#4b5924
130,67,#495f24
131,67,#4c5c23
132,67,#4a6422
133,67,#40581c
134,67,#42561e
135,67,#415c1b
136,67,#3e571b
137,67,#395811
138,67,#435619
139,67,#283a06
140,67,#2c3f07
141,67,#253512
142,67,#2e3e12
143,67,#28351b
144,67,#253508
145,67,#1f3109
146,67,#2b3614
147,67,#333e16
148,67,#333f10
149,67,#29350f
150,67,#21320d
151,67,#344510
152,67,#0f1f0f
153,67,#25340a
154,67,#2a3b0e
155,67,#2e3d0a
156,67,#283810
157,67,#27380d
158,67,#26370d
159,67,#26370b
160,67,#1c3406
161,67,#2a3e09
162,67,#304613
163,67,#304412
164,67,#293b0a
165,67,#263c0a
166,67,#1f3509
167,67,#2f410a
168,67,#344517
169,67,#2b400d
170,67,#2d3e0e
171,67,#2a410c
172,67,#21310c
173,67,#304115
174,67,#1e2d09
175,67,#22340f
176,67,#202f07
177,67,#283f0f
178,67,#1c3205
179,67,#1c3203
180,67,#2b410c
181,67,#263b15
182,67,#1b2b15
183,67,#0f2300
184,67,#3a471c
185,67,#23340a
186,67,#1d310f
187,67,#243323
194,67,#24340b
195,67,#26370b
196,67,#151f13
203,67,#223608
204,67,#1e2d08
205,67,#2a3e0a
206,67,#263b0b
207,67,#1c2711
208,67,#0c1609
209,67,#1b2810
210,67,#0e161e
297,67,#476221
298,67,#19221a
300,67,#425818
301,67,#404b13
302,67,#516124
303,67,#565d29
304,67,#4f5c28
305,67,#47551f
306,67,#525d25
307,67,#5d7032
308,67,#3d5519
309,67,#485b24
310,67,#465a1f
311,67,#43561d
312,67,#364518
313,67,#434a21
314,67,#364013
315,67,#425118
316,67,#3d5615
317,67,#3f4b18
318,67,#28360c
319,67,#314112
320,67,#394618
321,67,#2c4010
322,67,#364d15
323,67,#2b3f05
324,67,#374c14
325,67,#3b5017
326,67,#374b10
327,67,#3d4d17
328,67,#536629
329,67,#314913
330,67,#1e3207
331,67,#2d400f
332,67,#364d13
333,67,#395116
334,67,#273e07
335,67,#324a0e
336,67,#243c04
337,67,#2e460e
338,67,#364e12
339,67,#3c5414
340,67,#3f5a1a
341,67,#374e15
342,67,#3c5419
343,67,#43591b
344,67,#415616
345,67,#3e5817
346,67,#425617
347,67,#475c1e
348,67,#445a1c
349,67,#42581b
350,67,#465e1f
351,67,#364c0e
352,67,#3b4f14
353,67,#222d1f
354,67,#203013
355,67,#435b1f
356,67,#3f561e
357,67,#3c5117
358,67,#455a21
359,67,#455926
360,67,#445822
361,67,#425421
362,67,#31420e
363,67,#48571f
364,67,#46531d
365,67,#475320
366,67,#4a5722
367,67,#4b5a23
368,67,#4d5a24
369,67,#4f5925
370,67,#535b2b
371,67,#505829
372,67,#4e5523
373,67,#666439
374,67,#606439
375,67,#5e623d
376,67,#5c582b
377,67,#7a704b
378,67,#6b6839
379,67,#746c42
380,67,#7b6d43
381,67,#80734b
382,67,#57582e
383,67,#5e5d33
384,67,#645c32
385,67,#565428
386,67,#65602a
387,67,#5e5629
388,67,#6f663a
389,67,#666137
390,67,#686535
391,67,#70683a
392,67,#696234
393,67,#716a40
394,67,#6e6839
395,67,#6c6839
396,67,#686437
397,67,#6f643a
398,67,#83764c
399,67,#766a42
400,67,#776d45
401,67,#817251
402,67,#998461
403,67,#847651
404,67,#8b7b56
405,67,#7a6a46
406,67,#897a58
407,67,#83734a
408,67,#897b58
409,67,#968662
410,67,#847348
411,67,#897a51
412,67,#96875b
413,67,#988158
414,67,#927b53
415,67,#83744a
416,67,#837045
417,67,#816d42
418,67,#7e6d43
419,67,#7d6e46
420,67,#70673e
421,67,#685d35
422,67,#666038
423,67,#726b41
424,67,#6f633a
425,67,#47421a
426,67,#6e6941
427,67,#726843
428,67,#6f643f
429,67,#776a44
430,67,#756744
431,67,#786e48
432,67,#6e6641
433,67,#67643d
434,67,#7e764f
435,67,#555527
436,67,#4f5d27
437,67,#47561d
438,67,#4c551f
439,67,#444d27
440,67,#415323
441,67,#385213
442,67,#2c4107
443,67,#3d511b
444,67,#495329
445,67,#4c5224
446,67,#5a5931
447,67,#6d633e
448,67,#827952
449,67,#877852
450,67,#bcaa7f
451,67,#b8a47c
452,67,#817349
453,67,#9a7f5d
454,67,#a98e6f
455,67,#a89d77
456,67,#7a6b47
457,67,#484716
458,67,#535526
459,67,#99835c
460,67,#523f1b
461,67,#867651
462,67,#675c36
463,67,#817754
464,67,#5a5635
465,67,#4c5026
466,67,#515029
467,67,#55522c
468,67,#747448
469,67,#63653a
470,67,#454e23
471,67,#4b5629
472,67,#3e561d
473,67,#3c4e17
474,67,#363f10
475,67,#474f22
476,67,#686842
477,67,#374715
478,67,#2f430f
479,67,#23350a
480,67,#223405
481,67,#3c4d1f
482,67,#323f13
483,67,#354214
484,67,#354210
485,67,#3a4a17
486,67,#3d461b
487,67,#414a20
488,67,#60653c
489,67,#6b6a3e
490,67,#6d653e
491,67,#80734d
492,67,#837551
493,67,#9f8b6b
494,67,#655539
495,67,#827352
496,67,#6d5d35
497,67,#93805d
498,67,#6c6742
499,67,#5f5f37
500,67,#5c6139
501,67,#4b5925
502,67,#2c4506
503,67,#2d4508
504,67,#334b0f
505,67,#2c450b
506,67,#314e0e
507,67,#3b5b1b
508,67,#3b571b
509,67,#3c5b18
510,67,#304e0b
511,67,#2a4708
512,67,#375414
513,67,#365315
514,67,#334f15
515,67,#3b541a
516,67,#3c5619
517,67,#2e4715
518,67,#294110
519,67,#293e12
520,67,#1c350b
521,67,#1f360b
522,67,#223a09
523,67,#203508
524,67,#254009
525,67,#375213
526,67,#3e4e15
527,67,#2e450b
528,67,#25400d
529,67,#21370a
530,67,#1e2e07
531,67,#213f0d
532,67,#203508
533,67,#284110
537,67,#1a3405
538,67,#3b4a1b
539,67,#3f521d
540,67,#0b171b
557,67,#192b2d
91,68,#0f1816
92,68,#112904
93,68,#16250e
94,68,#0d1317
95,68,#25311d
96,68,#1e320e
97,68,#3e4e31
98,68,#21290d
99,68,#323719
100,68,#302e12
101,68,#434424
102,68,#1c2404
103,68,#2c3a16
104,68,#1d300a
105,68,#263714
106,68,#192a03
107,68,#253208
108,68,#212d09
109,68,#313c1b
110,68,#414629
111,68,#746d3c
112,68,#918255
113,68,#988157
114,68,#837146
115,68,#927f54
116,68,#978157
117,68,#8b7b54
118,68,#7d6e47
119,68,#81714d
120,68,#786d47
121,68,#7a7049
122,68,#646039
123,68,#69673e
124,68,#5c5e2f
125,68,#66653b
126,68,#676938
127,68,#536025
128,68,#4c5b20
129,68,#45591e
130,68,#486022
131,68,#4a6022
132,68,#485c23
133,68,#344810
134,68,#485b23
135,68,#43581f
136,68,#465e22
137,68,#40571d
138,68,#4a5326
139,68,#414f19
140,68,#475d17
141,68,#364528
142,68,#31440e
143,68,#314314
144,68,#1a2713
145,68,#2d3c12
146,68,#263414
147,68,#1c2a08
148,68,#23340a
149,68,#1e300a
150,68,#2d3e0b
151,68,#2a3b10
152,68,#1a3111
153,68,#1c291a
154,68,#27341a
155,68,#2a3916
156,68,#273804
157,68,#2b3a12
158,68,#24350b
159,68,#26380e
160,68,#324410
161,68,#2e4512
162,68,#243a09
163,68,#2a3e0b
164,68,#283a08
165,68,#2a3c09
166,68,#384515
167,68,#3e5116
168,68,#2f410f
169,68,#283c05
170,68,#30470e
171,68,#253a0c
172,68,#334313
173,68,#293909
174,68,#27330f
175,68,#2f3e15
176,68,#213103
177,68,#223508
178,68,#233706
179,68,#394d10
180,68,#1f330d
181,68,#1e3606
182,68,#182509
183,68,#374c23
184,68,#22340d
185,68,#0d1620
187,68,#293e1d
188,68,#2b3f0c
189,68,#1b2f06
190,68,#293f09
191,68,#213912
192,68,#213317
202,68,#4f6037
203,68,#24390f
204,68,#414e22
205,68,#333e12
206,68,#2e3c09
207,68,#293a07
208,68,#20300b
209,68,#223509
210,68,#0f1b11
294,68,#303731
297,68,#3e570e
298,68,#4d5f21
299,68,#4a5823
300,68,#435618
301,68,#45521a
302,68,#5a6731
303,68,#48501f
304,68,#484f1a
305,68,#556229
306,68,#535e23
307,68,#68773b
308,68,#475f21
309,68,#364f15
310,68,#465f1e
311,68,#3d5316
312,68,#4a5b23
313,68,#465423
314,68,#354310
315,68,#556130
316,68,#3e4f19
317,68,#4a5822
318,68,#33410f
319,68,#44521d
320,68,#4d5c27
321,68,#3f5322
322,68,#1f390d
323,68,#2b420f
324,68,#2f4914
325,68,#4c5b24
326,68,#38470e
327,68,#485621
328,68,#43541d
329,68,#2f420c
330,68,#2a3f09
331,68,#3d511d
332,68,#2a3d11
333,68,#1f3207
334,68,#2c400e
335,68,#3c5116
336,68,#3a4f14
337,68,#2d430d
338,68,#2f4515
339,68,#1b3006
340,68,#2f4812
341,68,#3f5815
342,68,#42541b
343,68,#3f5419
344,68,#425b1a
345,68,#415716
346,68,#465b1a
347,68,#495e21
348,68,#475d1f
349,68,#475d1f
350,68,#41561b
351,68,#3e561c
352,68,#42571a
353,68,#3c4e1a
354,68,#475b21
355,68,#495b1f
356,68,#384723
357,68,#465822
358,68,#465824
359,68,#465826
360,68,#44551e
361,68,#45561f
362,68,#42531d
363,68,#4c5a25
364,68,#323f0b
365,68,#475520
366,68,#485623
367,68,#4c5a24
368,68,#485520
369,68,#515b29
370,68,#555d2a
371,68,#565f30
372,68,#676f3b
373,68,#5e6230
374,68,#3b4121
375,68,#6a6942
376,68,#5a5a27
377,68,#6b5f34
378,68,#6f6236
379,68,#918257
380,68,#7a6842
381,68,#82734c
382,68,#746842
383,68,#6d5d39
384,68,#816e49
385,68,#7f6f46
386,68,#79693b
387,68,#645a34
388,68,#716441
389,68,#7b724e
390,68,#6b683b
391,68,#72693e
392,68,#7a7244
393,68,#6c633a
394,68,#6f6738
395,68,#82784b
396,68,#7a7045
397,68,#736946
398,68,#7d734d
399,68,#82764c
400,68,#7a6e44
401,68,#897a53
402,68,#877851
403,68,#927f57
404,68,#a48d63
405,68,#9d865c
406,68,#958156
407,68,#937b50
408,68,#9c865d
409,68,#827146
410,68,#907e56
411,68,#87754f
412,68,#958157
413,68,#937d54
414,68,#89734c
415,68,#806e46
416,68,#8f7950
417,68,#827043
418,68,#806f44
419,68,#7c6d46
420,68,#71653b
421,68,#7a6d43
422,68,#7e734d
423,68,#6f633b
424,68,#6d6439
425,68,#7c6f45
426,68,#75683e
427,68,#7e7049
428,68,#776944
429,68,#837550
430,68,#726946
431,68,#6b6642
432,68,#837754
433,68,#706b45
434,68,#636138
435,68,#5d5b32
436,68,#5c6033
437,68,#626b3a
438,68,#64683d
439,68,#5f6238
440,68,#414a17
441,68,#394712
442,68,#2e3a14
443,68,#334417
444,68,#323d0f
445,68,#505831
446,68,#5b5b38
447,68,#7b6e4b
448,68,#897f59
449,68,#8c7d56
450,68,#9f9370
451,68,#92815d
452,68,#756037
453,68,#9c8358
454,68,#c19e74
455,68,#c1aa75
456,68,#c2a872
457,68,#bf9f74
458,68,#ae9b71
459,68,#938156
460,68,#6b5a2e
461,68,#83754d
462,68,#8d7f5b
463,68,#6c613d
464,68,#635936
465,68,#605e38
466,68,#89865f
467,68,#434c1f
468,68,#47511f
469,68,#595d32
470,68,#5f6537
471,68,#51562b
472,68,#5b6235
473,68,#585e30
474,68,#5a5c34
475,68,#585731
476,68,#6a5f41
477,68,#6b7044
478,68,#31410e
479,68,#303c11
480,68,#2a3a0b
481,68,#2a3709
482,68,#384519
483,68,#505b30
484,68,#434d1e
485,68,#454e1d
486,68,#465121
487,68,#52592d
488,68,#6c6b42
489,68,#7f714a
490,68,#86734b
491,68,#83744b
492,68,#7e6a45
493,68,#816b44
494,68,#9f8c62
495,68,#576534
496,68,#97845c
497,68,#6a5d3a
498,68,#6d6943
499,68,#68673f
500,68,#4f602a
501,68,#30480c
502,68,#344c0e
503,68,#304a0d
504,68,#2b490d
505,68,#2d490c
506,68,#3e561c
507,68,#40591d
508,68,#40591f
509,68,#395316
510,68,#354a0f
511,68,#395719
512,68,#2c460d
513,68,#284108
514,68,#354e14
515,68,#253d09
516,68,#243d06
517,68,#30490e
518,68,#243d07
519,68,#213906
520,68,#1d3a05
521,68,#39521b
522,68,#385110
523,68,#384d12
524,68,#374f15
525,68,#3b5015
526,68,#34480d
527,68,#2c480e
528,68,#142b03
529,68,#132605
530,68,#2b3610
531,68,#283b0d
532,68,#1b2f0b
533,68,#2b3b1c
536,68,#131b28
537,68,#112f03
92,69,#102016
95,69,#2b392d
96,69,#223b05
97,69,#14220a
98,69,#313720
99,69,#26290c
100,69,#615d3b
101,69,#38340f
102,69,#222c0a
103,69,#354113
104,69,#3f4b20
105,69,#1e2e09
106,69,#243115
107,69,#333e14
108,69,#3e451a
109,69,#616d43
110,69,#2d3b16
111,69,#383c18
112,69,#766e3e
113,69,#958053
114,69,#9b8458
115,69,#a69061
116,69,#99865a
117,69,#6a6234
118,69,#7e7248
119,69,#857750
120,69,#716640
121,69,#6d6338
122,69,#747042
123,69,#686538
124,69,#646337
125,69,#575c29
126,69,#595d2b
127,69,#595f2f
128,69,#535c29
129,69,#4e5e27
130,69,#425617
131,69,#435919
132,69,#4c5921
133,69,#48571b
134,69,#415122
135,69,#4a5827
136,69,#44581d
137,69,#465b22
138,69,#4b542a
139,69,#455720
140,69,#435817
141,69,#31440d
142,69,#32470d
143,69,#293c0f
144,69,#304609
145,69,#304513
146,69,#1f2f0a
147,69,#202e0a
148,69,#1e2e0a
149,69,#26390f
150,69,#354e06
151,69,#0b121b
156,69,#1a251f
157,69,#2d3d0a
158,69,#263708
159,69,#1e3309
160,69,#24390e
161,69,#243709
162,69,#24390c
163,69,#233608
164,69,#293b09
165,69,#304211
166,69,#30420d
167,69,#263d06
168,69,#2b3e0e
169,69,#2e400c
170,69,#2c3e09
171,69,#253a10
172,69,#23370a
173,69,#2a3c10
174,69,#233311
175,69,#303e13
176,69,#24390b
177,69,#253b0d
178,69,#253b0a
179,69,#273a0d
180,69,#28400e
181,69,#2e4411
182,69,#1d310a
183,69,#273e0f
184,69,#040a18
185,69,#33471b
186,69,#263e13
187,69,#223e08
188,69,#293f11
189,69,#294106
190,69,#283d11
191,69,#253d08
202,69,#32440f
203,69,#313e0c
204,69,#28330c
205,69,#222b0d
206,69,#26320b
207,69,#353f0f
208,69,#2c3508
209,69,#374411
210,69,#2b3f0c
292,69,#2b3a11
293,69,#475a19
294,69,#455719
295,69,#4b581c
296,69,#545e1e
297,69,#4a5a19
298,69,#405414
299,69,#4d5a21
300,69,#5a682d
301,69,#4d5c23
302,69,#69723f
303,69,#5b6a39
304,69,#384813
305,69,#576734
306,69,#4c5d26
307,69,#475c1f
308,69,#375112
309,69,#3b5315
310,69,#3d5114
311,69,#2c3d0a
312,69,#3a4912
313,69,#283b0d
314,69,#3a4d15
315,69,#3d5018
316,69,#4f6126
317,69,#364711
318,69,#45531e
319,69,#4a5624
320,69,#485821
321,69,#35470f
322,69,#45581f
323,69,#47561c
324,69,#394a14
325,69,#30410a
326,69,#4a5920
327,69,#5d6c35
328,69,#2d3b0d
329,69,#55632e
330,69,#53662e
331,69,#364a0f
332,69,#3d5117
333,69,#475b20
334,69,#42561b
335,69,#2e400a
336,69,#45571b
337,69,#43591b
338,69,#3c5118
339,69,#273a08
340,69,#20350c
341,69,#2a400e
342,69,#3d5419
343,69,#4e6328
344,69,#44581d
345,69,#47591f
346,69,#4b5d23
347,69,#455a1d
348,69,#394f11
349,69,#405618
350,69,#445720
351,69,#445521
352,69,#485a25
353,69,#42561c
354,69,#435522
355,69,#455722
356,69,#455729
357,69,#465624
358,69,#3a4a1b
359,69,#455526
360,69,#485422
361,69,#46551e
362,69,#425419
363,69,#445319
364,69,#4d5b21
365,69,#4c5e21
366,69,#4e6026
367,69,#505e29
368,69,#535f2d
369,69,#586132
370,69,#57602a
371,69,#57623d
372,69,#535d31
373,69,#5c672a
374,69,#4d5721
375,69,#656d38
376,69,#5a5734
377,69,#73683d
378,69,#766341
379,69,#897550
380,69,#82704c
381,69,#8d7b57
382,69,#7c6d49
383,69,#8d7d59
384,69,#9b8a64
385,69,#8e7c50
386,69,#927e57
387,69,#7f714b
388,69,#877753
389,69,#746744
390,69,#887c54
391,69,#9b8a64
392,69,#897c51
393,69,#7d6f48
394,69,#877a4d
395,69,#97885d
396,69,#908158
397,69,#867952
398,69,#877952
399,69,#9b8961
400,69,#938459
401,69,#a29061
402,69,#a38f67
403,69,#a48c61
404,69,#c5b17e
405,69,#d0c38b
406,69,#97814d
407,69,#8e784e
408,69,#8c7748
409,69,#a28c63
410,69,#958458
411,69,#938056
412,69,#998158
413,69,#907d53
414,69,#8c764f
415,69,#947f54
416,69,#867145
417,69,#8c7a4c
418,69,#87764a
419,69,#8f8057
420,69,#87784d
421,69,#9b8a5f
422,69,#766e47
423,69,#796d45
424,69,#807148
425,69,#85764b
426,69,#827348
427,69,#8b7c51
428,69,#86774e
429,69,#8f7f5b
430,69,#73643f
431,69,#756d48
432,69,#68643e
433,69,#78704b
434,69,#7a774e
435,69,#666336
436,69,#766f45
437,69,#8b8551
438,69,#3a3f1e
439,69,#737e4e
440,69,#928452
441,69,#686031
442,69,#7a7748
443,69,#9c9c6c
444,69,#67643c
445,69,#3b4319
446,69,#3a4216
447,69,#646039
448,69,#5c5930
449,69,#867c53
450,69,#968961
451,69,#887a55
452,69,#b4a374
453,69,#686537
454,69,#4e3f19
455,69,#b59b71
456,69,#e6bd8d
457,69,#ceaa7c
458,69,#dcba8f
459,69,#d4b388
460,69,#99875d
461,69,#74663a
462,69,#5e5e33
463,69,#475021
464,69,#505024
465,69,#53522a
466,69,#50522a
467,69,#5e6538
468,69,#57602d
469,69,#576131
470,69,#51532b
471,69,#4f4d27
472,69,#4c4f24
473,69,#727344
474,69,#59562d
475,69,#615b36
476,69,#464520
477,69,#5a5c33
478,69,#465724
479,69,#40491d
480,69,#344012
481,69,#50592c
482,69,#545930
483,69,#6a6b43
484,69,#615f38
485,69,#66613b
486,69,#665f3a
487,69,#7a6f45
488,69,#72633c
489,69,#82704c
490,69,#7a6a44
491,69,#837552
492,69,#96825e
493,69,#96865d
494,69,#96805a
495,69,#897453
496,69,#84774d
497,69,#a1916d
498,69,#67653e
499,69,#555e33
500,69,#456220
501,69,#314b0e
502,69,#294307
503,69,#32490f
504,69,#3d5019
505,69,#4f612e
506,69,#42571f
507,69,#405217
508,69,#384f17
509,69,#3e501a
510,69,#3f561c
511,69,#395719
512,69,#2f490c
513,69,#324b12
514,69,#2b4310
515,69,#243c08
516,69,#274009
517,69,#29400c
518,69,#1d3506
519,69,#314e11
520,69,#32520f
521,69,#365011
522,69,#3e5219
523,69,#43541f
524,69,#394e16
525,69,#2a3d05
526,69,#3a4d15
527,69,#233f0b
528,69,#192d07
529,69,#142908
530,69,#22390d
531,69,#283f13
532,69,#152a08
537,69,#2e451a
92,70,#152912
93,70,#0b2205
94,70,#202d18
95,70,#253417
96,70,#354519
97,70,#14280a
98,70,#1f290c
99,70,#5b5839
100,70,#84724a
101,70,#8a7a58
102,70,#6b623a
103,70,#757247
104,70,#676a3b
105,70,#2e3c16
106,70,#1a2c06
107,70,#2d3c15
108,70,#252907
109,70,#616647
110,70,#2d3c10
111,70,#3e4425
112,70,#87814f
113,70,#7d7140
114,70,#978153
115,70,#948659
116,70,#988259
117,70,#7a6f41
118,70,#676134
119,70,#7a6f45
120,70,#82764e
121,70,#6c663c
122,70,#736f48
123,70,#767445
124,70,#757243
125,70,#656434
126,70,#595d2a
127,70,#626633
128,70,#525a29
129,70,#24360e
130,70,#4c641f
131,70,#44581a
132,70,#4e5c22
133,70,#495e20
134,70,#475a1f
135,70,#41551a
136,70,#485b23
137,70,#495b27
138,70,#445b20
139,70,#465a1f
140,70,#455b1b
141,70,#364624
142,70,#304a0c
143,70,#2e4510
144,70,#2a410b
145,70,#2c4011
146,70,#2d400e
147,70,#293d15
148,70,#293c10
149,70,#0e1720
158,70,#273c17
159,70,#283f09
160,70,#283e10
161,70,#324517
162,70,#27380a
163,70,#23350b
164,70,#23390b
165,70,#253b0a
166,70,#31450f
167,70,#364d11
168,70,#203607
169,70,#24390a
170,70,#243b0d
171,70,#253a0e
172,70,#1b3109
173,70,#1e3509
174,70,#233b0b
175,70,#223a0b
176,70,#20350c
177,70,#26390c
178,70,#1d3208
179,70,#233a0c
180,70,#1e370d
181,70,#223611
182,70,#253b0e
183,70,#133109
184,70,#294109
185,70,#233e07
186,70,#233b07
187,70,#203b08
188,70,#213c09
189,70,#2c4712
190,70,#273620
191,70,#394a1c
201,70,#3d5128
202,70,#2b3615
203,70,#323e1a
204,70,#364218
205,70,#434f1d
206,70,#2a370f
207,70,#23330e
208,70,#383f1c
209,70,#263516
210,70,#142212
211,70,#192521
293,70,#070d1f
294,70,#3e4e21
295,70,#46541b
296,70,#4a551d
297,70,#566027
298,70,#566125
299,70,#445217
300,70,#3b4c15
301,70,#58622b
302,70,#485722
303,70,#344511
304,70,#3c4d16
305,70,#40571c
306,70,#455a1f
307,70,#3c5715
308,70,#334d10
309,70,#3f5618
310,70,#3a5417
311,70,#2c400d
312,70,#40521a
313,70,#243504
314,70,#45561e
315,70,#2b420e
316,70,#395116
317,70,#39511b
318,70,#364c1d
319,70,#243b0c
320,70,#203605
321,70,#172807
322,70,#24360a
323,70,#243509
324,70,#243509
325,70,#24350b
326,70,#223209
327,70,#47551d
328,70,#434d18
329,70,#4a5722
330,70,#555f2a
331,70,#34410e
332,70,#536429
333,70,#4e5c27
334,70,#435219
335,70,#465820
336,70,#485520
337,70,#44581d
338,70,#42581a
339,70,#283c07
340,70,#425623
341,70,#1f3109
342,70,#213509
343,70,#3e501c
344,70,#5b6a31
345,70,#485923
346,70,#4c5a25
347,70,#495b20
348,70,#465a1d
349,70,#40581a
350,70,#455a1f
351,70,#455927
352,70,#465720
353,70,#475824
354,70,#475822
355,70,#4c5d25
356,70,#4d5f28
357,70,#515e2f
358,70,#2e3c18
359,70,#4f582b
360,70,#4b5520
361,70,#485821
362,70,#4b5e22
363,70,#485c21
364,70,#465b1e
365,70,#485923
366,70,#44531c
367,70,#485c22
368,70,#4c5b24
369,70,#4f5e28
370,70,#0f1b06
371,70,#435323
372,70,#5e6731
373,70,#606431
374,70,#5e602f
375,70,#585827
376,70,#6c6439
377,70,#23240f
378,70,#887a58
379,70,#957558
380,70,#ab8e69
381,70,#99805d
382,70,#807b4e
383,70,#907c55
384,70,#8c7453
385,70,#847847
386,70,#8a774e
387,70,#b1a36f
388,70,#a78e67
389,70,#b19b6c
390,70,#94825a
391,70,#a9966c
392,70,#a99768
393,70,#8c794d
394,70,#837140
395,70,#9e8c60
396,70,#998457
397,70,#a48e66
398,70,#a08b60
399,70,#baa578
400,70,#9b885d
401,70,#a99266
402,70,#b39b6c
403,70,#a79063
404,70,#ae996d
405,70,#b29c6b
406,70,#a79267
407,70,#a38e5d
408,70,#957f50
409,70,#a38c63
410,70,#998459
411,70,#957e54
412,70,#af9465
413,70,#ab9063
414,70,#90774f
415,70,#907d52
416,70,#907b4c
417,70,#857247
418,70,#8e7b51
419,70,#907d53
420,70,#8e8053
421,70,#897c50
422,70,#94835a
423,70,#937e57
424,70,#977c54
425,70,#8e804e
426,70,#918252
427,70,#968359
428,70,#917d4d
429,70,#8e7c54
430,70,#85784c
431,70,#817147
432,70,#7b7248
433,70,#757244
434,70,#716d3d
435,70,#767547
436,70,#746a40
437,70,#90875b
438,70,#8d7f52
439,70,#837c51
440,70,#595935
441,70,#4f5121
442,70,#bfb386
443,70,#c5b383
444,70,#bcb079
445,70,#7e7a4c
446,70,#aca778
447,70,#55552d
448,70,#3c401b
449,70,#3f3d17
450,70,#726842
451,70,#a8956b
452,70,#9b895d
453,70,#989154
454,70,#93774c
455,70,#776636
456,70,#f7cc93
457,70,#deb982
458,70,#c49f70
459,70,#c2a275
460,70,#8d734b
461,70,#8c815a
462,70,#64582e
463,70,#6d6135
464,70,#7a6e40
465,70,#5d582e
466,70,#5b5731
467,70,#4e4e27
468,70,#595b33
469,70,#7b7650
470,70,#887d59
471,70,#817350
472,70,#a79672
473,70,#7b6e4b
474,70,#746a47
475,70,#8a805a
476,70,#685e3a
477,70,#867c58
478,70,#5e5a34
479,70,#55552e
480,70,#79724d
481,70,#615e33
482,70,#756d4b
483,70,#7e714e
484,70,#827151
485,70,#837351
486,70,#807350
487,70,#736a43
488,70,#635633
489,70,#70603f
490,70,#756740
491,70,#8b7757
492,70,#958661
493,70,#7a6844
494,70,#837351
495,70,#7f704f
496,70,#817b5b
497,70,#6e6742
498,70,#5d6333
499,70,#465c1e
500,70,#2a4407
501,70,#334810
502,70,#334a0d
503,70,#3e4e1f
504,70,#5f643b
505,70,#515c2c
506,70,#4d5926
507,70,#495a24
508,70,#485922
509,70,#3f5318
510,70,#375515
511,70,#334f12
512,70,#2b490d
513,70,#203c03
514,70,#37501a
515,70,#28430c
516,70,#1e3904
517,70,#364f15
518,70,#365617
519,70,#375414
520,70,#3b5516
521,70,#435720
522,70,#3e4813
523,70,#3a4813
524,70,#395017
525,70,#355116
526,70,#203806
527,70,#20390d
528,70,#142803
529,70,#274014
530,70,#193305
531,70,#1d3801
537,70,#101e1e
93,71,#203c0a
94,71,#263c0f
95,71,#132202
96,71,#30420f
97,71,#1d2d0f
98,71,#4c4c27
99,71,#4a3e1a
100,71,#555927
101,71,#6d673d
102,71,#907d59
103,71,#797448
104,71,#59622e
105,71,#2a3a0c
106,71,#1f3005
107,71,#1c2b02
108,71,#2e3714
109,71,#282e0b
110,71,#2c330c
111,71,#272b0b
112,71,#474319
113,71,#4a461c
114,71,#615d32
115,71,#55582a
116,71,#7c7146
117,71,#646536
118,71,#7e7b50
119,71,#827553
120,71,#796f49
121,71,#8e8155
122,71,#8e7f51
123,71,#897c5b
124,71,#69653c
125,71,#6b683b
126,71,#666837
127,71,#676838
128,71,#575f2c
129,71,#545a2a
130,71,#5a642e
131,71,#4e5d20
132,71,#4b581d
133,71,#435619
134,71,#3f5117
135,71,#3f5719
136,71,#3f571b
137,71,#435626
138,71,#3c551c
139,71,#41581e
140,71,#284005
141,71,#273b05
142,71,#031401
143,71,#2e420f
144,71,#32470e
145,71,#374916
146,71,#2e4309
147,71,#152024
152,71,#35471d
159,71,#263f08
160,71,#243c08
161,71,#1f340b
162,71,#27390f
163,71,#2b3d15
164,71,#213407
165,71,#1a3107
166,71,#1b300f
167,71,#29410c
168,71,#1c3308
169,71,#233a0e
170,71,#1e3809
171,71,#192f07
172,71,#1a3106
173,71,#22390b
174,71,#243c0b
175,71,#284010
176,71,#24390d
177,71,#2f4514
178,71,#23390a
179,71,#1f3409
180,71,#253c0f
181,71,#1e3408
182,71,#455e2a
183,71,#29470a
184,71,#243f0b
185,71,#29450b
186,71,#2c450c
187,71,#2b440b
188,71,#213905
189,71,#2b4214
190,71,#1f3c03
191,71,#122115
207,71,#2d3f08
210,71,#314223
211,71,#30401b
296,71,#445430
297,71,#576327
298,71,#5a6628
299,71,#616a33
300,71,#4d5a28
301,71,#5c672d
302,71,#51652e
303,71,#3f541b
304,71,#51662b
305,71,#2c450b
306,71,#32500e
307,71,#425d1a
308,71,#526527
309,71,#344711
310,71,#395514
311,71,#334a15
312,71,#40561d
313,71,#3f551b
314,71,#2d4415
315,71,#213808
316,71,#202f04
317,71,#23280c
318,71,#2e351c
319,71,#252f13
320,71,#7b8464
321,71,#2a3514
322,71,#22300d
323,71,#25340b
324,71,#35441b
325,71,#2c3b0f
326,71,#33440e
327,71,#546228
328,71,#57622a
329,71,#374710
330,71,#4b5f27
331,71,#495821
332,71,#434b1b
333,71,#4f5c26
334,71,#485b20
335,71,#475821
336,71,#4d5c23
337,71,#3d5419
338,71,#374f14
339,71,#385012
340,71,#455a1f
341,71,#1f3208
342,71,#0f2302
343,71,#253907
344,71,#51622c
345,71,#4f6127
346,71,#505f28
347,71,#4a5823
348,71,#4a5b25
349,71,#4a5b25
350,71,#465b24
351,71,#4b5e25
352,71,#455719
353,71,#4e5c28
354,71,#4d5929
355,71,#4f5c2c
356,71,#232d1a
357,71,#4c5b2d
358,71,#4e5930
359,71,#545c2e
360,71,#495422
361,71,#4b5923
362,71,#425924
363,71,#455d23
364,71,#385118
365,71,#314913
366,71,#40531c
367,71,#4b5d27
368,71,#425921
369,71,#53642e
370,71,#4e6227
371,71,#566929
372,71,#5b692e
373,71,#555e2a
374,71,#616335
375,71,#6a623d
376,71,#73623e
377,71,#7e6b47
378,71,#3d3422
379,71,#837452
380,71,#897552
381,71,#998260
382,71,#907d5c
383,71,#867151
384,71,#a89160
385,71,#939056
386,71,#918562
387,71,#a99772
388,71,#aa9f5c
389,71,#9c8b5f
390,71,#a79263
391,71,#a89364
392,71,#8f7950
393,71,#9b8656
394,71,#ae9872
395,71,#b29e6a
396,71,#a48e5d
397,71,#a79067
398,71,#b29b71
399,71,#a68f63
400,71,#b09a5e
401,71,#a18851
402,71,#c3aa73
403,71,#d7bd88
404,71,#dbc18e
405,71,#ceb886
406,71,#b7a06f
407,71,#c2ab73
408,71,#b7a06a
409,71,#b59d6d
410,71,#937d4e
411,71,#9d845b
412,71,#8f7947
413,71,#9f8759
414,71,#b99c72
415,71,#a38b5f
416,71,#94794c
417,71,#9a8459
418,71,#968156
419,71,#8f7a4f
420,71,#927d52
421,71,#7d693f
422,71,#998256
423,71,#948055
424,71,#a18654
425,71,#9b7f54
426,71,#a58d60
427,71,#7d6444
428,71,#8f7f5d
429,71,#917f5a
430,71,#817c50
431,71,#a18c64
432,71,#827647
433,71,#817746
434,71,#7c7e47
435,71,#6c6c3c
436,71,#656a34
437,71,#444419
438,71,#424419
439,71,#6e6540
440,71,#737544
441,71,#464f1b
442,71,#6c6839
443,71,#746c43
444,71,#796b49
445,71,#465326
446,71,#a6a36d
447,71,#ac9868
448,71,#91845d
449,71,#5c5b34
450,71,#5e5a35
451,71,#8d7f57
452,71,#8e7b55
453,71,#a78c62
454,71,#b3a77b
455,71,#907e56
456,71,#b79b6e
457,71,#f1c894
458,71,#c8a473
459,71,#c0a572
460,71,#d7bb8b
461,71,#9c845b
462,71,#96875a
463,71,#77693c
464,71,#897a4f
465,71,#796b46
466,71,#766c43
467,71,#57552c
468,71,#3f4218
469,71,#4b5528
470,71,#55562e
471,71,#837d57
472,71,#93825e
473,71,#685c36
474,71,#8c7e59
475,71,#95865f
476,71,#8c7c5b
477,71,#887c51
478,71,#957f5b
479,71,#937d5e
480,71,#968360
481,71,#8d7f5c
482,71,#98825b
483,71,#a38d68
484,71,#977e5d
485,71,#897957
486,71,#928562
487,71,#968561
488,71,#8e7c58
489,71,#826e4d
490,71,#8c7a56
491,71,#8b7b59
492,71,#806c44
493,71,#a78f69
494,71,#94825e
495,71,#867750
496,71,#746a45
497,71,#5f6334
498,71,#55642e
499,71,#3a5717
500,71,#2e470d
501,71,#384d12
502,71,#3c541b
503,71,#545c35
504,71,#63623b
505,71,#4c5621
506,71,#585d2d
507,71,#54622a
508,71,#47591f
509,71,#4a5d25
510,71,#40581c
511,71,#3b541a
512,71,#325011
513,71,#2b470d
514,71,#233b09
515,71,#314c15
516,71,#253e06
517,71,#304b0e
518,71,#3f581e
519,71,#375016
520,71,#334f15
521,71,#3c5516
522,71,#3d5318
523,71,#3e571d
524,71,#1e3908
525,71,#1e3808
526,71,#233b0b
527,71,#1e3310
528,71,#122803
529,71,#213909
530,71,#223e07
537,71,#1b3d04
553,71,#181d30
93,72,#1c370b
94,72,#162e08
95,72,#203b08
96,72,#18290c
97,72,#1e280c
98,72,#786f4b
99,72,#635a30
100,72,#86724a
101,72,#525122
102,72,#6f683b
103,72,#676934
104,72,#5e592d
105,72,#5e6632
106,72,#37420e
107,72,#1f3108
108,72,#202f0b
109,72,#2d2f0d
110,72,#2e300a
111,72,#2b2f0c
112,72,#232c08
113,72,#33330d
114,72,#4d4d29
115,72,#464321
116,72,#6f6d44
117,72,#8e8255
118,72,#978d64
119,72,#615830
120,72,#897d53
121,72,#94875b
122,72,#94855d
123,72,#756b3f
124,72,#82764c
125,72,#7a754d
126,72,#726f44
127,72,#64663a
128,72,#4a5321
129,72,#495722
130,72,#59612f
131,72,#595c2d
132,72,#4f6124
133,72,#4d5f22
134,72,#4b5a23
135,72,#4b5b23
136,72,#405419
137,72,#465c1d
138,72,#40551d
139,72,#435820
140,72,#2b3d0b
141,72,#475821
142,72,#283b11
143,72,#293f0c
144,72,#2e4113
145,72,#2f470c
146,72,#2f440c
147,72,#2b4309
148,72,#344d14
149,72,#324b12
150,72,#2d470e
151,72,#2d4511
152,72,#263f0b
153,72,#273e12
154,72,#354c16
155,72,#2c441a
156,72,#2e420f
157,72,#284204
158,72,#2f3f23
159,72,#375218
160,72,#2e470f
161,72,#2a3b10
162,72,#20320b
163,72,#273e0b
164,72,#2d4206
165,72,#273a0c
166,72,#364c10
167,72,#334a14
168,72,#233b09
169,72,#233e0b
170,72,#223d0a
171,72,#213909
172,72,#274009
173,72,#29420c
174,72,#2a420f
175,72,#2b4008
176,72,#233909
177,72,#294109
178,72,#374e1a
179,72,#31490f
180,72,#2d470a
181,72,#375114
182,72,#263e09
183,72,#2e480b
184,72,#203909
185,72,#2a480c
186,72,#2c4410
187,72,#2e4910
188,72,#2c4714
189,72,#223a08
190,72,#25420a
191,72,#2c460e
193,72,#343e1d
194,72,#454c33
195,72,#313b23
196,72,#3d4534
198,72,#284302
297,72,#4d622e
298,72,#525f27
299,72,#535f25
300,72,#465218
301,72,#485e1e
302,72,#35520d
303,72,#3c5814
304,72,#46631d
305,72,#475d1b
306,72,#3e5b13
307,72,#3b5215
308,72,#435c1d
309,72,#223c0b
310,72,#273a15
311,72,#1f3512
312,72,#4b5232
313,72,#2c3117
314,72,#343d21
315,72,#353d19
316,72,#7e8161
317,72,#7f8267
318,72,#22300d
319,72,#2f3a1d
320,72,#1d2a0a
321,72,#25300e
322,72,#24340a
323,72,#2f3d1b
324,72,#1b2a03
325,72,#1c3101
326,72,#42531a
327,72,#43551d
328,72,#374811
329,72,#495922
330,72,#40521a
331,72,#424f19
332,72,#4e5622
333,72,#454f1b
334,72,#515f2c
335,72,#485721
336,72,#43571a
337,72,#2c400a
338,72,#2c3e0e
339,72,#3c4e18
340,72,#3d561b
341,72,#354c13
342,72,#1b3008
343,72,#233709
344,72,#43561e
345,72,#4a571f
346,72,#55622d
347,72,#536029
348,72,#525e2d
349,72,#576031
350,72,#4d5b29
351,72,#040716
352,72,#181a2e
353,72,#636a3e
354,72,#717041
355,72,#616a3c
356,72,#525a29
357,72,#525f2a
358,72,#425723
359,72,#0d2613
362,72,#0b1618
363,72,#3d622c
364,72,#3e511e
365,72,#3e551d
366,72,#43551e
367,72,#4a5627
368,72,#4d5e30
369,72,#526330
370,72,#4c6025
371,72,#3c511e
372,72,#626d34
373,72,#6d6f43
374,72,#817955
375,72,#76754e
376,72,#857d59
377,72,#988364
378,72,#9f8c63
379,72,#887e55
380,72,#333410
381,72,#233306
382,72,#15261b
383,72,#386429
384,72,#0a431e
385,72,#0d5235
386,72,#0f6248
387,72,#0e704c
388,72,#61872b
389,72,#d1c28c
390,72,#b49c6c
391,72,#c9b580
392,72,#9d8957
393,72,#d3ba86
394,72,#a28a5c
395,72,#cfb982
396,72,#ab936b
397,72,#c9ad7c
398,72,#c19f6a
399,72,#b5ac7d
400,72,#636f55
401,72,#142a12
402,72,#c0ad77
403,72,#d5bc80
404,72,#d9bd87
405,72,#c1a26a
406,72,#cbac76
407,72,#e7ca8f
408,72,#e4c68b
409,72,#d9ba87
410,72,#a78b5c
411,72,#a88b5e
412,72,#b6986d
413,72,#b59a6c
414,72,#b69266
415,72,#ab8955
416,72,#ceae7b
417,72,#a2875c
418,72,#b49969
419,72,#b09568
420,72,#9c855c
421,72,#a2885e
422,72,#a3825b
423,72,#90c697
424,72,#60bda7
425,72,#818657
426,72,#ccc292
427,72,#ccb080
428,72,#8d8c5d
429,72,#67805b
430,72,#2a5946
431,72,#3b4d3b
432,72,#8c8953
433,72,#877c51
434,72,#787b45
435,72,#4e7437
436,72,#58644c
437,72,#837f4f
438,72,#7d7741
439,72,#7b7c49
440,72,#595229
441,72,#7d6c4b
442,72,#b59c73
443,72,#bea876
444,72,#bba26a
445,72,#b59a62
446,72,#e1bf8b
447,72,#ceb27f
448,72,#a78e61
449,72,#b49c6d
450,72,#8b7a53
451,72,#93855f
452,72,#70623f
453,72,#867752
454,72,#73633e
455,72,#baa77d
456,72,#8e774c
457,72,#90764c
458,72,#c9b288
459,72,#b8a478
460,72,#b9a77c
461,72,#c4a77b
462,72,#ccaa7c
463,72,#c1a171
464,72,#a7885c
465,72,#997e54
466,72,#988458
467,72,#867450
468,72,#6f6440
469,72,#7f7150
470,72,#827751
471,72,#9e8e68
472,72,#ad9a73
473,72,#a7936b
474,72,#9c845e
475,72,#9b8762
476,72,#9b835f
477,72,#a38c60
478,72,#ab946d
479,72,#a78d69
480,72,#b49670
481,72,#9d835c
482,72,#9d865b
483,72,#a08762
484,72,#9c835e
485,72,#a38b62
486,72,#b89f77
487,72,#b39c73
488,72,#897955
489,72,#8b7c56
490,72,#84764c
491,72,#917b55
492,72,#95855b
493,72,#796b46
494,72,#736446
495,72,#8c815f
496,72,#978c67
497,72,#6f733e
498,72,#4f5c24
499,72,#4d6525
500,72,#445a21
501,72,#445021
502,72,#5d6439
503,72,#766d4c
504,72,#817855
505,72,#5b622f
506,72,#737245
507,72,#585d27
508,72,#6a6d3b
509,72,#606734
510,72,#445521
511,72,#364b13
512,72,#364e14
513,72,#203d05
514,72,#1f3a07
515,72,#30480d
516,72,#44591e
517,72,#395017
518,72,#26470b
519,72,#335014
520,72,#395417
521,72,#375314
522,72,#2b460b
523,72,#3d5717
524,72,#253d0b
525,72,#213c08
526,72,#263b10
527,72,#1f350a
528,72,#1a340b
529,72,#1d3b04
530,72,#090f20
536,72,#212d25
93,73,#1d350b
94,73,#29400d
95,73,#3a4f17
96,73,#152906
97,73,#26350c
98,73,#6f6340
99,73,#776141
100,73,#4f481d
101,73,#59552a
102,73,#646b37
103,73,#2b320f
104,73,#45471f
105,73,#54552d
106,73,#41491d
107,73,#29360e
108,73,#252d0b
109,73,#313211
110,73,#343814
111,73,#373b18
112,73,#36340e
113,73,#6d653e
114,73,#5d592c
115,73,#545429
116,73,#77754c
117,73,#887c57
118,73,#8c7e54
119,73,#74673b
120,73,#86794d
121,73,#787143
122,73,#84754e
123,73,#82774d
124,73,#82764a
125,73,#6b6937
126,73,#686836
127,73,#5a6131
128,73,#5e6132
129,73,#5c5e2f
130,73,#5d612f
131,73,#5d6031
132,73,#3a4716
133,73,#4e5b24
134,73,#4d5b20
135,73,#505f28
136,73,#394a14
137,73,#465a1f
138,73,#41531f
139,73,#3f541c
140,73,#384d15
141,73,#3a4c18
142,73,#455625
143,73,#394c12
144,73,#3d541b
145,73,#2f440b
146,73,#2e460c
147,73,#253e06
148,73,#304910
149,73,#2d460c
150,73,#2a400f
151,73,#223905
152,73,#274006
153,73,#2f441a
154,73,#314511
155,73,#1f320b
157,73,#121f30
158,73,#1b2d1f
159,73,#000e17
161,73,#1b2a1f
162,73,#324523
163,73,#203215
165,73,#263024
166,73,#26380f
167,73,#2a4107
168,73,#2a4210
169,73,#1c3607
170,73,#223d08
171,73,#354e15
172,73,#284109
173,73,#29420b
174,73,#263e0a
175,73,#274109
176,73,#2a3f09
177,73,#3c5315
178,73,#3c5418
179,73,#30480c
180,73,#2f490c
181,73,#203903
182,73,#2a4309
183,73,#2e4617
184,73,#273f0b
185,73,#273e0a
186,73,#264206
187,73,#2b4611
188,73,#294110
189,73,#2a3e15
190,73,#2c4109
191,73,#2f470b
192,73,#405315
193,73,#384c1c
194,73,#0b121d
196,73,#070d1f
197,73,#314712
198,73,#041108
199,73,#2a3a1d
297,73,#051024
298,73,#4e5a21
299,73,#646d2f
300,73,#4e5c1e
301,73,#435a1a
302,73,#364e10
303,73,#374f11
304,73,#385012
305,73,#495b21
306,73,#3c5210
307,73,#4d5621
308,73,#425315
309,73,#2f4812
310,73,#20370a
311,73,#647055
312,73,#262c0e
313,73,#24300b
314,73,#334217
315,73,#2e3c13
316,73,#273612
317,73,#1f2c10
318,73,#233509
319,73,#2f4011
320,73,#4d621e
321,73,#405617
322,73,#384e1e
323,73,#243b05
324,73,#30490b
325,73,#3b5018
326,73,#41551c
327,73,#344d13
328,73,#2e460e
329,73,#42571e
330,73,#3b5413
331,73,#32440d
332,73,#4e5b26
333,73,#495621
334,73,#465721
335,73,#4b5d21
336,73,#4b5f20
337,73,#344c0f
338,73,#41581f
339,73,#455d24
340,73,#3a4f13
341,73,#405318
342,73,#3f5617
343,73,#425825
344,73,#405922
345,73,#5f6736
346,73,#586031
347,73,#606939
348,73,#5e6738
349,73,#5d673f
350,73,#11151b
355,73,#0b130f
356,73,#59622e
357,73,#506032
358,73,#113124
363,73,#2f4c0d
364,73,#3d4e1e
365,73,#435820
366,73,#465824
367,73,#4a5823
368,73,#4b5e2b
369,73,#4a5c28
370,73,#4c602c
371,73,#556032
372,73,#6e6f42
373,73,#7c7a54
374,73,#7a7754
375,73,#756c4b
376,73,#8b7d5a
377,73,#83794f
378,73,#7b6c4a
379,73,#425320
380,73,#2b400b
381,73,#19222a
382,73,#283c18
383,73,#21511e
384,73,#09492e
385,73,#10564a
386,73,#1c7666
387,73,#62b388
388,73,#87933d
389,73,#d1c085
390,73,#ad9a67
391,73,#d7bc83
392,73,#b9a26b
393,73,#e5ca93
394,73,#dbc190
395,73,#d9be90
396,73,#e3c594
397,73,#d2b18a
398,73,#264a26
399,73,#2d5417
400,73,#a8ae74
401,73,#d4bd94
402,73,#6e6d39
403,73,#a18e54
404,73,#dfbd85
405,73,#e7c58d
406,73,#e1c38d
407,73,#f7e2aa
408,73,#d1b882
409,73,#cdad7a
410,73,#d6bc87
411,73,#c6ab76
412,73,#dcc188
413,73,#c3a56e
414,73,#c9a573
415,73,#cbab7a
416,73,#ccaa7b
417,73,#c3a476
418,73,#b8996b
419,73,#a6875b
420,73,#ae9464
421,73,#aa8f62
422,73,#84a681
423,73,#73b290
424,73,#8b8c59
425,73,#dcc28b
426,73,#ccb179
427,73,#caaf7c
428,73,#b39d69
429,73,#b8a46e
430,73,#aa9975
431,73,#918260
432,73,#716b3c
433,73,#696536
434,73,#596229
435,73,#3f420b
436,73,#444d3b
437,73,#3a4012
438,73,#58592b
439,73,#5f5930
440,73,#827553
441,73,#7e6b4a
442,73,#736547
443,73,#a59470
444,73,#edd4a5
445,73,#f7e4ab
446,73,#d5b17d
447,73,#eac891
448,73,#c59c64
449,73,#a48e65
450,73,#7d6c47
451,73,#8f7d56
452,73,#b19a6a
453,73,#c5ad7f
454,73,#ae956b
455,73,#b49f74
456,73,#b19a70
457,73,#a28c64
458,73,#aa976d
459,73,#7e6d42
460,73,#ab996c
461,73,#bba880
462,73,#876d45
463,73,#c1a375
464,73,#c6a477
465,73,#d6b88d
466,73,#f4d19f
467,73,#b69566
468,73,#ae9366
469,73,#b69e78
470,73,#a28a62
471,73,#9c845c
472,73,#b69f73
473,73,#bda579
474,73,#bba075
475,73,#c0a07a
476,73,#c2a57f
477,73,#cead85
478,73,#b1956d
479,73,#b4996b
480,73,#ae9363
481,73,#c4a574
482,73,#c1a177
483,73,#b0936c
484,73,#ac9369
485,73,#bea27a
486,73,#9f865d
487,73,#a18759
488,73,#a69068
489,73,#897856
490,73,#756742
491,73,#6d663f
492,73,#66643d
493,73,#817954
494,73,#685b38
495,73,#746a46
496,73,#887f56
497,73,#7b774f
498,73,#686b43
499,73,#5c6838
500,73,#505e2d
501,73,#445123
502,73,#5c5f35
503,73,#7c744f
504,73,#8d875e
505,73,#a3976f
506,73,#5b5f30
507,73,#828153
508,73,#75734a
509,73,#565e2f
510,73,#434f1d
511,73,#43541e
512,73,#3e521d
513,73,#3f571d
514,73,#425c1f
515,73,#2c4810
516,73,#334e14
517,73,#3c4d17
518,73,#3e541b
519,73,#3a4f14
520,73,#274707
521,73,#3a5714
522,73,#3d5c1c
523,73,#395717
524,73,#35501c
525,73,#243c0c
526,73,#24390f
527,73,#1a3008
528,73,#253d0c
529,73,#172524
549,73,#253323
93,74,#294115
94,74,#334419
95,74,#475620
96,74,#203513
97,74,#2f2f0b
98,74,#786446
99,74,#7a6a46
100,74,#7a6f45
101,74,#685a37
102,74,#4d5528
103,74,#5f6138
104,74,#373714
105,74,#32340f
106,74,#3c4319
107,74,#404522
108,74,#434224
109,74,#3d3e1e
110,74,#4c4d26
111,74,#504e27
112,74,#969262
113,74,#65653d
114,74,#373912
115,74,#575b36
116,74,#555232
117,74,#5d5c34
118,74,#8a7d50
119,74,#756843
120,74,#757040
121,74,#4e4b1f
122,74,#70603d
123,74,#6f643a
124,74,#8a7e50
125,74,#7e7844
126,74,#7c7848
127,74,#656333
128,74,#6d6a3d
129,74,#706b41
130,74,#696737
131,74,#5a6030
132,74,#54592d
133,74,#515926
134,74,#4d5723
135,74,#47551f
136,74,#4e5c2d
137,74,#3a4711
138,74,#495928
139,74,#41561e
140,74,#3e561c
141,74,#3b4f1a
142,74,#3f5120
143,74,#46581f
144,74,#424f1b
145,74,#3b4e16
146,74,#3e561a
147,74,#2a4407
148,74,#385215
149,74,#354f10
150,74,#324c0c
151,74,#334c12
152,74,#283f07
153,74,#2e4404
154,74,#040a1e
157,74,#141e21
158,74,#2f4814
159,74,#394b18
160,74,#445720
166,74,#17260b
167,74,#213806
168,74,#233a0c
169,74,#25400e
170,74,#2c480e
171,74,#2a430a
172,74,#324a10
173,74,#3f571b
174,74,#3e5617
175,74,#364b0e
176,74,#364b1e
177,74,#41581d
178,74,#3a5312
179,74,#273e07
180,74,#324b11
181,74,#253d0b
182,74,#274009
183,74,#2b4409
184,74,#263f07
185,74,#243f09
186,74,#233b0d
187,74,#2b440c
188,74,#2a400d
189,74,#2b3b21
190,74,#1b350d
191,74,#102324
192,74,#1c2b0d
193,74,#2d4019
194,74,#3d4e1b
195,74,#2c4107
196,74,#314510
197,74,#263a14
298,74,#566226
299,74,#4f5d20
300,74,#4d5c23
301,74,#394f0f
302,74,#385013
303,74,#2b4308
304,74,#395115
305,74,#475c1f
306,74,#364a13
307,74,#344110
308,74,#42531a
309,74,#1f320b
310,74,#202b0b
311,74,#3a3c1f
312,74,#424f19
313,74,#314a0e
314,74,#3f5418
315,74,#425414
316,74,#3f4c1b
317,74,#4a5c27
318,74,#505e1f
319,74,#46541c
320,74,#182a10
322,74,#3c452e
323,74,#3c4820
324,74,#33410f
325,74,#364812
326,74,#314707
327,74,#354d13
328,74,#334b11
329,74,#3e531a
330,74,#405417
331,74,#485c21
332,74,#465823
333,74,#495c25
334,74,#45561f
335,74,#485c1d
336,74,#384c10
337,74,#33421a
338,74,#223207
339,74,#213107
340,74,#233b07
341,74,#324913
342,74,#2a4011
343,74,#34470d
344,74,#52602d
345,74,#5c6431
346,74,#636b3c
347,74,#2a350e
348,74,#49572e
349,74,#273523
355,74,#6a7240
356,74,#4b5526
357,74,#4e5d26
358,74,#476122
359,74,#52652f
360,74,#526333
361,74,#394b2e
362,74,#374d14
363,74,#506424
364,74,#495f29
365,74,#3e5215
366,74,#465b22
367,74,#4b5e27
368,74,#415a21
369,74,#4d6525
370,74,#445d24
371,74,#5d7039
372,74,#64663c
373,74,#77754f
374,74,#6c673f
375,74,#786e49
376,74,#887c56
377,74,#8d7b55
378,74,#807d57
379,74,#1e222d
382,74,#081521
383,74,#104923
384,74,#0b532d
385,74,#568c68
386,74,#e7e1ad
387,74,#cec496
388,74,#8c925b
389,74,#b3a97b
390,74,#b1bc8e
391,74,#e6cd98
392,74,#ebce98
393,74,#e1c190
394,74,#eace9e
395,74,#dfc191
396,74,#e5c995
397,74,#132d1c
398,74,#f5eed1
399,74,#21731e
400,74,#9eac72
401,74,#a19974
402,74,#9d945d
403,74,#cdb783
404,74,#ddc48c
405,74,#fbe5af
406,74,#bbaa76
407,74,#a79c66
408,74,#978c5b
409,74,#fdedb8
410,74,#eacf9d
411,74,#c8ae7b
412,74,#cfb17f
413,74,#d7b383
414,74,#d7b583
415,74,#d0af7c
416,74,#ceaa79
417,74,#c2a170
418,74,#b59469
419,74,#ad8c63
420,74,#a1885d
421,74,#b6996f
422,74,#b39a6f
423,74,#757f4d
424,74,#726d42
425,74,#6e6a35
426,74,#ccb582
427,74,#bea273
428,74,#b5976b
429,74,#ab9369
430,74,#938a57
431,74,#747340
432,74,#5c652d
433,74,#44501c
434,74,#778054
435,74,#444619
436,74,#2e3a16
437,74,#8d845e
438,74,#5d5b3a
439,74,#645e3f
440,74,#7e7551
441,74,#f0dfb5
442,74,#bdab7f
443,74,#a79362
444,74,#cfb17e
445,74,#e2c48f
446,74,#fbd495
447,74,#fadba3
448,74,#c5a87d
449,74,#e5cba0
450,74,#b59c73
451,74,#8a754e
452,74,#a9926c
453,74,#9e875f
454,74,#9a8357
455,74,#c4a877
456,74,#d7bd8f
457,74,#b19b72
458,74,#c8b08a
459,74,#8c7651
460,74,#8a7950
461,74,#a08d6b
462,74,#867047
463,74,#bba67b
464,74,#bea880
465,74,#a18b66
466,74,#c5a780
467,74,#dbc592
468,74,#fadeac
469,74,#e3c192
470,74,#c6a876
471,74,#d6b486
472,74,#d0b387
473,74,#b6976b
474,74,#c4a579
475,74,#c8a77c
476,74,#c4a177
477,74,#d2b180
478,74,#c0a071
479,74,#cea877
480,74,#cbaa77
481,74,#cfab77
482,74,#d3b080
483,74,#d0aa7e
484,74,#cba172
485,74,#dbb689
486,74,#c3a277
487,74,#b5946b
488,74,#c4a67a
489,74,#b4a27a
490,74,#7e794f
491,74,#686336
492,74,#93885b
493,74,#a7916a
494,74,#81714d
495,74,#968c66
496,74,#746c40
497,74,#6e6d44
498,74,#6a6f46
499,74,#434d1e
500,74,#42541e
501,74,#465224
502,74,#6e6a40
503,74,#98916a
504,74,#6f7342
505,74,#8d885c
506,74,#b0ad75
507,74,#465421
508,74,#6b7548
509,74,#4a5723
510,74,#42501d
511,74,#3f521b
512,74,#2a450b
513,74,#3d541c
514,74,#324f17
515,74,#1b3506
516,74,#2b440d
517,74,#3c541a
518,74,#3c5518
519,74,#375414
520,74,#787b47
521,74,#354909
522,74,#304f12
523,74,#223d0a
524,74,#23380d
525,74,#273c11
526,74,#20350c
527,74,#2d441a
536,74,#3c591e
546,74,#1e2931
547,74,#293932
93,75,#294113
94,75,#324416
95,75,#2d4212
96,75,#15290b
97,75,#5d532f
98,75,#796a49
99,75,#6c5f3d
100,75,#584f2e
101,75,#68613f
102,75,#3c3f1a
103,75,#6c6a44
104,75,#5d5a33
105,75,#3c3a12
106,75,#40431e
107,75,#3e3b1b
108,75,#3d3b1e
109,75,#4c4323
110,75,#433b17
111,75,#49411a
112,75,#6d6a3e
113,75,#54572c
114,75,#343310
115,75,#47431f
116,75,#4d4c30
117,75,#443914
118,75,#8c7d47
119,75,#bca573
120,75,#4e4821
121,75,#63613b
122,75,#7f7342
123,75,#8f7e50
124,75,#857a4d
125,75,#555323
126,75,#5e5f2e
127,75,#63602e
128,75,#6b6939
129,75,#6c663c
130,75,#696538
131,75,#636035
132,75,#606738
133,75,#5b6330
134,75,#58622d
135,75,#555f2a
136,75,#53602b
137,75,#3e541c
138,75,#465922
139,75,#42571f
140,75,#3a5218
141,75,#3a5218
142,75,#354e14
143,75,#3e501e
144,75,#4b5624
145,75,#3b4e16
146,75,#395218
147,75,#3c541a
148,75,#274104
149,75,#405918
150,75,#2f4507
151,75,#30450c
152,75,#415612
153,75,#0a130f
154,75,#0c1125
156,75,#1f2c22
157,75,#334615
158,75,#364711
159,75,#31450a
160,75,#2d400d
164,75,#293e17
165,75,#26322c
166,75,#121a26
167,75,#324711
168,75,#2e4307
169,75,#293c0e
170,75,#2b4308
171,75,#2e4706
172,75,#395218
173,75,#445721
174,75,#3c5415
175,75,#364e14
176,75,#283f05
177,75,#293c20
178,75,#2d450a
179,75,#2e4510
180,75,#233b0b
181,75,#2a4212
182,75,#274405
183,75,#314915
184,75,#2d450a
185,75,#314813
186,75,#273f02
187,75,#2a3f17
188,75,#222835
190,75,#172414
191,75,#223d03
192,75,#274305
193,75,#273c13
194,75,#273521
195,75,#0b151c
298,75,#3a4713
299,75,#56612a
300,75,#546227
301,75,#3f5218
302,75,#4a6022
303,75,#3e5413
304,75,#3b5315
305,75,#3a4f12
306,75,#334511
307,75,#39460f
308,75,#364311
309,75,#344115
310,75,#454c1e
311,75,#424422
312,75,#3d500d
313,75,#5a672f
314,75,#626b34
315,75,#273b09
316,75,#3e480c
317,75,#606a2e
318,75,#606a2d
319,75,#5a6526
320,75,#1e290e
324,75,#212323
325,75,#374b16
326,75,#2e400d
327,75,#324a0f
328,75,#3b5314
329,75,#33460d
330,75,#364c0f
331,75,#3b4f14
332,75,#4c5c21
333,75,#41521c
334,75,#43551b
335,75,#485a1e
336,75,#354811
337,75,#3e4e19
338,75,#41511a
339,75,#3c4c13
340,75,#4b5c25
341,75,#516027
342,75,#526128
343,75,#435019
344,75,#5f663a
345,75,#666b42
346,75,#5d6431
347,75,#72784b
348,75,#0f1922
356,75,#57672b
357,75,#191c2b
362,75,#394a27
363,75,#263c09
364,75,#2f480d
365,75,#3b531b
366,75,#435815
367,75,#455d23
368,75,#3c551b
369,75,#425d19
370,75,#406015
371,75,#405716
372,75,#696f42
373,75,#7f7850
374,75,#6b663e
375,75,#767248
376,75,#81724e
377,75,#ab9b6c
378,75,#1f3f0d
383,75,#0c3e1f
384,75,#0a4728
385,75,#9eac75
386,75,#d5ba89
387,75,#d3bf88
388,75,#cdbc8e
389,75,#8e885c
390,75,#c9af7e
391,75,#cdb086
392,75,#f6daa8
393,75,#f9e3b4
394,75,#e4c99a
395,75,#f1d7aa
396,75,#f6dbae
397,75,#2f733a
398,75,#a9c787
399,75,#41a02d
400,75,#92b754
401,75,#a99c78
402,75,#f2deb0
403,75,#d3bd8e
404,75,#dcc697
405,75,#ddc894
406,75,#edd9a5
407,75,#b5a975
408,75,#978d5c
409,75,#ab9b67
410,75,#ead8a1
411,75,#bda270
412,75,#cfb680
413,75,#cbaa7a
414,75,#c2a470
415,75,#d1b07b
416,75,#caa978
417,75,#d0b281
418,75,#caae81
419,75,#c2a777
420,75,#9a8757
421,75,#c8b382
422,75,#b4976c
423,75,#b99d6d
424,75,#c3a475
425,75,#b39a6f
426,75,#b19868
427,75,#a4965a
428,75,#aa9765
429,75,#998158
430,75,#706e3d
431,75,#424e18
432,75,#696949
433,75,#565231
434,75,#74744c
435,75,#595334
436,75,#817547
437,75,#87824e
438,75,#888d56
439,75,#9c915e
440,75,#9d945a
441,75,#979158
442,75,#7b6b39
443,75,#979161
444,75,#c2b17b
445,75,#d4b580
446,75,#eec890
447,75,#debb82
448,75,#cbab7d
449,75,#a48960
450,75,#a1875e
451,75,#866d48
452,75,#866f43
453,75,#806e49
454,75,#877352
455,75,#8b7a5a
456,75,#8f7a58
457,75,#928260
458,75,#78653f
459,75,#a28965
460,75,#b69c7c
461,75,#aa9170
462,75,#ddc6a6
463,75,#a48a65
464,75,#b39c78
465,75,#bea77d
466,75,#d9bf9e
467,75,#ae9a74
468,75,#bea37f
469,75,#9c865f
470,75,#b49971
471,75,#d4af89
472,75,#e4bf93
473,75,#c29e70
474,75,#e7bc91
475,75,#eec091
476,75,#f1c598
477,75,#e3c198
478,75,#d2aa7c
479,75,#eab98c
480,75,#cfa97d
481,75,#cdac7f
482,75,#b8986a
483,75,#efc998
484,75,#dfbb8b
485,75,#d6b081
486,75,#d4ae81
487,75,#cca57a
488,75,#bea17b
489,75,#a88d67
490,75,#a18b64
491,75,#a88e66
492,75,#c2a577
493,75,#b09c71
494,75,#94875d
495,75,#726f42
496,75,#6f7341
497,75,#525e28
498,75,#384b13
499,75,#69723d
500,75,#4e5924
501,75,#666d3d
502,75,#84855a
503,75,#888457
504,75,#797746
505,75,#777a43
506,75,#555a23
507,75,#56612f
508,75,#42521e
509,75,#394a16
510,75,#394c17
511,75,#395018
512,75,#254106
513,75,#2a4510
514,75,#223a08
515,75,#243b0a
516,75,#3a5218
517,75,#395218
518,75,#29450a
519,75,#2b4a08
520,75,#767f46
521,75,#475d1b
522,75,#335313
523,75,#2d460d
524,75,#263c0e
525,75,#233706
526,75,#284409
536,75,#26420c
537,75,#2b4811
545,75,#273235
93,76,#1c350c
94,76,#415620
95,76,#20360d
96,76,#18280a
97,76,#726744
98,76,#7e6f4e
99,76,#645639
100,76,#706646
101,76,#433f1c
102,76,#453d1d
103,76,#736445
104,76,#887a56
105,76,#746d3f
106,76,#414119
107,76,#3d3e17
108,76,#433f1c
109,76,#796a49
110,76,#605330
111,76,#5e512e
112,76,#7f734d
113,76,#636037
114,76,#42451a
115,76,#484526
116,76,#494627
117,76,#4f4724
118,76,#827248
119,76,#cbb07e
120,76,#b89f6f
121,76,#494423
122,76,#988957
123,76,#918352
124,76,#837548
125,76,#7a7646
126,76,#4d5122
127,76,#333a0c
128,76,#62602d
129,76,#72703f
130,76,#6a6c3e
131,76,#606230
132,76,#5b632f
133,76,#5d6631
134,76,#5a6430
135,76,#4c5b24
136,76,#55622d
137,76,#455624
138,76,#445521
139,76,#3e551d
140,76,#3a5216
141,76,#3a5119
142,76,#374e18
143,76,#394f1e
144,76,#3b521c
145,76,#41561d
146,76,#41551c
147,76,#364d15
148,76,#394e16
149,76,#374811
150,76,#354514
151,76,#364710
152,76,#304117
153,76,#46571e
156,76,#2a3d0e
157,76,#3d5215
158,76,#34460c
159,76,#384b14
160,76,#375722
164,76,#394e10
165,76,#375015
166,76,#3b500f
167,76,#435718
168,76,#394b15
169,76,#394b17
170,76,#475a19
171,76,#3c4d14
172,76,#2c3a28
173,76,#3d531f
174,76,#2c4205
175,76,#243b09
176,76,#1c300b
177,76,#22390a
178,76,#263e08
179,76,#263d05
180,76,#203808
181,76,#27400a
182,76,#2f490b
183,76,#2f4906
184,76,#324719
185,76,#111d1b
190,76,#294404
191,76,#0d2407
192,76,#11191c
297,76,#091124
298,76,#344016
299,76,#38431a
300,76,#4f541e
301,76,#525b22
302,76,#495e1c
303,76,#3e5510
304,76,#38510f
305,76,#44521f
306,76,#2b3407
307,76,#5d602f
308,76,#5b5d2c
309,76,#3e4814
310,76,#3d451d
311,76,#3d441b
312,76,#303e19
313,76,#313d22
316,76,#394a20
317,76,#2b3f0e
318,76,#34450f
319,76,#4c5720
320,76,#747d40
325,76,#6a7346
326,76,#555e2e
327,76,#2c3e0b
328,76,#344612
329,76,#425422
330,76,#203607
331,76,#223908
332,76,#2f440b
333,76,#35490e
334,76,#435219
335,76,#415319
336,76,#34470f
337,76,#4a5a21
338,76,#4f5b29
339,76,#4e5823
340,76,#56602b
341,76,#4c5a1f
342,76,#4c5722
343,76,#4b591e
344,76,#55642c
345,76,#515f29
346,76,#696d42
347,76,#575942
364,76,#081122
365,76,#283a11
366,76,#293c0f
367,76,#2e460d
368,76,#2c4806
369,76,#405f14
370,76,#45641d
371,76,#466020
372,76,#4b5b28
373,76,#626839
374,76,#6c6c3f
375,76,#736f48
376,76,#82744d
377,76,#646838
378,76,#798d55
379,76,#0a1a17
384,76,#0c090c
385,76,#f8dba1
386,76,#b8a369
387,76,#cab38a
388,76,#cfc395
389,76,#d8b993
390,76,#f2d3a5
391,76,#f4d4a3
392,76,#f6d6a7
393,76,#f1d7a6
394,76,#fae7b6
395,76,#fef4c7
396,76,#fbf8c7
397,76,#947f6c
398,76,#3a352b
399,76,#82b05a
400,76,#d5d4a0
401,76,#e1d6a7
402,76,#ebce95
403,76,#ecd19d
404,76,#f7dfb0
405,76,#fff1bf
406,76,#fde4b2
407,76,#dabe8f
408,76,#c7a97d
409,76,#c2a37c
410,76,#c2b281
411,76,#706b34
412,76,#9a8458
413,76,#d3b88b
414,76,#d4ae77
415,76,#b9935d
416,76,#c5a977
417,76,#b89f74
418,76,#ad8f65
419,76,#ac8860
420,76,#927d53
421,76,#a59166
422,76,#ab9367
423,76,#a58d5d
424,76,#967a50
425,76,#af9669
426,76,#c3a67a
427,76,#a0865d
428,76,#8c7550
429,76,#918158
430,76,#67612f
431,76,#ada075
432,76,#ab9b6d
433,76,#857849
434,76,#6f6c3b
435,76,#6d6a3c
436,76,#41471b
437,76,#615a2e
438,76,#49441e
439,76,#383617
440,76,#524b2a
441,76,#92895e
442,76,#a0945e
443,76,#918c5a
444,76,#a3996b
445,76,#91895f
446,76,#afa578
447,76,#a19061
448,76,#aa9666
449,76,#bea477
450,76,#c3a66f
451,76,#c5a573
452,76,#baa378
453,76,#ac936b
454,76,#ac926f
455,76,#988563
456,76,#8e795a
457,76,#a38a69
458,76,#b59c7c
459,76,#b59d84
460,76,#ac967f
461,76,#a1886d
462,76,#a28a6d
463,76,#c4ac89
464,76,#bfa17e
465,76,#bfa383
466,76,#a69372
467,76,#cbaf8c
468,76,#d7b891
469,76,#f4cfa2
470,76,#d5ae85
471,76,#c6ac7f
472,76,#d6ac7a
473,76,#f5c498
474,76,#deba8c
475,76,#d1ae84
476,76,#d2ab81
477,76,#dbb385
478,76,#e1bd90
479,76,#d0b18b
480,76,#c5a882
481,76,#e4c199
482,76,#efc896
483,76,#f8d1a1
484,76,#ecc091
485,76,#d1a67b
486,76,#dfb487
487,76,#d4ad81
488,76,#d3ac80
489,76,#d3ac81
490,76,#bd9c70
491,76,#ab8e66
492,76,#c2a77d
493,76,#a38c64
494,76,#685e38
495,76,#969567
496,76,#5a6531
497,76,#72824b
498,76,#4e5c26
499,76,#565d29
500,76,#8c8859
501,76,#747242
502,76,#7f7a4b
503,76,#7c7b48
504,76,#777944
505,76,#6b6d3c
506,76,#78804b
507,76,#424d21
508,76,#485122
509,76,#37460f
510,76,#3b4d13
511,76,#2f460f
512,76,#203a09
513,76,#1e3809
514,76,#273f0d
515,76,#324c0f
516,76,#284108
517,76,#2a4309
518,76,#2a4609
519,76,#406016
520,76,#3e5d17
521,76,#264308
522,76,#274508
523,76,#1f3805
524,76,#223b04
525,76,#29470b
536,76,#26410f
537,76,#264109
538,76,#2e4a0c
539,76,#203121
93,77,#15280b
94,77,#314d0a
95,77,#142809
96,77,#282d0e
97,77,#564c30
98,77,#796e4b
99,77,#7c684a
100,77,#816e4e
101,77,#827150
102,77,#6a603d
103,77,#736442
104,77,#84744f
105,77,#7e7048
106,77,#887149
107,77,#515130
108,77,#706848
109,77,#6a6138
110,77,#66573b
111,77,#877659
112,77,#5b5a2b
113,77,#7e7c50
114,77,#4e542a
115,77,#494b25
116,77,#423e18
117,77,#93835d
118,77,#c6b086
119,77,#a08e66
120,77,#a69465
121,77,#7e6d45
122,77,#978656
123,77,#897d4f
124,77,#8f8151
125,77,#887b49
126,77,#837b49
127,77,#5a592a
128,77,#827d49
129,77,#61612d
130,77,#616733
131,77,#636b32
132,77,#586228
133,77,#505f28
134,77,#47551e
135,77,#475824
136,77,#465524
137,77,#424f21
138,77,#435523
139,77,#3a531a
140,77,#364f16
141,77,#3d5322
142,77,#384e1d
143,77,#384f1c
144,77,#3d521b
145,77,#3d5219
146,77,#40531e
147,77,#394e16
148,77,#394e16
149,77,#324911
150,77,#364c14
151,77,#3a4f15
152,77,#42541b
153,77,#2a352b
156,77,#2b4008
157,77,#495b1e
158,77,#3b4d13
159,77,#4a5823
160,77,#5c642f
161,77,#465221
164,77,#46561a
165,77,#4e5920
166,77,#3e510e
169,77,#182020
170,77,#090b1e
172,77,#374e1e
173,77,#2f4711
174,77,#2d4511
175,77,#273f0c
176,77,#273d0e
177,77,#365011
178,77,#2c450e
179,77,#243f08
180,77,#27460a
181,77,#2a4702
182,77,#23292f
286,77,#354115
287,77,#364714
288,77,#2e3a0e
289,77,#364214
290,77,#4c5d26
291,77,#3a4922
292,77,#25262a
293,77,#4e6131
294,77,#1d281e
295,77,#232d22
297,77,#43561c
298,77,#46561a
299,77,#485719
300,77,#46551a
301,77,#4c5921
302,77,#646d2e
303,77,#233201
304,77,#353f12
305,77,#89835c
307,77,#4a5838
308,77,#464d32
309,77,#505324
310,77,#494e16
311,77,#1d1e27
317,77,#384b11
318,77,#606d2d
319,77,#545a1e
320,77,#506125
321,77,#545d23
322,77,#7d8048
327,77,#333d2c
328,77,#4d5a2b
329,77,#45521d
330,77,#3d4b1b
331,77,#2a3c0b
332,77,#334910
333,77,#31460d
334,77,#364814
335,77,#30410a
336,77,#4b5a23
337,77,#2a3d0a
338,77,#40551c
339,77,#475d25
340,77,#4e6323
341,77,#576725
342,77,#4c6521
343,77,#405516
344,77,#52622b
345,77,#5a6030
346,77,#515832
366,77,#121b25
367,77,#283613
368,77,#52612f
369,77,#303115
370,77,#53512b
371,77,#354112
372,77,#394c13
373,77,#3e5717
374,77,#485e1f
375,77,#435318
376,77,#3f5019
377,77,#4e6326
378,77,#4e5318
385,77,#564f4a
386,77,#fae4af
387,77,#f2e8be
388,77,#f8f0bc
389,77,#eedbaf
390,77,#d7c499
391,77,#f9dfb4
392,77,#fef1bf
393,77,#faf6c7
394,77,#fefdd3
395,77,#eae4b4
396,77,#bfb092
397,77,#655c35
398,77,#948457
399,77,#89744d
400,77,#e0c898
401,77,#e9cb96
402,77,#fae3b4
403,77,#fcdbab
404,77,#e6c28b
405,77,#f3ca96
406,77,#eac18b
407,77,#d7b587
408,77,#d3b284
409,77,#c5a77a
410,77,#c2a177
411,77,#c1a37c
412,77,#907e45
413,77,#b89d6b
414,77,#b79667
415,77,#917b4c
416,77,#9a8c58
417,77,#a08759
418,77,#9a8857
419,77,#aa926d
420,77,#ad8e6a
421,77,#a98d68
422,77,#8d7a4a
423,77,#867847
424,77,#837248
425,77,#8f825a
426,77,#817444
427,77,#727038
428,77,#5e642b
429,77,#47591c
430,77,#666932
431,77,#a58668
432,77,#918b59
433,77,#6d6837
434,77,#4c5122
435,77,#3c4015
436,77,#565d2a
437,77,#74793d
438,77,#5a662c
439,77,#465a1e
440,77,#2c4410
441,77,#807c5a
442,77,#817b5e
443,77,#52472f
444,77,#3d3c1e
445,77,#4d4c24
446,77,#685d38
447,77,#a39474
448,77,#554829
449,77,#635a40
450,77,#53482b
451,77,#655735
452,77,#bba67a
453,77,#7f6c47
454,77,#6f603c
455,77,#6a5f3a
456,77,#90875f
457,77,#9a8664
458,77,#918066
459,77,#c3ae98
460,77,#bda787
461,77,#bda88c
462,77,#a39177
463,77,#a79c82
464,77,#99866b
465,77,#ad9873
466,77,#d2b08d
467,77,#c0a47e
468,77,#dabc9b
469,77,#ebcba6
470,77,#d7ba94
471,77,#9f8663
472,77,#baa384
473,77,#766243
474,77,#b0977a
475,77,#af9572
476,77,#b79e7d
477,77,#d7bc96
478,77,#c7a77e
479,77,#e1b88c
480,77,#f4c995
481,77,#fedda7
482,77,#f5ce9a
483,77,#f3c99c
484,77,#e0b88a
485,77,#ddb283
486,77,#f4cb9b
487,77,#f8d19e
488,77,#ebbf90
489,77,#d6ae80
490,77,#ccac7f
491,77,#c9ad81
492,77,#c0a881
493,77,#675d38
494,77,#726d4a
495,77,#4e562a
496,77,#737248
497,77,#828251
498,77,#7d7b42
499,77,#8b8451
500,77,#7d7c49
501,77,#707744
502,77,#5f6732
503,77,#5c612f
504,77,#717342
505,77,#707946
506,77,#4f6029
507,77,#37480c
508,77,#374511
509,77,#3e5317
510,77,#2b420c
511,77,#2c430e
512,77,#243c0a
513,77,#3e571c
514,77,#27400a
515,77,#253d0a
516,77,#2d4510
517,77,#243c0a
518,77,#213909
519,77,#38501c
520,77,#3b5515
521,77,#213808
522,77,#1f3a0a
523,77,#243f03
524,77,#384a2a
535,77,#030d18
536,77,#3d531c
537,77,#2c4710
538,77,#192f04
539,77,#29440f
540,77,#1e390d
541,77,#3e6114
542,77,#162427
92,78,#284217
93,78,#192e0b
94,78,#1b2d06
95,78,#1c2c09
96,78,#252b0a
97,78,#5c5539
98,78,#463d1c
99,78,#8b7955
100,78,#7b6847
101,78,#8d7a59
102,78,#675232
103,78,#897252
104,78,#897955
105,78,#675e3a
106,78,#b19973
107,78,#977e54
108,78,#6b6232
109,78,#85764b
110,78,#868251
111,78,#64542f
112,78,#6d6b40
113,78,#636138
114,78,#494b24
115,78,#44431f
116,78,#7d724a
117,78,#585236
118,78,#786b47
119,78,#b8a272
120,78,#bea779
121,78,#a38f5c
122,78,#908358
123,78,#81764e
124,78,#8a7c4f
125,78,#807643
126,78,#777043
127,78,#6c6e38
128,78,#656531
129,78,#5e6033
130,78,#777648
131,78,#676639
132,78,#6e7143
133,78,#535d2d
134,78,#52652d
135,78,#53612e
136,78,#4b5928
137,78,#4b5b2a
138,78,#3d4f1b
139,78,#3a5218
140,78,#375114
141,78,#334c13
142,78,#385015
143,78,#364e14
144,78,#3a4e19
145,78,#3c5118
146,78,#384d15
147,78,#3f561d
148,78,#41591f
149,78,#42571e
150,78,#3d551b
151,78,#3c5116
152,78,#3e4f18
153,78,#323f2e
156,78,#3d4d21
157,78,#3a4e11
158,78,#405218
159,78,#3e4f18
160,78,#42571c
161,78,#3d4a13
162,78,#42561e
163,78,#465721
164,78,#52602f
165,78,#475824
166,78,#485824
167,78,#202922
168,78,#41552d
169,78,#3f5513
170,78,#455b1b
171,78,#465d24
172,78,#314b0e
173,78,#324b14
174,78,#314a0e
175,78,#3b5515
176,78,#374e15
177,78,#314d0e
178,78,#26420a
179,78,#2e4612
180,78,#2d4703
181,78,#32460d
284,78,#080d14
285,78,#36431a
286,78,#374410
287,78,#4a541d
288,78,#30390b
289,78,#3a3f14
290,78,#454b21
291,78,#4a4e1c
292,78,#57562a
293,78,#4e5421
294,78,#464d1b
295,78,#5f6b30
296,78,#3e4d0f
297,78,#394710
298,78,#303b0e
299,78,#61653d
300,78,#253708
301,78,#2d3c0c
302,78,#253c08
303,78,#2b3e0c
304,78,#555726
315,78,#16182c
318,78,#525f23
319,78,#4a5322
320,78,#54581e
321,78,#38440d
322,78,#5b5f2d
328,78,#0d0f22
329,78,#454d38
330,78,#384a11
331,78,#394417
332,78,#354516
333,78,#2b3b0b
334,78,#384912
335,78,#41561d
336,78,#3d4e17
337,78,#364712
338,78,#465a1c
339,78,#30450c
340,78,#2a4008
341,78,#32450e
342,78,#33470f
343,78,#384913
344,78,#3e4d16
345,78,#425217
346,78,#3a472c
368,78,#34472e
369,78,#213b07
370,78,#37471d
371,78,#2c3613
372,78,#59623d
373,78,#334015
374,78,#2f3c12
375,78,#374c19
376,78,#30430e
377,78,#4b5925
378,78,#6c743a
379,78,#2a2b30
386,78,#3e3b3c
387,78,#ccceb1
388,78,#efd8a8
389,78,#f3e1af
390,78,#ddc795
391,78,#f8e5b7
392,78,#fbf2c0
393,78,#fbf0c0
394,78,#fce9bb
395,78,#fcf3c5
396,78,#fadeb9
397,78,#ecdbae
398,78,#96885c
399,78,#948556
400,78,#ebd099
401,78,#e7cca2
402,78,#fbdaa8
403,78,#eec793
404,78,#e8bf87
405,78,#eec98f
406,78,#edc48d
407,78,#e3bd8c
408,78,#d8b484
409,78,#ceac7e
410,78,#c5a57c
411,78,#b0926c
412,78,#c9b082
413,78,#887543
414,78,#9c8957
415,78,#a78e5b
416,78,#837840
417,78,#7f7946
418,78,#8d8650
419,78,#776d38
420,78,#6c6626
421,78,#757433
422,78,#747537
423,78,#6e7033
424,78,#696933
425,78,#757943
426,78,#4b5c23
427,78,#69683c
428,78,#828670
429,78,#50532d
430,78,#41481d
431,78,#354712
432,78,#474f1c
433,78,#67703c
434,78,#4f5e25
435,78,#3e5419
436,78,#263208
437,78,#434720
438,78,#52532a
439,78,#6a6737
440,78,#434b1c
441,78,#716d3d
442,78,#5a5627
443,78,#72653c
444,78,#746b43
445,78,#776c4c
446,78,#98886e
447,78,#897c5e
448,78,#a08e6b
449,78,#c7ae88
450,78,#a69271
451,78,#b49c80
452,78,#c7af93
453,78,#ccb8a0
454,78,#c0a589
455,78,#c6ae88
456,78,#dac7a1
457,78,#8a7a58
458,78,#c8b799
459,78,#a38f74
460,78,#a69577
461,78,#9a8568
462,78,#b19377
463,78,#bca48a
464,78,#8c7556
465,78,#a58e70
466,78,#b89e84
467,78,#a59578
468,78,#a39279
469,78,#9f8d74
470,78,#b19b80
471,78,#c1a385
472,78,#d2af86
473,78,#c8ad89
474,78,#937960
475,78,#b09c7a
476,78,#b69d7e
477,78,#bf9f79
478,78,#b9956c
479,78,#e2b98a
480,78,#e1ba8f
481,78,#d7b489
482,78,#d6b488
483,78,#d2b085
484,78,#e1bd8d
485,78,#eac28f
486,78,#fbd1a0
487,78,#e7bc89
488,78,#f2c496
489,78,#e9be92
490,78,#e0ba8f
491,78,#d0b588
492,78,#b29d6f
493,78,#a19467
494,78,#91825a
495,78,#655a32
496,78,#5e6637
497,78,#847752
498,78,#867c4d
499,78,#99915f
500,78,#7a7545
501,78,#a4a06e
502,78,#b2a579
503,78,#817a50
504,78,#6a6d40
505,78,#4c5924
506,78,#3f5019
507,78,#3a4c11
508,78,#4b5924
509,78,#3e5016
510,78,#324a0d
511,78,#2e450f
512,78,#223a08
513,78,#2b440c
514,78,#274009
515,78,#3d561c
516,78,#3b551a
517,78,#29480a
518,78,#29410b
520,78,#0e1b21
521,78,#354c1e
522,78,#202d1b
533,78,#0e1927
534,78,#2a4807
535,78,#182d03
536,78,#334818
537,78,#1d3406
538,78,#475e25
539,78,#2b4413
92,79,#192425
93,79,#1b2b06
94,79,#2e3c19
95,79,#51572a
96,79,#2a2b0e
97,79,#625833
98,79,#524c2c
99,79,#514b28
100,79,#7e6d4b
101,79,#907456
102,79,#816e4d
103,79,#836c4c
104,79,#88714f
105,79,#8a7451
106,79,#796948
107,79,#8f8060
108,79,#8e7b50
109,79,#6c663b
110,79,#706a3c
111,79,#988b64
112,79,#68653c
113,79,#66673f
114,79,#6d6946
115,79,#494220
116,79,#ad986c
117,79,#ab956c
118,79,#96855d
119,79,#aa9466
120,79,#806e41
121,79,#877847
122,79,#9a8957
123,79,#776f41
124,79,#5d592e
125,79,#766f43
126,79,#857f51
127,79,#777248
128,79,#6a6939
129,79,#867f55
130,79,#6e6c45
131,79,#6e6b42
132,79,#676a3d
133,79,#6b6842
134,79,#606137
135,79,#596331
136,79,#4a5626
137,79,#42531f
138,79,#3f521b
139,79,#3a4f14
140,79,#3f521b
141,79,#3c5119
142,79,#364d16
143,79,#364d15
144,79,#3b5017
145,79,#3a4f17
146,79,#3a4f16
147,79,#3a5317
148,79,#3d5519
149,79,#3c5015
150,79,#3a5216
151,79,#43581d
152,79,#405216
153,79,#384723
156,79,#384f19
157,79,#364b10
158,79,#394c14
159,79,#3d5116
160,79,#415319
161,79,#5f6834
162,79,#4f5e32
163,79,#1b2024
167,79,#31480d
168,79,#2d4817
169,79,#2c470f
170,79,#2c480b
171,79,#2e480c
172,79,#2d470a
173,79,#334d10
174,79,#334c12
175,79,#344d12
176,79,#2a410d
177,79,#264209
178,79,#223e04
179,79,#23390c
180,79,#324a09
181,79,#394b1a
285,79,#374125
286,79,#343d11
287,79,#515427
288,79,#3e471c
289,79,#464219
290,79,#584f1f
291,79,#927c50
292,79,#a09262
293,79,#797330
294,79,#34360b
295,79,#4b501d
296,79,#7c6f43
297,79,#ada26e
298,79,#3b3e07
299,79,#41420a
300,79,#424414
301,79,#404416
302,79,#2e3b11
303,79,#203409
304,79,#233107
305,79,#1c192d
314,79,#333922
315,79,#2b360f
319,79,#5f6a40
320,79,#5a6225
321,79,#49541c
322,79,#555e1c
323,79,#6f7036
331,79,#26311d
332,79,#364015
333,79,#445022
334,79,#5f6d3c
335,79,#4b5a23
336,79,#4d5927
337,79,#3a4619
338,79,#4e5c27
339,79,#344417
340,79,#646d32
341,79,#667036
342,79,#4e6121
343,79,#495e1c
344,79,#485d1a
345,79,#384c11
346,79,#0b111a
369,79,#344a22
370,79,#364d15
371,79,#304814
372,79,#233b0b
373,79,#2a3a09
374,79,#283a0b
375,79,#223209
376,79,#28330b
377,79,#464f20
378,79,#47591e
379,79,#37440b
380,79,#060a12
387,79,#ab9778
388,79,#e5cd93
389,79,#e6dab4
390,79,#fde9bd
391,79,#fdf5c5
392,79,#fff6c5
393,79,#fcf7cc
394,79,#fdf8d5
395,79,#3f4335
396,79,#e4cea8
397,79,#b4a876
398,79,#91875c
399,79,#9c8759
400,79,#e6c994
401,79,#fcd29d
402,79,#f0cc96
403,79,#eac08d
404,79,#e7c28d
405,79,#eac899
406,79,#d4b386
407,79,#dcb98d
408,79,#d3b184
409,79,#d0af84
410,79,#b3966e
411,79,#ac8f67
412,79,#ad9267
413,79,#a6905f
414,79,#a88656
415,79,#9e834b
416,79,#908846
417,79,#5c562c
418,79,#9b8e67
419,79,#655b38
420,79,#615d31
421,79,#666236
422,79,#5c592e
423,79,#545527
424,79,#67643b
425,79,#6b673a
426,79,#71643c
427,79,#554f49
429,79,#323334
430,79,#3d4019
431,79,#8c856c
432,79,#777358
433,79,#bebeaf
434,79,#959284
435,79,#988e7e
436,79,#5e5238
437,79,#9c9165
438,79,#726d46
439,79,#494b24
440,79,#64593c
441,79,#544c26
442,79,#988e63
443,79,#897c4e
444,79,#99976b
445,79,#ab9d75
446,79,#b39e7d
447,79,#bba88c
448,79,#b29e85
449,79,#b29f88
450,79,#c5b198
451,79,#af9880
452,79,#c4aa93
453,79,#a69782
454,79,#bfa78d
455,79,#dec3a3
456,79,#c4a788
457,79,#c2ae92
458,79,#d2b796
459,79,#c3a88a
460,79,#ceb18d
461,79,#cbb190
462,79,#c2aa86
463,79,#b29577
464,79,#bc9d7c
465,79,#d1bd98
466,79,#c5ae90
467,79,#d0b492
468,79,#dac09c
469,79,#ccb395
470,79,#a78a6b
471,79,#d5af8b
472,79,#d9b68a
473,79,#ba9c76
474,79,#a5876b
475,79,#d8ba94
476,79,#c09a76
477,79,#efc794
478,79,#e4bc89
479,79,#eac591
480,79,#f8cb95
481,79,#edc392
482,79,#e3bf8c
483,79,#ccad7e
484,79,#e5bd8f
485,79,#e9c092
486,79,#d2ac7d
487,79,#d6b587
488,79,#cca87e
489,79,#bd9d75
490,79,#b19970
491,79,#94845b
492,79,#91815a
493,79,#92885f
494,79,#86825a
495,79,#42561e
496,79,#525c2a
497,79,#757343
498,79,#6c6b3b
499,79,#7b794c
500,79,#716a3e
501,79,#63632b
502,79,#555e28
503,79,#515b29
504,79,#4b5421
505,79,#465922
506,79,#465720
507,79,#344e14
508,79,#374c11
509,79,#374c13
510,79,#30470f
511,79,#29400a
512,79,#2b4310
513,79,#263e0c
514,79,#263f08
515,79,#3b521b
516,79,#2a4206
517,79,#202b23
532,79,#0a1326
533,79,#28450f
537,79,#2a4027
538,79,#213812
93,80,#152a07
94,80,#25300f
95,80,#403d18
96,80,#382e0d
97,80,#736946
98,80,#6e5f40
99,80,#3a2f0c
100,80,#8a7957
101,80,#856c4e
102,80,#84754e
103,80,#8d7752
104,80,#816c47
105,80,#7e6a47
106,80,#605a34
107,80,#58522a
108,80,#86724f
109,80,#85734f
110,80,#715e37
111,80,#ad966c
112,80,#7b6d3d
113,80,#676c3f
114,80,#7e7053
115,80,#99865c
116,80,#b09b69
117,80,#a89263
118,80,#9e8955
119,80,#bda776
120,80,#988450
121,80,#998751
122,80,#867a4c
123,80,#958a53
124,80,#797045
125,80,#867e4d
126,80,#7f7d49
127,80,#646337
128,80,#767147
129,80,#7d744b
130,80,#78704b
131,80,#81754f
132,80,#6a673c
133,80,#6c6b3f
134,80,#595b2f
135,80,#595f31
136,80,#4c5727
137,80,#3f4d1c
138,80,#3f521e
139,80,#42531d
140,80,#3d4e1a
141,80,#405220
142,80,#3e501e
143,80,#47561f
144,80,#3d521a
145,80,#40541f
146,80,#3c5119
147,80,#385318
148,80,#385016
149,80,#3c4f17
150,80,#375016
151,80,#354d13
152,80,#485722
153,80,#4d551f
154,80,#091013
155,80,#374926
156,80,#425818
157,80,#40551d
158,80,#3c5118
159,80,#41541c
160,80,#43511b
161,80,#0d350b
164,80,#344524
165,80,#35501c
166,80,#304d0c
167,80,#253d0a
168,80,#28400c
169,80,#2e4710
170,80,#233e07
171,80,#334c12
172,80,#2b470a
173,80,#334d0e
174,80,#2f480e
175,80,#31460e
176,80,#334712
177,80,#244108
178,80,#344613
179,80,#324517
180,80,#243e00
181,80,#334618
182,80,#223623
285,80,#3d4725
286,80,#383f13
287,80,#626232
288,80,#565324
289,80,#645f32
290,80,#95875a
291,80,#827544
292,80,#7f7d42
293,80,#81773e
294,80,#97875a
295,80,#726a41
296,80,#89784b
297,80,#cab27e
298,80,#917f3f
299,80,#84793b
300,80,#726e30
301,80,#6a642d
302,80,#514e21
303,80,#2f3810
304,80,#51573f
314,80,#131722
315,80,#303c1c
320,80,#424436
321,80,#5b5b22
322,80,#4e5136
323,80,#3c4919
324,80,#635e28
325,80,#817554
326,80,#575f3c
332,80,#3d4b24
333,80,#383f13
334,80,#364111
335,80,#465222
336,80,#636b38
337,80,#212e07
338,80,#525c2c
339,80,#455128
340,80,#24320a
341,80,#283a0a
342,80,#4b5b19
343,80,#516221
344,80,#70703a
345,80,#848159
346,80,#2e4015
353,80,#090f20
354,80,#344716
355,80,#293b07
356,80,#45531d
357,80,#26350a
358,80,#424f29
369,80,#2b402e
370,80,#1d3006
371,80,#35431b
372,80,#354712
373,80,#3b4e16
374,80,#485a1e
375,80,#425517
376,80,#3f5315
377,80,#212b02
378,80,#333707
379,80,#3c4918
380,80,#5b6c30
381,80,#0c131a
387,80,#b7ac93
388,80,#436a6d
389,80,#4b6d69
390,80,#d3b688
391,80,#f5d7b3
392,80,#faebb8
393,80,#f8f3c2
394,80,#fefdd7
395,80,#233124
396,80,#b2a387
397,80,#eed6a9
398,80,#e3c390
399,80,#a38c5d
400,80,#858654
401,80,#908559
402,80,#efc38b
403,80,#eabc80
404,80,#ebc187
405,80,#f4d09b
406,80,#e1bb8e
407,80,#e2c195
408,80,#d0af84
409,80,#ccab82
410,80,#c1a073
411,80,#b39771
412,80,#a59162
413,80,#bb9466
414,80,#bd925c
415,80,#95793e
416,80,#464615
417,80,#564b24
418,80,#645f37
419,80,#2f360b
420,80,#434e1f
421,80,#4c4e29
422,80,#454c1d
423,80,#5d5530
424,80,#6a5e2e
425,80,#6c663c
426,80,#544d1e
427,80,#4d5024
428,80,#6d6641
429,80,#7d7051
430,80,#998a68
431,80,#9e8f75
432,80,#7a6a4a
433,80,#64543f
434,80,#887453
435,80,#9a9561
436,80,#72643a
437,80,#a69765
438,80,#a08c5f
439,80,#e3c295
440,80,#a59461
441,80,#d3c18d
442,80,#afaa7d
443,80,#b6a577
444,80,#c4c097
445,80,#f5e9c4
446,80,#cfb997
447,80,#dabf9d
448,80,#edd5b1
449,80,#d8bfa0
450,80,#d2b798
451,80,#b09c83
452,80,#b4a288
453,80,#ad9b85
454,80,#b79d87
455,80,#cfb699
456,80,#e1c6a8
457,80,#cdbba0
458,80,#dcc4a0
459,80,#d1b89a
460,80,#ccb897
461,80,#d6bc9b
462,80,#e8c7a1
463,80,#bc9f7f
464,80,#bd9e7f
465,80,#debd9e
466,80,#c5a687
467,80,#d4bb92
468,80,#dfc094
469,80,#d1b188
470,80,#ddc198
471,80,#b89973
472,80,#d4b48e
473,80,#ddbd98
474,80,#bb9c77
475,80,#af906c
476,80,#f4cb9b
477,80,#fcd19b
478,80,#f0cc9b
479,80,#edc597
480,80,#caab7c
481,80,#b1986b
482,80,#bda677
483,80,#a48d5f
484,80,#bb9c74
485,80,#b99a6e
486,80,#a68b65
487,80,#a99063
488,80,#99855f
489,80,#8e825c
490,80,#787247
491,80,#786f46
492,80,#696b3f
493,80,#6c6f44
494,80,#40451a
495,80,#41521b
496,80,#40511b
497,80,#475021
498,80,#5d652d
499,80,#535a28
500,80,#565d27
501,80,#546327
502,80,#55622c
503,80,#465921
504,80,#415319
505,80,#596c35
506,80,#3c4f17
507,80,#2f480e
508,80,#2d460d
509,80,#314b0e
510,80,#364d14
511,80,#2e4511
512,80,#273f0c
513,80,#203607
514,80,#344814
515,80,#1b2f07
533,80,#2c450c
534,80,#192235
93,81,#1d310e
94,81,#2e3912
95,81,#232405
96,81,#1a280a
97,81,#4e4821
98,81,#5d5232
99,81,#5a492d
100,81,#8c7252
101,81,#8b7759
102,81,#9c8b60
103,81,#a38c62
104,81,#80693f
105,81,#7b6943
106,81,#776642
107,81,#897752
108,81,#8a7651
109,81,#897751
110,81,#eddfc8
111,81,#fdf7e1
112,81,#253a17
113,81,#434714
114,81,#646038
115,81,#7a7547
116,81,#9c9063
117,81,#a5946c
118,81,#a9966b
119,81,#bba575
120,81,#998957
121,81,#33320b
122,81,#373c18
123,81,#80744c
124,81,#685e3a
125,81,#746e4a
126,81,#786f4e
127,81,#7a7651
128,81,#77734e
129,81,#837d59
130,81,#5c6035
131,81,#58582c
132,81,#636c3b
133,81,#555d2c
134,81,#5f6535
135,81,#4e5a28
136,81,#455320
137,81,#3e4c1b
138,81,#4e5a28
139,81,#4d5a25
140,81,#3d4e18
141,81,#3c4e1a
142,81,#40511d
143,81,#41561d
144,81,#3f541b
145,81,#3f531e
146,81,#3d521a
147,81,#3a5218
148,81,#374f15
149,81,#374c13
150,81,#364e14
151,81,#324b11
152,81,#324e14
153,81,#42591d
154,81,#3a5012
155,81,#3a5219
156,81,#384f18
157,81,#3e5417
158,81,#415319
159,81,#515e26
160,81,#48521f
161,81,#42531d
162,81,#3a5110
163,81,#435320
164,81,#394e0d
165,81,#375011
166,81,#364e12
167,81,#324911
168,81,#334a12
169,81,#2c430b
170,81,#263f09
171,81,#344b15
172,81,#395118
173,81,#2d450b
174,81,#263d07
175,81,#334c15
176,81,#2c3c0a
177,81,#32411a
178,81,#070d1b
179,81,#091615
285,81,#2b3029
286,81,#4b5120
287,81,#635f33
288,81,#4e4b1b
289,81,#626029
290,81,#766b34
291,81,#a49762
292,81,#6e672c
293,81,#7d7944
294,81,#403e10
295,81,#796c3b
296,81,#8f7b4e
297,81,#867446
298,81,#b19c6b
299,81,#ae9362
300,81,#8e824b
301,81,#464517
302,81,#333230
315,81,#656459
323,81,#5d662b
324,81,#6e7040
325,81,#57531a
326,81,#908055
327,81,#766c54
332,81,#6e783d
333,81,#4b5521
334,81,#434c2c
335,81,#545e2d
336,81,#3e471c
337,81,#62692e
338,81,#445118
339,81,#454613
340,81,#596335
341,81,#565d2e
342,81,#606920
343,81,#3a4106
344,81,#716e3e
345,81,#696b2d
346,81,#838251
347,81,#626e3a
348,81,#394321
349,81,#242b18
350,81,#333d31
351,81,#070d1a
352,81,#38491c
353,81,#283a08
354,81,#4d5628
355,81,#313a0e
356,81,#343b10
357,81,#474e19
358,81,#4c571d
359,81,#4b5b1c
360,81,#536228
361,81,#40511b
362,81,#0a1123
368,81,#314312
369,81,#1c2506
370,81,#4d5c27
371,81,#435418
372,81,#46511a
373,81,#42531a
374,81,#2e4309
375,81,#536622
376,81,#807a4a
377,81,#6a713f
378,81,#516723
379,81,#343916
380,81,#495a2a
381,81,#444f14
388,81,#4d7981
389,81,#3c6667
390,81,#4f7e82
391,81,#ecddba
392,81,#f8ebbf
393,81,#dfd3ac
394,81,#f3dfb6
395,81,#f2d8b4
396,81,#f7dbb3
397,81,#fadcaa
398,81,#f2c993
399,81,#f8c790
400,81,#f3c692
401,81,#eace97
402,81,#c6ae6e
403,81,#eac685
404,81,#edbf85
405,81,#e8c08b
406,81,#cea97b
407,81,#ddbf98
408,81,#d5b58e
409,81,#c5a479
410,81,#c9a377
411,81,#c49e76
412,81,#b58467
413,81,#4d5124
414,81,#b5955a
415,81,#726a2f
416,81,#58501a
417,81,#7d6c4c
418,81,#756941
419,81,#8b7e4b
420,81,#92834d
421,81,#706f35
422,81,#324c10
423,81,#797543
424,81,#a8986c
425,81,#827444
426,81,#766b42
427,81,#595828
428,81,#7e7349
429,81,#887a56
430,81,#615330
431,81,#9b8f6a
432,81,#c2b184
433,81,#797744
434,81,#9a895a
435,81,#d2b791
436,81,#ecd8a6
437,81,#a09b62
438,81,#b2ab78
439,81,#928050
440,81,#b8a878
441,81,#d3bf8b
442,81,#d6be88
443,81,#b1a36d
444,81,#c8b688
445,81,#d3c29c
446,81,#9f8c6c
447,81,#e7cfb0
448,81,#ead2b6
449,81,#bea68e
450,81,#bba991
451,81,#bda58b
452,81,#e7caac
453,81,#c6af94
454,81,#e6d1b5
455,81,#d2b999
456,81,#e2caa9
457,81,#cfb496
458,81,#c2ab8b
459,81,#ac977b
460,81,#a18d76
461,81,#b29d7e
462,81,#ead1ad
463,81,#eecda7
464,81,#ecc09c
465,81,#c6a584
466,81,#e1c3a1
467,81,#bca482
468,81,#edcda4
469,81,#d5af82
470,81,#c39a6c
471,81,#c69c6d
472,81,#d9b08b
473,81,#cda77e
474,81,#d8b083
475,81,#e4b88d
476,81,#e4b380
477,81,#ceac82
478,81,#8b8055
479,81,#857d4f
480,81,#808049
481,81,#a9a272
482,81,#b69f76
483,81,#a58d69
484,81,#957e5e
485,81,#8d7858
486,81,#706241
487,81,#706242
488,81,#867a54
489,81,#92865e
490,81,#78704b
491,81,#68603a
492,81,#75724f
493,81,#46501e
494,81,#42521d
495,81,#44581d
496,81,#394c14
497,81,#424c18
498,81,#49561b
499,81,#475719
500,81,#49581d
501,81,#455214
502,81,#3b4b14
503,81,#304712
504,81,#30450d
505,81,#3b5017
506,81,#2f460e
507,81,#28410a
508,81,#243d06
509,81,#2d460c
510,81,#39501c
511,81,#253b0c
512,81,#22390b
513,81,#2b4209
514,81,#223508
515,81,#223702
534,81,#1c2835
535,81,#233317
92,82,#212e26
93,82,#1f3006
94,82,#323717
95,82,#635c37
96,82,#716737
97,82,#343510
98,82,#413d1f
99,82,#836a49
100,82,#e5dab1
101,82,#a68c6d
102,82,#9d8a5f
103,82,#87704a
104,82,#cdb48b
105,82,#78623a
106,82,#8b764d
107,82,#72643c
108,82,#9b8963
109,82,#836c44
110,82,#fbf9d1
111,82,#fbf0d3
112,82,#8e7c55
113,82,#78784b
114,82,#4a4f28
115,82,#5d5535
116,82,#827652
117,82,#9a845f
118,82,#6c643f
119,82,#7f7044
120,82,#6d6b3d
121,82,#565e2f
122,82,#46451f
123,82,#3a3e1e
124,82,#404017
125,82,#6a6c3d
126,82,#736f49
127,82,#646336
128,82,#727047
129,82,#707144
130,82,#5f5e30
131,82,#707142
132,82,#656a38
133,82,#555d2c
134,82,#404c1c
135,82,#505926
136,82,#4f5c2b
137,82,#515e2c
138,82,#42501d
139,82,#465824
140,82,#40511c
141,82,#41561e
142,82,#41551c
143,82,#3e531b
144,82,#43581f
145,82,#375010
146,82,#3e5318
147,82,#3a4f13
148,82,#3b5015
149,82,#3c5118
150,82,#42571e
151,82,#354d13
152,82,#364e11
153,82,#334b0e
154,82,#3a5219
155,82,#3b5516
156,82,#3b5315
157,82,#395113
158,82,#3c5416
159,82,#3d5214
160,82,#395213
161,82,#3a4e13
162,82,#3c561a
163,82,#334c0d
164,82,#2f4808
165,82,#324a0c
166,82,#3d5016
167,82,#324b10
168,82,#2c430b
169,82,#324613
170,82,#243c09
171,82,#2f410c
172,82,#465b1b
173,82,#344b13
174,82,#30480b
175,82,#2f420d
176,82,#2e3918
285,82,#4f523e
286,82,#414513
287,82,#434114
288,82,#676836
289,82,#2b2d04
290,82,#535c24
291,82,#5a5829
292,82,#595726
293,82,#7d7344
294,82,#907a4d
295,82,#6f5e2a
296,82,#655b2d
297,82,#7c6e41
298,82,#726635
299,82,#675b3c
300,82,#797458
314,82,#737734
315,82,#666320
325,82,#424c09
326,82,#414b21
327,82,#85794c
328,82,#131113
329,82,#938467
330,82,#493d37
332,82,#58632f
333,82,#575b2c
334,82,#6b7345
335,82,#646a34
336,82,#6f6f48
337,82,#3c472d
338,82,#80824f
339,82,#424626
342,82,#35333a
344,82,#41442e
345,82,#444835
346,82,#3c4137
347,82,#202523
348,82,#4c503a
349,82,#485328
350,82,#4d5321
351,82,#454a1e
352,82,#6c6d45
353,82,#34350a
354,82,#636236
355,82,#7f7941
356,82,#8c7e4a
357,82,#51501d
358,82,#636129
359,82,#6c6b33
360,82,#4a4f1b
361,82,#3f4a16
362,82,#525726
363,82,#514d24
364,82,#646131
365,82,#555224
366,82,#706638
367,82,#635b2e
368,82,#746b3f
369,82,#615a2c
370,82,#5a5822
371,82,#5b5f2c
372,82,#7d7c42
373,82,#4b4913
374,82,#576427
375,82,#192213
376,82,#434d13
377,82,#455722
378,82,#656c2d
379,82,#7a7440
380,82,#85723f
381,82,#877842
382,82,#d1bc8e
383,82,#a1a08a
387,82,#0d071b
388,82,#ddbda6
389,82,#d7ba8c
390,82,#f6e3b8
391,82,#f2daab
392,82,#f6daac
393,82,#e3c8a0
394,82,#ddba8e
395,82,#fce0b0
396,82,#fad198
397,82,#f4c894
398,82,#ecc08e
399,82,#e4ba8b
400,82,#e6ba87
401,82,#e3b884
402,82,#e2b480
403,82,#ddb37d
404,82,#e0b683
405,82,#a58f5a
406,82,#e9d4a1
407,82,#d3b57f
408,82,#c8ac75
409,82,#bda071
410,82,#eac799
411,82,#897345
412,82,#a69560
413,82,#84783d
414,82,#9d915c
415,82,#78703c
416,82,#9b8259
417,82,#666834
418,82,#5a6428
419,82,#81844c
420,82,#948550
421,82,#7a7b38
422,82,#3b500e
423,82,#4c5124
424,82,#5c5530
425,82,#9f8761
426,82,#81734a
427,82,#645a3a
428,82,#7c6c47
429,82,#947f59
430,82,#c2a887
431,82,#c9a182
432,82,#d1af89
433,82,#a19863
434,82,#5e5728
435,82,#d7c799
436,82,#e2cb9e
437,82,#e3cb9a
438,82,#e6caa2
439,82,#edcfa0
440,82,#f3d3a4
441,82,#f3d3a4
442,82,#eace9b
443,82,#eccd98
444,82,#ebcc95
445,82,#e6c795
446,82,#efd1a4
447,82,#f8dfb5
448,82,#fddcb1
449,82,#faeec2
450,82,#ccb385
451,82,#edd9b2
452,82,#d0bb9e
453,82,#d5bc9a
454,82,#c4aa86
455,82,#d8bf99
456,82,#d4bd9b
457,82,#e8d4a7
458,82,#d1bf8f
459,82,#a59165
460,82,#c9b488
461,82,#ad9a6f
462,82,#e1c295
463,82,#f4d8af
464,82,#b39e7d
465,82,#b69e7a
466,82,#c2a989
467,82,#d1ad84
468,82,#d9b38a
469,82,#d2ab80
470,82,#d3ac7c
471,82,#dfaf7a
472,82,#f5ce9a
473,82,#f0c592
474,82,#f9cd9e
475,82,#ecc392
476,82,#d2af87
477,82,#e9be91
478,82,#b2945e
479,82,#efbd8a
480,82,#dfb87c
481,82,#dcbc87
482,82,#847842
483,82,#7a7842
484,82,#5f6430
485,82,#9c9265
486,82,#998863
487,82,#93845e
488,82,#8e8059
489,82,#5b5126
490,82,#777144
491,82,#726c43
492,82,#696b40
493,82,#33490f
494,82,#475a1f
495,82,#384e0f
496,82,#374811
497,82,#3c5112
498,82,#455826
499,82,#425419
500,82,#506825
501,82,#19371a
502,82,#1c5336
503,82,#3f5426
504,82,#3d5216
505,82,#384e10
506,82,#395111
507,82,#2d460a
508,82,#2a4411
509,82,#233d05
510,82,#2a410d
511,82,#2c4114
512,82,#2d4512
513,82,#2a4209
514,82,#3c4f26
533,82,#213811
534,82,#28410b
535,82,#29420a
536,82,#0a1320
93,83,#19241c
94,83,#3c411e
95,83,#2b2c07
96,83,#7c703c
97,83,#2b310c
98,83,#293410
99,83,#6c623b
100,83,#97896a
101,83,#7b623e
102,83,#f2ddb2
103,83,#cfbe99
104,83,#938058
105,83,#bdac84
106,83,#7b6c43
107,83,#82734c
108,83,#a2906c
109,83,#c1ae86
110,83,#cfbf9c
111,83,#947e53
112,83,#80643c
113,83,#7b7246
114,83,#474824
115,83,#5b4f29
116,83,#aa9970
117,83,#b59c6d
118,83,#817249
119,83,#7c7654
120,83,#384116
121,83,#3a3913
122,83,#3f401b
123,83,#3a3d1d
124,83,#464822
125,83,#838053
126,83,#7d764c
127,83,#737040
128,83,#7f7a52
129,83,#7c754b
130,83,#7b784d
131,83,#6e6e3c
132,83,#65662e
133,83,#686b34
134,83,#646932
135,83,#656a34
136,83,#59602d
137,83,#575e2e
138,83,#505a28
139,83,#465421
140,83,#40541f
141,83,#3a5119
142,83,#43581d
143,83,#40551d
144,83,#43581f
145,83,#3d5517
146,83,#3e5318
147,83,#3b5113
148,83,#374c11
149,83,#394e15
150,83,#43581f
151,83,#334b11
152,83,#334b0f
153,83,#334b0f
154,83,#334b11
155,83,#384e0e
156,83,#495d1e
157,83,#385213
158,83,#3b5315
159,83,#405417
160,83,#384e15
161,83,#42551a
162,83,#3c5518
163,83,#304a0d
164,83,#314b0e
165,83,#2c480f
166,83,#365012
167,83,#233c07
168,83,#29400a
169,83,#2f4212
170,83,#495a26
171,83,#455620
172,83,#31440c
173,83,#3f5315
174,83,#4d5824
175,83,#2d4111
176,83,#253319
285,83,#4b5122
286,83,#383a13
287,83,#6c6437
288,83,#6f6430
289,83,#6d642e
290,83,#6f673a
291,83,#898353
292,83,#8f7d4e
293,83,#a18a57
294,83,#8e743a
295,83,#917e45
296,83,#736634
297,83,#796a3e
298,83,#685c3c
299,83,#544f34
304,83,#231e23
305,83,#0a051a
314,83,#5e5227
315,83,#4d4b13
326,83,#3c492a
327,83,#18182a
330,83,#675b68
333,83,#4d5a26
334,83,#445217
335,83,#2c360b
336,83,#5b582c
337,83,#4c5927
343,83,#626453
344,83,#61673b
345,83,#495626
346,83,#626a2e
347,83,#3f4411
348,83,#626437
349,83,#373e18
350,83,#7a7747
351,83,#7b7545
352,83,#62561e
353,83,#948752
354,83,#8d814e
355,83,#837545
356,83,#8c794e
357,83,#807643
358,83,#857947
359,83,#827b4d
360,83,#827b45
361,83,#837842
362,83,#766f3b
363,83,#726c3a
364,83,#615b29
365,83,#605624
366,83,#716b36
367,83,#63652a
368,83,#7b7740
369,83,#696430
370,83,#6a6631
371,83,#595c25
372,83,#6c642b
373,83,#8d834e
374,83,#958d59
375,83,#5e5b28
376,83,#5c6729
377,83,#2d390d
378,83,#848149
379,83,#7d7c43
380,83,#7c7644
381,83,#746a35
382,83,#091222
388,83,#135e4a
389,83,#e0c29e
390,83,#a78d6b
391,83,#f3d6a8
392,83,#e6c698
393,83,#efdcb0
394,83,#dabb8f
395,83,#e4c292
396,83,#ecc38e
397,83,#edc38c
398,83,#f2c591
399,83,#ecbe8c
400,83,#d7ae7e
401,83,#e4b986
402,83,#ebc188
403,83,#efc589
404,83,#e2bb82
405,83,#e5c99a
406,83,#cab988
407,83,#868e4f
408,83,#b7a06c
409,83,#cbae7b
410,83,#a28d58
411,83,#756f37
412,83,#a68d5c
413,83,#a99860
414,83,#aa9860
415,83,#a79360
416,83,#918058
417,83,#5e5a2f
418,83,#616040
419,83,#8b8c64
420,83,#747050
421,83,#726a51
422,83,#615631
423,83,#9d885b
424,83,#876d49
425,83,#715e3b
426,83,#af9a70
427,83,#c2a67a
428,83,#bf9c6f
429,83,#ac8a60
430,83,#d2b990
431,83,#797444
432,83,#c6b082
433,83,#f6cfa1
434,83,#f1d4a8
435,83,#e9cea1
436,83,#f4d4a4
437,83,#eed09e
438,83,#eac99e
439,83,#e9c799
440,83,#edc997
441,83,#f0cc9a
442,83,#eccb98
443,83,#eecd9a
444,83,#efce9b
445,83,#edcc96
446,83,#ebcb98
447,83,#fadaa8
448,83,#f9e3b3
449,83,#f0d6b1
450,83,#f9e1b5
451,83,#ebcea4
452,83,#dbbc94
453,83,#e2be91
454,83,#e4c394
455,83,#d4b88c
456,83,#d6ba92
457,83,#e2c69f
458,83,#fde9c1
459,83,#baa179
460,83,#aa926c
461,83,#dec5a2
462,83,#d6bc93
463,83,#a79166
464,83,#c0aa79
465,83,#d3b584
466,83,#d6b58c
467,83,#e5c094
468,83,#c39a6e
469,83,#d1a679
470,83,#c99b6b
471,83,#dfb285
472,83,#e8c69a
473,83,#e3bb8e
474,83,#e8bc93
475,83,#e5ba90
476,83,#e1b586
477,83,#e9bf89
478,83,#d1ab87
479,83,#d2b181
480,83,#b9976b
481,83,#b4946b
482,83,#a48b61
483,83,#a69167
484,83,#a58f66
485,83,#8d7b57
486,83,#8f7d59
487,83,#81734c
488,83,#8f835b
489,83,#7b734c
490,83,#7d744d
491,83,#63643a
492,83,#344613
493,83,#667238
494,83,#576527
495,83,#3b5317
496,83,#42581a
497,83,#46591f
498,83,#415a1c
499,83,#060d14
500,83,#112326
502,83,#4d653e
503,83,#485620
504,83,#3e551b
505,83,#455b1c
506,83,#324515
507,83,#465a23
508,83,#385214
509,83,#3e5216
510,83,#334a13
511,83,#273e08
512,83,#3b4e19
533,83,#243f07
534,83,#324c0e
535,83,#2a4404
536,83,#2d4013
93,84,#0e1527
94,84,#464925
95,84,#2b320f
96,84,#474715
97,84,#72693a
98,84,#263207
99,84,#49472f
100,84,#807151
101,84,#b59e77
102,84,#b29970
103,84,#9c8863
104,84,#988a65
105,84,#9e8863
106,84,#917f5a
107,84,#7b6a45
108,84,#938361
109,84,#776841
110,84,#ab9364
111,84,#bba381
112,84,#aa926b
113,84,#938a5c
114,84,#635e34
115,84,#af966b
116,84,#927e5b
117,84,#5f5431
118,84,#a4916c
119,84,#868058
120,84,#43481f
121,84,#3e411a
122,84,#383718
123,84,#6e6847
124,84,#403c1d
125,84,#68663f
126,84,#6c6a43
127,84,#747342
128,84,#706c43
129,84,#7f7750
130,84,#6e6b40
131,84,#6d6a3f
132,84,#686a3a
133,84,#6d6d3b
134,84,#686834
135,84,#5f6630
136,84,#666a38
137,84,#5c6431
138,84,#56602c
139,84,#475520
140,84,#4b5926
141,84,#42551e
142,84,#455a1f
143,84,#3e531b
144,84,#394e15
145,84,#3d5519
146,84,#3f5517
147,84,#405618
148,84,#364b10
149,84,#394e15
150,84,#3a4f16
151,84,#3b5319
152,84,#395018
153,84,#374f15
154,84,#395115
155,84,#375112
156,84,#2f4508
157,84,#375412
158,84,#37500f
159,84,#3f5113
160,84,#395513
161,84,#31460c
162,84,#294209
163,84,#2d460c
164,84,#2a4309
165,84,#2a4208
166,84,#314a0e
167,84,#344d14
168,84,#2e460c
169,84,#2d420a
170,84,#2a4307
171,84,#364a0f
172,84,#2d3d1b
173,84,#385116
174,84,#203311
175,84,#2d3d1a
284,84,#73705f
285,84,#797845
286,84,#625e2a
287,84,#575522
288,84,#635723
289,84,#716532
290,84,#726c33
291,84,#6f6333
292,84,#616030
293,84,#7d643b
294,84,#a9845c
295,84,#a8865d
296,84,#9e8658
297,84,#9a8261
298,84,#6e6441
299,84,#353029
305,84,#0c0420
314,84,#7e703e
315,84,#6a6240
327,84,#293609
328,84,#2f2731
334,84,#454a2a
335,84,#3c4319
336,84,#50572a
337,84,#676633
338,84,#323933
343,84,#59563c
344,84,#74715c
345,84,#5c5f30
346,84,#595528
347,84,#4d5425
348,84,#65623e
349,84,#7e764c
350,84,#736d3b
351,84,#9b8f64
352,84,#e3ce91
353,84,#d3bc8e
354,84,#847142
355,84,#ab9968
356,84,#8d8052
357,84,#b29c66
358,84,#a08b51
359,84,#7c6f3d
360,84,#7c703e
361,84,#8e7f44
362,84,#9e8b60
363,84,#867a49
364,84,#7d6f42
365,84,#595724
366,84,#656934
367,84,#706a36
368,84,#665e28
369,84,#717035
370,84,#696b2b
371,84,#7a7a42
372,84,#71653a
373,84,#7a6d42
374,84,#a1895d
375,84,#ddc79d
376,84,#6a6132
377,84,#585926
378,84,#8f7c4c
379,84,#bc9b6e
380,84,#736933
381,84,#8e8650
388,84,#2b5e4b
389,84,#eadcb7
390,84,#cab991
391,84,#ceb78c
392,84,#d2c08d
393,84,#f7e1af
394,84,#dcc098
395,84,#d8ba92
396,84,#ddbd94
397,84,#e2c496
398,84,#debd8f
399,84,#e6c295
400,84,#e1bc8f
401,84,#ebc18f
402,84,#edc18c
403,84,#ebbc84
404,84,#e6c28c
405,84,#92824d
406,84,#bead7b
407,84,#c7a46f
408,84,#cdb082
409,84,#b69c67
410,84,#cfae76
411,84,#8d7545
412,84,#746a3e
413,84,#6d6846
414,84,#5d593a
415,84,#696343
416,84,#585333
417,84,#4e5329
418,84,#3a3914
419,84,#6c664c
420,84,#655646
421,84,#aa9e92
422,84,#8e7d68
423,84,#9f8773
424,84,#79684f
425,84,#dcc69f
426,84,#645925
427,84,#887b4d
428,84,#dcc595
429,84,#6e632e
430,84,#e0ce9c
431,84,#f4d6a3
432,84,#efcc8d
433,84,#f6d094
434,84,#ebd0a3
435,84,#f5d7a5
436,84,#f2d0a2
437,84,#e7c798
438,84,#e8c897
439,84,#eac89a
440,84,#eccb98
441,84,#efce9b
442,84,#f1d09d
443,84,#f0d09f
444,84,#f1d2a3
445,84,#e9ce9f
446,84,#ebd2a6
447,84,#c4b78d
448,84,#e0ccad
449,84,#e5d8b8
450,84,#f9eac5
451,84,#e2c39a
452,84,#e6caa7
453,84,#e3c7a3
454,84,#eddbb8
455,84,#dbd0ae
456,84,#927c61
457,84,#af9673
458,84,#b09c72
459,84,#d1bd92
460,84,#c2a97b
461,84,#78633e
462,84,#988057
463,84,#938463
464,84,#594623
465,84,#fbebbe
466,84,#b79e70
467,84,#fee6b9
468,84,#f5d4a7
469,84,#fad1a5
470,84,#e0b98e
471,84,#edc193
472,84,#dbb386
473,84,#e6ba8a
474,84,#e9b788
475,84,#eac193
476,84,#fad2a0
477,84,#9e8c60
478,84,#e3bb90
479,84,#bc9e70
480,84,#bfa375
481,84,#b8996b
482,84,#9e7c5d
483,84,#9e8262
484,84,#977b5b
485,84,#9a8763
486,84,#817451
487,84,#898458
488,84,#615f36
489,84,#8c8d67
490,84,#3d4518
491,84,#394c14
492,84,#455617
493,84,#3f5b16
494,84,#435619
495,84,#435817
496,84,#4d6221
497,84,#445619
498,84,#1f381a
500,84,#0b1123
501,84,#132328
502,84,#374519
503,84,#3f5225
504,84,#0c1422
508,84,#102e0c
509,84,#3b5113
510,84,#354d10
511,84,#324a11
512,84,#0b1219
533,84,#2b460d
534,84,#304a0c
535,84,#2d460d
536,84,#25341e
94,85,#373920
95,85,#3a3813
96,85,#706334
97,85,#8f7e4c
98,85,#505426
99,85,#363515
100,85,#665a3c
101,85,#a18f6b
102,85,#9d8760
103,85,#9a8663
104,85,#4f3d17
105,85,#948361
106,85,#8f7b56
107,85,#9e896a
108,85,#6d5e3a
109,85,#806d4a
110,85,#a48b62
111,85,#c1ab82
112,85,#5e5a2f
113,85,#695d3b
114,85,#bb9f79
115,85,#c19164
116,85,#ddaa80
117,85,#9e7354
118,85,#44401d
119,85,#a08a69
120,85,#79784c
121,85,#252b08
122,85,#444022
123,85,#716b4a
124,85,#514c2c
125,85,#79734e
126,85,#827751
127,85,#7b764d
128,85,#7c7549
129,85,#867d54
130,85,#686436
131,85,#767444
132,85,#787747
133,85,#6f6d3d
134,85,#7b7446
135,85,#6b6d3c
136,85,#5f6331
137,85,#636631
138,85,#58642c
139,85,#4d5e27
140,85,#455522
141,85,#485623
142,85,#42551d
143,85,#3f571d
144,85,#455820
145,85,#3e5318
146,85,#354b0d
147,85,#364a0f
148,85,#3b4d13
149,85,#515e26
150,85,#385014
151,85,#40551d
152,85,#3e561a
153,85,#3c5418
154,85,#385014
155,85,#2b4505
156,85,#324a0c
157,85,#385114
158,85,#314b0c
159,85,#334d0c
160,85,#304d0c
161,85,#223a06
162,85,#304b0e
163,85,#2c4609
164,85,#334b0f
165,85,#2f4c0d
166,85,#29450c
167,85,#29400c
168,85,#273e08
169,85,#273f06
170,85,#2d470b
171,85,#324611
172,85,#08181b
173,85,#3e551d
174,85,#354c22
254,85,#40483a
284,85,#666950
285,85,#797646
286,85,#716e35
287,85,#69602c
288,85,#89784a
289,85,#816840
290,85,#947c4c
291,85,#725e30
292,85,#665c2a
293,85,#886f44
294,85,#97764f
295,85,#7f6a42
296,85,#86764b
297,85,#bca06a
298,85,#af9760
299,85,#646135
327,85,#282920
334,85,#2a321c
335,85,#595f3e
336,85,#293205
337,85,#4d4f21
338,85,#13181a
339,85,#222218
344,85,#2e2832
345,85,#766e3f
346,85,#767541
347,85,#84754a
348,85,#8a8555
349,85,#6f6b3e
350,85,#75723e
351,85,#9d935f
352,85,#9d8e5d
353,85,#ab9367
354,85,#caa972
355,85,#efe394
356,85,#9d8b5e
357,85,#b8a170
358,85,#a5905a
359,85,#a08f59
360,85,#85773c
361,85,#9a8450
362,85,#ac8659
363,85,#857949
364,85,#99885a
365,85,#7d7b46
366,85,#7f7c4a
367,85,#7e7f47
368,85,#5c5c26
369,85,#6d7337
370,85,#8b8352
371,85,#1a1c2e
372,85,#63603c
373,85,#8f7c56
374,85,#7d7146
375,85,#c6af8b
376,85,#765d3b
377,85,#5c5629
378,85,#767040
379,85,#846f42
380,85,#676234
381,85,#415a2a
388,85,#103c40
389,85,#0f675c
390,85,#e7d498
391,85,#fdfbd6
392,85,#c0aa78
393,85,#ecdaaf
394,85,#bca575
395,85,#d1b98a
396,85,#e0c194
397,85,#ebc69a
398,85,#e8c599
399,85,#caad7f
400,85,#dec597
401,85,#e9c997
402,85,#e2c78e
403,85,#dbb686
404,85,#cfb888
405,85,#ccb182
406,85,#bdab7a
407,85,#e5c28b
408,85,#c5ac7a
409,85,#917d50
410,85,#c1a371
411,85,#876d3e
412,85,#544a2b
413,85,#4f411a
414,85,#6a5d35
415,85,#545224
416,85,#535c21
417,85,#4d4b21
418,85,#4f4a2f
419,85,#837d6c
420,85,#e4ded2
421,85,#63553c
422,85,#a79877
423,85,#8e7a53
424,85,#7c6c4a
425,85,#8e856e
426,85,#806b46
427,85,#bfa475
428,85,#9b8957
429,85,#b0a670
430,85,#edd09c
431,85,#eece9a
432,85,#eecb94
433,85,#ecc794
434,85,#f3d3a6
435,85,#eacb9c
436,85,#eecfa1
437,85,#e8c79a
438,85,#e9c799
439,85,#edc999
440,85,#f1ca97
441,85,#f2cd9c
442,85,#f0d2a3
443,85,#f3d7a5
444,85,#e2c89d
445,85,#baa579
446,85,#faeed3
447,85,#ccc09d
448,85,#bba686
449,85,#e2c9a9
450,85,#ead5b5
451,85,#ead3b3
452,85,#cab08a
453,85,#c7ad88
454,85,#f5deb4
455,85,#ecd8b3
456,85,#d0bd92
457,85,#d6bc8d
458,85,#ceb282
459,85,#d0b88f
460,85,#ceb08a
461,85,#b49771
462,85,#9b866e
463,85,#887551
464,85,#67633b
465,85,#625c36
466,85,#4d4222
467,85,#ccb08a
468,85,#cdad7f
469,85,#cfaf81
470,85,#e6c799
471,85,#e6bf94
472,85,#d7af7f
473,85,#ddab76
474,85,#dca673
475,85,#e2af77
476,85,#725f41
477,85,#7a6f3d
478,85,#eec693
479,85,#d2b384
480,85,#cdb181
481,85,#c5a677
482,85,#c9a87a
483,85,#b69b72
484,85,#8e7b59
485,85,#6c5e37
486,85,#2f2f0e
487,85,#545826
488,85,#575f30
489,85,#354312
490,85,#616c34
491,85,#4a561c
492,85,#485c1d
493,85,#556a29
494,85,#576a28
495,85,#3b4f12
496,85,#43672b
497,85,#03370f
498,85,#082119
499,85,#0b2a20
500,85,#0d2728
502,85,#070a19
508,85,#1b2e13
509,85,#41591b
510,85,#344e11
511,85,#2b4107
512,85,#354e12
513,85,#2e3d28
532,85,#0e231f
533,85,#2f4c0e
534,85,#29420b
535,85,#33500a
95,86,#65673f
96,86,#7e7140
97,86,#676932
98,86,#7e5f38
99,86,#2d340a
100,86,#8b8666
101,86,#7d7254
102,86,#a28d6e
103,86,#96805a
104,86,#b89f76
105,86,#a58c63
106,86,#8d7752
107,86,#97805e
108,86,#968159
109,86,#675436
110,86,#897351
111,86,#b4966b
112,86,#3f3216
113,86,#6f6a48
114,86,#715e38
115,86,#a17c5f
116,86,#af7657
117,86,#c29c80
118,86,#9c7b60
119,86,#54532c
120,86,#4b4e25
121,86,#3f3b18
122,86,#716e4c
123,86,#726d47
124,86,#575235
125,86,#7e7a4d
126,86,#827a4b
127,86,#6b6832
128,86,#716c33
129,86,#736c37
130,86,#6d6830
131,86,#6a6636
132,86,#6b6938
133,86,#757342
134,86,#706c3c
135,86,#6f6d3b
136,86,#6a6738
137,86,#686735
138,86,#57632b
139,86,#4b5e26
140,86,#46581e
141,86,#46581e
142,86,#3d5219
143,86,#3f571d
144,86,#3c4e17
145,86,#304409
146,86,#3e5215
147,86,#394e15
148,86,#2e4109
149,86,#3b4e16
150,86,#3b5315
151,86,#3e531a
152,86,#40551a
153,86,#3b5015
154,86,#3d5217
155,86,#31460b
156,86,#384b13
157,86,#3b5215
158,86,#3e5817
159,86,#3e5c14
160,86,#345111
161,86,#304910
162,86,#2e480e
163,86,#2b440a
164,86,#2d450b
165,86,#2e4a10
166,86,#28430c
167,86,#253c09
168,86,#354c18
169,86,#344c10
170,86,#2c480b
171,86,#314a12
172,86,#223523
173,86,#233b0d
174,86,#2b3f1a
285,86,#565734
286,86,#827341
287,86,#7c6939
288,86,#60622a
289,86,#7b6f3a
290,86,#786b3c
291,86,#66592a
292,86,#534e19
293,86,#6a6133
294,86,#89784b
295,86,#535120
296,86,#7b6c44
297,86,#7c6940
298,86,#a18a64
321,86,#150b1f
324,86,#272b3b
325,86,#575e3c
326,86,#2f3d0b
334,86,#333833
335,86,#0f0f1a
336,86,#606339
337,86,#151026
338,86,#463924
339,86,#584821
340,86,#48483d
344,86,#1d1d1a
345,86,#747446
346,86,#757443
347,86,#747148
348,86,#857348
349,86,#9f9362
350,86,#8e8b59
351,86,#3f361e
352,86,#61582b
353,86,#978152
354,86,#bea461
355,86,#cfae70
356,86,#e9cb8a
357,86,#8f7a46
358,86,#968454
359,86,#8e8254
360,86,#897f54
361,86,#7e7042
362,86,#988157
363,86,#948154
364,86,#74643b
365,86,#756e3e
366,86,#666736
367,86,#606d2a
368,86,#6c6e35
369,86,#6d6b36
370,86,#525326
371,86,#897452
372,86,#89764b
373,86,#a38d63
374,86,#8d7a50
375,86,#112115
376,86,#bb9e6c
377,86,#be9e77
378,86,#9c8655
379,86,#6e6534
380,86,#b49c72
381,86,#2a4512
389,86,#1b7564
390,86,#fff1c5
391,86,#e5d3a7
392,86,#ceb381
393,86,#a79668
394,86,#c1ac86
395,86,#a09466
396,86,#b09b6c
397,86,#d4b385
398,86,#eec387
399,86,#e5bd89
400,86,#dfba89
401,86,#dfb787
402,86,#ddb881
403,86,#f0ce98
404,86,#eac396
405,86,#cdb189
406,86,#ceb38b
407,86,#b49c68
408,86,#d7bc8d
409,86,#e5bd92
410,86,#dbc08f
411,86,#92754d
412,86,#cbb48d
413,86,#b89e73
414,86,#b79f6d
415,86,#9c8753
416,86,#777031
417,86,#7b7252
418,86,#685d41
419,86,#81705c
420,86,#4b432e
421,86,#60543a
422,86,#66502f
423,86,#a3875d
424,86,#c8b185
425,86,#af9f83
426,86,#726646
427,86,#c49f76
428,86,#7b7c43
429,86,#e3c998
430,86,#f2cf9a
431,86,#ecca9b
432,86,#f0cfa2
433,86,#f6d6a7
434,86,#f8d7a4
435,86,#e9c797
436,86,#ecca9c
437,86,#eccc9d
438,86,#ebcb9c
439,86,#eece9f
440,86,#ecce9d
441,86,#e9cea0
442,86,#ddc893
443,86,#f6deb7
444,86,#f1e8cd
445,86,#c3b39b
446,86,#b29f7d
447,86,#caa98b
448,86,#a29771
449,86,#dbbe9a
450,86,#dcc69e
451,86,#ccb48e
452,86,#faddb3
453,86,#fdebc1
454,86,#fce8ba
455,86,#e3cca3
456,86,#efd4ab
457,86,#c0a975
458,86,#bda874
459,86,#e2cb96
460,86,#c1b08e
461,86,#9d825c
462,86,#969274
463,86,#927a48
464,86,#8d7e4f
465,86,#4e4b20
466,86,#615f39
467,86,#53542d
468,86,#5e5d2f
469,86,#8f7a53
470,86,#cabb8f
471,86,#dfbf94
472,86,#d7aa70
473,86,#e2b77b
474,86,#dbab70
475,86,#ecb77c
476,86,#dec796
477,86,#d2b384
478,86,#b59968
479,86,#bf9b70
480,86,#a28c5d
481,86,#a48f62
482,86,#d0bc8e
483,86,#8e7d51
484,86,#95885e
485,86,#33370d
486,86,#7e7a52
487,86,#585c2d
488,86,#444c1d
489,86,#3b4811
490,86,#53652b
491,86,#3b5113
492,86,#3d5615
493,86,#445d1c
494,86,#405616
495,86,#5b6929
496,86,#637232
497,86,#5f733b
498,86,#124c1d
499,86,#0a2522
500,86,#051d23
501,86,#0b212a
508,86,#3d551c
509,86,#3e520c
510,86,#465b1b
511,86,#3a5516
512,86,#2e4513
513,86,#2b4008
514,86,#060d1b
530,86,#1c2821
532,86,#294307
533,86,#243b08
534,86,#2f4311
96,87,#656a39
97,87,#5b4a21
98,87,#6b6e35
99,87,#8d784e
100,87,#3e3e18
101,87,#565134
102,87,#b2a178
103,87,#a1946d
104,87,#b69f75
105,87,#a79066
106,87,#9d8561
107,87,#9e8d64
108,87,#b69573
109,87,#695837
110,87,#6f5e3d
111,87,#5f563b
112,87,#574e2d
113,87,#a8956b
114,87,#987352
115,87,#ca9072
116,87,#d3a683
117,87,#c09a71
118,87,#867252
119,87,#464723
120,87,#2e320d
121,87,#414622
122,87,#282a05
123,87,#565123
124,87,#4f4d2c
125,87,#504d2a
126,87,#938461
127,87,#6d6839
128,87,#817b49
129,87,#74713c
130,87,#756f3b
131,87,#6b6836
132,87,#696639
133,87,#6d6e33
134,87,#71723f
135,87,#6a6837
136,87,#696931
137,87,#656331
138,87,#526323
139,87,#496221
140,87,#4d5a24
141,87,#4f5c25
142,87,#495a23
143,87,#3e5217
144,87,#35490e
145,87,#415317
146,87,#3f4d15
147,87,#294107
148,87,#2a4309
149,87,#284107
150,87,#445d1c
151,87,#41591d
152,87,#344c0c
153,87,#395113
154,87,#3b5614
155,87,#334c0b
156,87,#395211
157,87,#40591b
158,87,#39540c
159,87,#334e07
160,87,#35530d
161,87,#36500f
162,87,#30480c
163,87,#2d4508
164,87,#273e09
165,87,#344d14
166,87,#2c4109
167,87,#30470c
168,87,#374f15
169,87,#2e470e
170,87,#274205
171,87,#2c4509
172,87,#244312
173,87,#304e17
285,87,#545336
286,87,#594b28
287,87,#837152
288,87,#968454
289,87,#998959
290,87,#917e4d
291,87,#937a49
292,87,#817342
293,87,#7c6f3b
294,87,#917e52
295,87,#928058
296,87,#a5875c
322,87,#8a8248
323,87,#997f56
324,87,#897c4b
336,87,#444816
337,87,#5b5e2d
338,87,#6f7257
345,87,#76795e
346,87,#636033
347,87,#5b5334
348,87,#766d45
349,87,#675c2c
350,87,#4e4c1e
351,87,#42431d
352,87,#575932
353,87,#82734a
354,87,#d4b581
355,87,#d0b97c
356,87,#cfa76f
357,87,#726849
358,87,#484521
359,87,#7d7a4b
360,87,#565627
361,87,#7b7348
362,87,#7f7441
363,87,#7f6f46
364,87,#9a8a59
365,87,#907f4b
366,87,#6c6b30
367,87,#947e54
368,87,#8f7752
369,87,#887849
370,87,#958c5d
371,87,#635a35
372,87,#58522d
373,87,#61613c
374,87,#595329
375,87,#688662
376,87,#6b7349
377,87,#937f52
378,87,#ab8b5c
379,87,#ad8b63
380,87,#826b43
381,87,#3f401d
382,87,#3f5222
383,87,#192e1f
389,87,#47896b
390,87,#c6bc89
391,87,#e7ca95
392,87,#565c30
393,87,#9a8a5d
394,87,#907b4f
395,87,#cebb8d
396,87,#b99c70
397,87,#b99e6e
398,87,#ecce9c
399,87,#c6b078
400,87,#c9b47e
401,87,#8f8356
402,87,#c5a777
403,87,#a58d5b
404,87,#dbba81
405,87,#c8a46c
406,87,#d0a972
407,87,#edc593
408,87,#594621
409,87,#e2cda0
410,87,#d0b987
411,87,#887849
412,87,#e8d099
413,87,#9c8f5a
414,87,#bfa671
415,87,#8d7f44
416,87,#d1bd8e
417,87,#7e7044
418,87,#786a45
419,87,#907e60
420,87,#a18b61
421,87,#a89168
422,87,#9b8c67
423,87,#8f7d57
424,87,#a4916e
425,87,#8f7c58
426,87,#716243
427,87,#6d623c
428,87,#d0bb89
429,87,#edd39d
430,87,#fadead
431,87,#dec48d
432,87,#847c41
433,87,#eed8a4
434,87,#fada9b
435,87,#f2cd95
436,87,#f3cb98
437,87,#e1c996
438,87,#dfc593
439,87,#d8be91
440,87,#ddc49c
441,87,#e3caa1
442,87,#eddfbb
443,87,#928164
444,87,#d8c4a8
445,87,#b9a889
446,87,#9a8061
447,87,#bc9f82
448,87,#edcfa9
449,87,#edcda2
450,87,#a08663
451,87,#e3c79b
452,87,#ab9170
453,87,#e6caa1
454,87,#cfb380
455,87,#bfa276
456,87,#cda983
457,87,#ebd79e
458,87,#e6d099
459,87,#e3c79f
460,87,#c3a37a
461,87,#c3ae83
462,87,#a18a5d
463,87,#a58e5e
464,87,#887b4f
465,87,#6a683d
466,87,#545d2f
467,87,#585a23
468,87,#485023
469,87,#48591c
470,87,#505128
471,87,#847950
472,87,#bda77d
473,87,#cfb587
474,87,#b99965
475,87,#a99461
476,87,#c6b280
477,87,#c9ae7d
478,87,#a78d64
479,87,#96865b
480,87,#8e8155
481,87,#93815c
482,87,#827955
483,87,#8d875a
484,87,#8d7e57
485,87,#515326
486,87,#4c5622
487,87,#6c6f3e
488,87,#474c19
489,87,#4d5626
490,87,#485d20
491,87,#3b4f0f
492,87,#46641f
493,87,#415a1d
494,87,#405417
495,87,#47561a
496,87,#46571b
497,87,#526729
498,87,#4d5e2b
499,87,#1c462a
500,87,#586a32
501,87,#4f5a1b
502,87,#495729
503,87,#506133
504,87,#14252f
509,87,#0c1527
510,87,#092315
511,87,#49561f
512,87,#3a5312
513,87,#2e450f
514,87,#29400c
515,87,#112014
528,87,#2b3d1c
531,87,#455c27
532,87,#284108
533,87,#1e3506
534,87,#314d07
97,88,#8e7b58
98,88,#978255
99,88,#7e7a4b
100,88,#8d7a52
101,88,#474721
102,88,#6c5f40
103,88,#9b8767
104,88,#a18a6a
105,88,#a38760
106,88,#8a6d4b
107,88,#a28b6e
108,88,#a9906b
109,88,#c49a70
110,88,#735330
111,88,#d6a680
112,88,#a48d6d
113,88,#d7a885
114,88,#daa37c
115,88,#aa825d
116,88,#d89a75
117,88,#e2a886
118,88,#e1c393
119,88,#b6a07b
120,88,#7f734d
121,88,#595331
122,88,#464222
123,88,#8c7f5b
124,88,#3c381b
125,88,#464320
126,88,#57532e
127,88,#767044
128,88,#7e7848
129,88,#7e7240
130,88,#706e35
131,88,#706935
132,88,#746d3b
133,88,#777635
134,88,#6e6c30
135,88,#6e6e33
136,88,#6a682f
137,88,#68682f
138,88,#546423
139,88,#465a20
140,88,#526223
141,88,#4c5b20
142,88,#43541d
143,88,#3f501a
144,88,#354610
145,88,#405419
146,88,#32430d
147,88,#2d4108
148,88,#30450c
149,88,#3d5219
150,88,#41591b
151,88,#3a5216
152,88,#3a5416
153,88,#3b5017
154,88,#46561b
155,88,#425818
156,88,#354e0d
157,88,#2f490c
158,88,#395314
159,88,#334d0e
160,88,#304a09
161,88,#304a0b
162,88,#324f0d
163,88,#2d4a0b
164,88,#365217
165,88,#304c0f
166,88,#243c03
167,88,#385012
168,88,#354d11
169,88,#2c450b
170,88,#2c480d
171,88,#2e4809
172,88,#3b5318
289,88,#969359
290,88,#837945
291,88,#757144
292,88,#584f27
293,88,#48421e
294,88,#5a563b
295,88,#8d8166
296,88,#c6b699
305,88,#261f33
306,88,#75715c
307,88,#393a25
309,88,#2f3334
310,88,#3f4421
311,88,#68644c
312,88,#625b33
313,88,#6f6c52
314,88,#504c23
315,88,#8d804c
316,88,#a88453
317,88,#5a4f46
318,88,#181222
324,88,#8c8051
325,88,#0a061b
336,88,#595c4e
337,88,#56553f
345,88,#282538
346,88,#1f1c29
347,88,#2c3317
348,88,#545124
349,88,#7c6b46
350,88,#907c54
351,88,#474b3d
352,88,#656434
353,88,#7d7153
354,88,#958259
355,88,#8f794b
356,88,#b49b6a
357,88,#797845
358,88,#4d5024
359,88,#72714f
360,88,#3a3b20
361,88,#7f6c42
362,88,#8d7748
363,88,#a7955c
364,88,#aa905f
365,88,#e4c493
366,88,#9d794b
367,88,#938258
368,88,#8b774e
369,88,#807042
370,88,#8d7645
371,88,#a28d5c
372,88,#695f2a
373,88,#6e6336
374,88,#786d49
375,88,#94884f
376,88,#b79e6e
377,88,#af9162
378,88,#87744f
379,88,#b39268
380,88,#bfa477
381,88,#80704d
382,88,#3f4217
383,88,#3f401e
384,88,#324325
387,88,#050a1b
388,88,#425b43
389,88,#467643
390,88,#6e6f3b
391,88,#3d431b
392,88,#b19565
393,88,#d0a87b
394,88,#cba97d
395,88,#edcda0
396,88,#cea87c
397,88,#dab788
398,88,#c2a377
399,88,#98784e
400,88,#bca271
401,88,#d7b781
402,88,#d4ac7d
403,88,#cba672
404,88,#d6ab76
405,88,#d6ad77
406,88,#dcb37d
407,88,#e0b67a
408,88,#f7d69c
409,88,#f8da9f
410,88,#ecd199
411,88,#bba66d
412,88,#fdf0bf
413,88,#e7cf9f
414,88,#bb9e6c
415,88,#a58651
416,88,#b4996e
417,88,#6f623d
418,88,#938361
419,88,#87775c
420,88,#746954
421,88,#a3987f
422,88,#827a60
423,88,#938874
424,88,#493c2b
425,88,#918974
426,88,#afa28d
427,88,#b7ad8e
428,88,#877954
429,88,#88785c
430,88,#86774f
431,88,#968358
432,88,#b7a978
433,88,#e7d8a7
434,88,#fae5b4
435,88,#d7c691
436,88,#e3cd90
437,88,#ead0a2
438,88,#fadda9
439,88,#ebce99
440,88,#9d8b67
441,88,#b9a788
442,88,#c1a882
443,88,#b39777
444,88,#c4a687
445,88,#aa9267
446,88,#b69e6f
447,88,#b19465
448,88,#c5a875
449,88,#c2a87f
450,88,#ceb37d
451,88,#c2a378
452,88,#d2ba8d
453,88,#c8ab7f
454,88,#e0c596
455,88,#e7cd99
456,88,#a6875b
457,88,#b2966e
458,88,#ad9168
459,88,#91784f
460,88,#a0855a
461,88,#e7cc9f
462,88,#d1b27f
463,88,#b4986a
464,88,#9b875c
465,88,#736d3b
466,88,#122829
467,88,#848680
468,88,#444f18
469,88,#4d5b27
470,88,#3d4d1c
471,88,#4b5629
472,88,#9c895f
473,88,#c1aa81
474,88,#b39770
475,88,#bca174
476,88,#bc9f73
477,88,#ad956b
478,88,#93835d
479,88,#7f734d
480,88,#7b714d
481,88,#655f3a
482,88,#56522c
483,88,#847750
484,88,#85764f
485,88,#5f6835
486,88,#656c39
487,88,#444a1c
488,88,#5b632f
489,88,#3f4c19
490,88,#4d5a20
491,88,#445619
492,88,#425b1a
493,88,#485c1e
494,88,#49581d
495,88,#44561c
496,88,#3f4e17
497,88,#475624
498,88,#4c531c
499,88,#50591a
500,88,#525e24
501,88,#515f21
502,88,#495e3a
503,88,#3c623f
504,88,#071024
510,88,#3b5233
511,88,#495c25
512,88,#3b5413
513,88,#2e450d
514,88,#374e18
515,88,#243a08
528,88,#061120
529,88,#40571d
530,88,#2a410b
531,88,#283f09
532,88,#283e0e
533,88,#2b430b
534,88,#30422c
97,89,#57512c
98,89,#705931
99,89,#887f54
100,89,#777d4d
101,89,#7b6b40
102,89,#4e482a
103,89,#c6b38b
104,89,#b09b7a
105,89,#a08763
106,89,#9c815c
107,89,#947c53
108,89,#ccad87
109,89,#b8a07c
110,89,#937956
111,89,#563f25
112,89,#645338
113,89,#866949
114,89,#e1a67e
115,89,#b68c64
116,89,#7a6842
117,89,#af8b6b
118,89,#b7a780
119,89,#ccad79
120,89,#aa9167
121,89,#827251
122,89,#7b7754
123,89,#766a49
124,89,#363917
125,89,#79704d
126,89,#7e7655
127,89,#8e7f57
128,89,#716f3f
129,89,#76723f
130,89,#73703d
131,89,#726b3d
132,89,#797244
133,89,#78753e
134,89,#6e6e32
135,89,#6f6b2e
136,89,#7a7233
137,89,#626325
138,89,#526124
139,89,#46551a
140,89,#445617
141,89,#3f5019
142,89,#3f5313
143,89,#34480c
144,89,#41541c
145,89,#3b4e16
146,89,#32440e
147,89,#374911
148,89,#3f521a
149,89,#43561e
150,89,#4a5f24
151,89,#3b5017
152,89,#395115
153,89,#2e460c
154,89,#344b0d
155,89,#3c5011
156,89,#3c5514
157,89,#3a5412
158,89,#364f15
159,89,#2a4407
160,89,#334c0a
161,89,#395410
162,89,#3e5917
163,89,#314a11
164,89,#2a4408
165,89,#3a4e11
166,89,#35490c
167,89,#324b0a
168,89,#2d4507
169,89,#354f12
170,89,#3b5815
171,89,#354f0e
172,89,#38521b
173,89,#273219
289,89,#0c0b15
290,89,#51551f
291,89,#0b0918
301,89,#776240
302,89,#927c5c
303,89,#716037
304,89,#6c612d
305,89,#9d8652
306,89,#b79f6d
307,89,#746241
308,89,#8f7748
309,89,#a68b64
310,89,#a78b5c
311,89,#8e7a43
312,89,#7d7440
313,89,#726d3a
314,89,#987f50
315,89,#ba9c68
316,89,#b19265
317,89,#0d0410
346,89,#3a3a44
348,89,#11111d
349,89,#5d5f38
350,89,#34353f
353,89,#12111b
354,89,#50492a
355,89,#6f6d46
356,89,#42412f
359,89,#0e131a
360,89,#807b43
361,89,#b38f64
362,89,#c6a677
363,89,#937c4b
364,89,#e5b184
365,89,#ffdda7
366,89,#fcd89c
367,89,#fcd69a
368,89,#fed495
369,89,#d6ac70
370,89,#e7b47b
371,89,#dcab75
372,89,#cfac75
373,89,#c6a372
374,89,#7e7147
375,89,#64622e
376,89,#9b8a5b
377,89,#b39b70
378,89,#c4a97c
379,89,#b69a6b
380,89,#c5a47b
381,89,#b1996b
382,89,#ac8c69
383,89,#ab9567
384,89,#6b5a40
385,89,#3d3c1f
386,89,#5e5c3c
387,89,#263c13
388,89,#304310
389,89,#706f42
390,89,#a27f5b
391,89,#e1c095
392,89,#9d8159
393,89,#927654
394,89,#d7b793
395,89,#a78a63
396,89,#ac8963
397,89,#e0bd8f
398,89,#6b5629
399,89,#c2a171
400,89,#a98957
401,89,#f4d39e
402,89,#dab47f
403,89,#eac289
404,89,#d3ac7a
405,89,#d2ac7d
406,89,#c4a171
407,89,#d3b283
408,89,#dab187
409,89,#e6c491
410,89,#d7b182
411,89,#d0ae7e
412,89,#cdac7a
413,89,#cca471
414,89,#9a814f
415,89,#b29b6d
416,89,#4a3b1e
417,89,#62573b
418,89,#806d4d
419,89,#564b33
420,89,#786d51
421,89,#54492d
422,89,#4b4426
423,89,#463e2d
424,89,#4f4a38
425,89,#a9a59a
426,89,#766f66
427,89,#92877a
428,89,#91816a
429,89,#a8957f
430,89,#a19280
431,89,#a39377
432,89,#66553b
433,89,#a69a6d
434,89,#d6c592
435,89,#b9a671
436,89,#8e7b53
437,89,#a4937d
438,89,#c4ae95
439,89,#c1ad94
440,89,#b19876
441,89,#bb9a76
442,89,#b99e7e
443,89,#ad9478
444,89,#b5a183
445,89,#bfae9b
446,89,#b29c81
447,89,#a78e6c
448,89,#b7a477
449,89,#b09872
450,89,#b39c70
451,89,#a98d68
452,89,#a98c64
453,89,#a1815a
454,89,#c9b189
455,89,#b69d73
456,89,#dac293
457,89,#e1d099
458,89,#e8d4a6
459,89,#e3cba1
460,89,#dfcea1
461,89,#c0a47d
462,89,#ba985f
463,89,#dac190
464,89,#a28b60
465,89,#a18359
466,89,#bdab78
467,89,#a59664
468,89,#6a6539
469,89,#454620
470,89,#525326
471,89,#7f7552
472,89,#a28e66
473,89,#97845a
474,89,#9e885f
475,89,#a8906a
476,89,#aa936d
477,89,#af986f
478,89,#80734d
479,89,#877952
480,89,#393f11
481,89,#364715
482,89,#344312
483,89,#817a55
484,89,#505224
485,89,#474b1f
486,89,#777245
487,89,#464e20
488,89,#505a26
489,89,#35430f
490,89,#41571a
491,89,#3b5017
492,89,#3e5615
493,89,#3e5310
494,89,#44581b
495,89,#3f5113
496,89,#59642a
497,89,#485517
498,89,#45561e
499,89,#4f6027
500,89,#536326
501,89,#152a22
510,89,#0a1120
511,89,#3b5513
512,89,#32480f
513,89,#2e460c
514,89,#2f460e
515,89,#2a3f14
527,89,#1e3503
528,89,#2a4709
529,89,#1a2b08
530,89,#395317
531,89,#3b4e16
532,89,#475718
533,89,#324208
97,90,#080b1f
98,90,#726335
99,90,#977c52
100,90,#b29c6d
101,90,#776f41
102,90,#75694c
103,90,#ddc49a
104,90,#ecd9ad
105,90,#9e825c
106,90,#d1b792
107,90,#a3875c
108,90,#937553
109,90,#896c44
110,90,#896d4b
111,90,#695439
112,90,#b49473
113,90,#857055
114,90,#e3ae8c
115,90,#cea479
116,90,#b2906d
117,90,#78694c
118,90,#a58e6c
119,90,#b49a6b
120,90,#b6a072
121,90,#c3a781
122,90,#514627
123,90,#342c15
124,90,#53502f
125,90,#716748
126,90,#817255
127,90,#8b7b55
128,90,#7d7547
129,90,#7a7345
130,90,#7b7141
131,90,#737138
132,90,#747039
133,90,#69662d
134,90,#726c35
135,90,#6f6a30
136,90,#726d31
137,90,#4f531d
138,90,#505922
139,90,#47561d
140,90,#516122
141,90,#38490f
142,90,#324508
143,90,#263904
144,90,#293d0a
145,90,#334a10
146,90,#334410
147,90,#4b5a21
148,90,#45571d
149,90,#4b6025
150,90,#3e5016
151,90,#56682c
152,90,#3d5216
153,90,#2e450f
154,90,#34510f
155,90,#364f0e
156,90,#374f11
157,90,#2e460c
158,90,#2c4408
159,90,#374f11
160,90,#284505
161,90,#29420a
162,90,#243d09
163,90,#344c10
164,90,#43571a
165,90,#3e5215
166,90,#384c0d
167,90,#2f490f
168,90,#394e13
169,90,#384f0f
170,90,#3b5416
171,90,#324e0c
172,90,#223b02
173,90,#293d1a
290,90,#717549
291,90,#0b0619
298,90,#5f4d45
299,90,#aa916e
300,90,#a7885e
301,90,#9d7a4a
302,90,#9d8f5c
303,90,#d2b780
304,90,#e9c48c
305,90,#f3c78f
306,90,#fad097
307,90,#e7cb92
308,90,#957544
309,90,#c09f6c
310,90,#e4c293
311,90,#caa170
312,90,#c9a368
313,90,#c9b078
314,90,#ebcd90
315,90,#d0b37b
316,90,#eeca94
317,90,#dbbf84
359,90,#141124
360,90,#6b6131
361,90,#ab895d
362,90,#e7c17b
363,90,#fbd19e
364,90,#efd49b
365,90,#f1dda9
366,90,#e1c890
367,90,#edc085
368,90,#f6d298
369,90,#facf95
370,90,#fbd49a
371,90,#fcd497
372,90,#f4d19d
373,90,#deb67b
374,90,#cda370
375,90,#7f6c40
376,90,#73653c
377,90,#625429
378,90,#aa9063
379,90,#c2a16f
380,90,#cfae80
381,90,#b3966e
382,90,#b4986f
383,90,#bd9b6c
384,90,#c2a97f
385,90,#98885f
386,90,#a5906f
387,90,#a18c64
388,90,#86734d
389,90,#a8875b
390,90,#dec08b
391,90,#c8a87e
392,90,#a88e66
393,90,#b49370
394,90,#c9a887
395,90,#a88a64
396,90,#cca884
397,90,#c3a27d
398,90,#c7aa85
399,90,#b6976a
400,90,#a88a5b
401,90,#d2b284
402,90,#d1a979
403,90,#dcaf77
404,90,#cfab77
405,90,#d5b783
406,90,#debe90
407,90,#d6b88a
408,90,#c1a274
409,90,#bc9b75
410,90,#a98e62
411,90,#886c44
412,90,#bda072
413,90,#a68b66
414,90,#9a845a
415,90,#927f55
416,90,#877454
417,90,#5f4e31
418,90,#64563b
419,90,#4d432a
420,90,#756d56
421,90,#5b533c
422,90,#353116
423,90,#81795e
424,90,#605a48
425,90,#655f49
426,90,#4f4935
427,90,#bfbab7
428,90,#c0b5ad
429,90,#9a8268
430,90,#b69671
431,90,#ac9d83
432,90,#aca48b
433,90,#978e7f
434,90,#8e827e
435,90,#8e8876
436,90,#a69581
437,90,#ae9b7f
438,90,#ad9770
439,90,#d0b48e
440,90,#ceb48f
441,90,#cfb38e
442,90,#c5b39d
443,90,#b49674
444,90,#a9926a
445,90,#b69973
446,90,#be9672
447,90,#a0835a
448,90,#a88558
449,90,#c19c7b
450,90,#78724a
451,90,#9f8966
452,90,#9d7e43
453,90,#a69569
454,90,#948768
455,90,#b9a474
456,90,#918258
457,90,#95815b
458,90,#b29b6f
459,90,#c3a67a
460,90,#b2966d
461,90,#b5976f
462,90,#74633f
463,90,#ab976e
464,90,#a88b5d
465,90,#a49160
466,90,#6d683e
467,90,#897f4f
468,90,#6c6639
469,90,#6c6d43
470,90,#5c522b
471,90,#6b633f
472,90,#887a55
473,90,#80724d
474,90,#94825c
475,90,#94855f
476,90,#978565
477,90,#887d58
478,90,#817350
479,90,#716743
480,90,#626339
481,90,#29410b
482,90,#4b5c2a
483,90,#2a420b
484,90,#6b6d3d
485,90,#686734
486,90,#8e8e5e
487,90,#495020
488,90,#4e5a28
489,90,#3a4b17
490,90,#364b11
491,90,#3a5818
492,90,#465c19
493,90,#3f5816
494,90,#3f521a
495,90,#495e1b
496,90,#4e6022
497,90,#445a22
498,90,#4e611e
499,90,#4e622f
500,90,#081024
510,90,#010f18
511,90,#405b1b
512,90,#36500f
513,90,#294107
514,90,#2d4016
515,90,#344c17
525,90,#131e22
527,90,#253c0d
528,90,#20350a
529,90,#2b410c
530,90,#213409
531,90,#263e0a
532,90,#615f37
533,90,#505d26
534,90,#485a35
98,91,#15121d
99,91,#544c26
100,91,#9d7f53
101,91,#756738
102,91,#857046
103,91,#e7c38e
104,91,#c6a26e
105,91,#e7cc9c
106,91,#ac8f65
107,91,#a7885b
108,91,#c6aa84
109,91,#ae8e67
110,91,#9b8260
111,91,#7c694b
112,91,#726241
113,91,#424929
114,91,#8b7657
115,91,#d8a17f
116,91,#d4aa89
117,91,#b69776
118,91,#7f6c4b
119,91,#54472b
120,91,#745c3c
121,91,#af9970
122,91,#372c0f
123,91,#9e8768
124,91,#7f6a4f
125,91,#847357
126,91,#867255
127,91,#a08b65
128,91,#7f7744
129,91,#66642c
130,91,#78713d
131,91,#6e6834
132,91,#6f6a37
133,91,#6e6a33
134,91,#6a642c
135,91,#6d642b
136,91,#68672f
137,91,#5e672e
138,91,#4b561c
139,91,#505f24
140,91,#46551c
141,91,#4f5c26
142,91,#4c5a1f
143,91,#46561d
144,91,#3b4b14
145,91,#46551e
146,91,#475520
147,91,#44591e
148,91,#485c21
149,91,#55642b
150,91,#48551d
151,91,#3d4c15
152,91,#3d5118
153,91,#2f470d
154,91,#3d5615
155,91,#344f0b
156,91,#3c5617
157,91,#294206
158,91,#415a19
159,91,#2b4808
160,91,#2b490d
161,91,#304a13
162,91,#273b04
163,91,#3c4e12
164,91,#36480e
165,91,#3b4d11
166,91,#3e5016
167,91,#435014
168,91,#394b0d
169,91,#41581a
170,91,#3f541a
171,91,#2f480f
172,91,#081511
173,91,#112924
289,91,#110a1f
290,91,#49451b
291,91,#423d1c
292,91,#4c3b31
293,91,#98816a
294,91,#a48766
295,91,#342a2d
296,91,#11141a
297,91,#b7916f
298,91,#a07e5b
299,91,#bb926c
300,91,#9d7b5c
301,91,#b08f69
302,91,#d19c78
303,91,#f1c194
304,91,#fbbd94
305,91,#e2b482
306,91,#e9bd92
307,91,#f4ce94
308,91,#fee3aa
309,91,#edce98
310,91,#b6a679
311,91,#a58f5f
312,91,#f0cb96
313,91,#f1d29e
314,91,#cbae7e
315,91,#ecc893
316,91,#fad5a0
317,91,#f4c789
318,91,#211e21
340,91,#222024
341,91,#5d573e
342,91,#676844
343,91,#7c7e73
354,91,#52433d
355,91,#c6ae78
356,91,#aa9584
360,91,#665929
361,91,#c4976c
362,91,#f8c994
363,91,#f2dd9f
364,91,#fcf0be
365,91,#edcf94
366,91,#f7d39f
367,91,#fde1a8
368,91,#f3d59c
369,91,#f5d098
370,91,#fad79f
371,91,#feda9e
372,91,#f2d59c
373,91,#e7c189
374,91,#e4b581
375,91,#cda474
376,91,#92794f
377,91,#786940
378,91,#8a7148
379,91,#b2966c
380,91,#be9e70
381,91,#b3986b
382,91,#bea579
383,91,#8a6f48
384,91,#91724c
385,91,#be996d
386,91,#f5d6a2
387,91,#e1b78a
388,91,#efc199
389,91,#e9be94
390,91,#deb68f
391,91,#d4aa8a
392,91,#e0c098
393,91,#fadcb0
394,91,#d1b38c
395,91,#a88e70
396,91,#f0d1ab
397,91,#ddbb91
398,91,#d2ad82
399,91,#b18e65
400,91,#98754a
401,91,#d5ad80
402,91,#e5bc84
403,91,#ebc38b
404,91,#d4b07d
405,91,#e3be8c
406,91,#d5b385
407,91,#e0bc8f
408,91,#c5a77b
409,91,#ad926a
410,91,#967d54
411,91,#c0a175
412,91,#cab387
413,91,#9f8b66
414,91,#685836
415,91,#79714a
416,91,#72684b
417,91,#686346
418,91,#39341b
419,91,#323815
420,91,#373d1a
421,91,#292e13
422,91,#5d5538
423,91,#655e42
424,91,#50462c
425,91,#918464
426,91,#726545
427,91,#6a6146
428,91,#88887f
429,91,#9d9083
430,91,#c7ac8c
431,91,#a08166
432,91,#d3b68c
433,91,#b79e7e
434,91,#a8947d
435,91,#b2a492
436,91,#9b8a6b
437,91,#b09970
438,91,#c9ad86
439,91,#ba9c75
440,91,#d0b486
441,91,#cdae83
442,91,#cab281
443,91,#bea67a
444,91,#967f56
445,91,#d4b180
446,91,#cda77b
447,91,#b58153
448,91,#bb996c
449,91,#a78a59
450,91,#786e41
451,91,#b9956f
452,91,#ab8457
453,91,#906b46
454,91,#a57b59
455,91,#8e7846
456,91,#957c49
457,91,#aa9563
458,91,#927d4b
459,91,#806d38
460,91,#a48b54
461,91,#9c8656
462,91,#b89c77
463,91,#9f8659
464,91,#6f6535
465,91,#55511f
466,91,#515427
467,91,#58602d
468,91,#556129
469,91,#505825
470,91,#3f4c19
471,91,#3f4c1c
472,91,#424a19
473,91,#78764b
474,91,#95805d
475,91,#8a7a57
476,91,#7e7050
477,91,#676c41
478,91,#78754c
479,91,#6d6840
480,91,#606434
481,91,#444a1a
482,91,#7a683f
483,91,#9b9666
484,91,#686732
485,91,#848051
486,91,#748352
487,91,#3a5014
488,91,#41561a
489,91,#304d0e
490,91,#365917
491,91,#45651a
492,91,#425c15
493,91,#435e17
494,91,#435918
495,91,#455b1a
496,91,#4a5e1f
497,91,#3c5212
498,91,#415c22
510,91,#456838
511,91,#596c2c
512,91,#253d03
513,91,#3c5417
514,91,#354a1d
515,91,#080e21
520,91,#08111a
521,91,#273d0d
522,91,#2a410b
523,91,#294316
524,91,#233b07
525,91,#28440d
526,91,#263718
527,91,#3b4513
528,91,#39491d
529,91,#183010
530,91,#1a2c09
531,91,#384f1a
532,91,#1d2522
533,91,#2e4013
99,92,#121023
100,92,#303333
101,92,#525124
102,92,#6e6131
103,92,#827351
104,92,#c2ac80
105,92,#decd96
106,92,#c7ae80
107,92,#e8dbad
108,92,#957650
109,92,#907d59
110,92,#9e7e56
111,92,#957953
112,92,#322d0e
113,92,#604f31
114,92,#474623
115,92,#48441f
116,92,#8c7557
117,92,#a38863
118,92,#beaa85
119,92,#857452
120,92,#8a7856
121,92,#9e805b
122,92,#8e765d
123,92,#8e7d5e
124,92,#978164
125,92,#998061
126,92,#8e7254
127,92,#897653
128,92,#736b42
129,92,#6e673c
130,92,#766d42
131,92,#746843
132,92,#817046
133,92,#7c703c
134,92,#7d703b
135,92,#8a7a48
136,92,#6d652d
137,92,#5a6128
138,92,#505f24
139,92,#4b5a21
140,92,#374811
141,92,#32450e
142,92,#41521b
143,92,#2f420a
144,92,#3c4e15
145,92,#364911
146,92,#2f420a
147,92,#45591d
148,92,#445b1f
149,92,#3f5619
150,92,#304609
151,92,#3e531a
152,92,#2c4409
153,92,#344c0e
154,92,#385110
155,92,#314b0a
156,92,#344a0c
157,92,#354c0e
158,92,#354d10
159,92,#284105
160,92,#324a0c
161,92,#3e511a
162,92,#3a4f12
163,92,#374c11
164,92,#314810
165,92,#2e4006
166,92,#42531c
167,92,#3f5617
168,92,#3a5116
169,92,#31470e
170,92,#31461c
289,92,#807043
290,92,#93804c
291,92,#99824e
292,92,#938557
293,92,#cdad70
294,92,#e3c18b
295,92,#cdab7c
296,92,#9f7147
297,92,#dca481
298,92,#e7af82
299,92,#ebb088
300,92,#e8ab79
301,92,#dba77d
302,92,#f8b47f
303,92,#ebb689
304,92,#dca77c
305,92,#ecbb8e
306,92,#d7a476
307,92,#f5cd9e
308,92,#f7d69f
309,92,#ffecb3
310,92,#fde4b3
311,92,#f7ebb3
312,92,#f7e7b0
313,92,#e8da9d
314,92,#e8d9a3
315,92,#c6b17b
316,92,#faeab0
317,92,#080817
359,92,#2b2032
360,92,#967a50
361,92,#ebc98d
362,92,#fcf7c1
363,92,#eae2af
364,92,#faefb3
365,92,#fde8af
366,92,#fcdea7
367,92,#f8d5a1
368,92,#dcb782
369,92,#f3d09b
370,92,#c2af83
371,92,#faefa5
372,92,#fde0a1
373,92,#f4cf9a
374,92,#f7d397
375,92,#cda970
376,92,#bc9665
377,92,#9f8c66
378,92,#91794c
379,92,#a58d60
380,92,#998854
381,92,#96814e
382,92,#c1a174
383,92,#ba9971
384,92,#bfa87f
385,92,#dcb78f
386,92,#f1d6a6
387,92,#f5d09b
388,92,#d5ad82
389,92,#cb9f77
390,92,#f6d2aa
391,92,#e9c5a2
392,92,#efcbaf
393,92,#dfbf9a
394,92,#f7d5b1
395,92,#c0a483
396,92,#d1af93
397,92,#ceaf88
398,92,#dbba94
399,92,#d6b28e
400,92,#d0b48d
401,92,#d9b690
402,92,#eccd9c
403,92,#ceae84
404,92,#bca072
405,92,#b39975
406,92,#846746
407,92,#ac9263
408,92,#d8be8f
409,92,#c0a071
410,92,#9f8a5c
411,92,#a48d66
412,92,#9d8156
413,92,#a48b66
414,92,#9f8963
415,92,#9e8a5e
416,92,#a08f65
417,92,#88794a
418,92,#b39f76
419,92,#7d8242
420,92,#59621e
421,92,#3e4e17
422,92,#2b340b
423,92,#3f4c21
424,92,#26330e
425,92,#62643c
426,92,#56482e
427,92,#827255
428,92,#b4a586
429,92,#7c6f53
430,92,#6b634f
431,92,#605038
432,92,#89775a
433,92,#b4a079
434,92,#a79479
435,92,#c4a981
436,92,#9d8c68
437,92,#9b8760
438,92,#88774e
439,92,#baa279
440,92,#b0976c
441,92,#b89f77
442,92,#c0b79a
443,92,#a38e6d
444,92,#b38e66
445,92,#d6b386
446,92,#be9c6f
447,92,#d3b17c
448,92,#a2925a
449,92,#9e8c56
450,92,#8c7843
451,92,#9c8750
452,92,#ac8d66
453,92,#a0805e
454,92,#bb9471
455,92,#a98d67
456,92,#8a7344
457,92,#6a6b2e
458,92,#636329
459,92,#5a5b29
460,92,#818048
461,92,#79703e
462,92,#4d4b19
463,92,#80733f
464,92,#928858
465,92,#6f6737
466,92,#4f5520
467,92,#475217
468,92,#3d4c12
469,92,#485a20
470,92,#485b1f
471,92,#41501a
472,92,#313f0a
473,92,#5b6430
474,92,#424e1d
475,92,#6e6943
476,92,#40481c
477,92,#374517
478,92,#5c6838
479,92,#505b29
480,92,#4e5825
481,92,#5e6330
482,92,#5d6a30
483,92,#263605
484,92,#414a15
485,92,#394315
486,92,#57602e
487,92,#616d34
488,92,#4c5f21
489,92,#42591c
490,92,#3c5c13
491,92,#3e5c14
492,92,#546627
493,92,#3c4f11
494,92,#425716
495,92,#4b6120
496,92,#3f5514
497,92,#405b1a
498,92,#33580f
499,92,#546829
500,92,#697d56
510,92,#1f431e
511,92,#214a1e
512,92,#11222e
515,92,#202732
518,92,#1b2825
519,92,#28420b
520,92,#293e14
521,92,#2f4516
522,92,#0d2511
523,92,#1a2f16
524,92,#1d2729
525,92,#313d2e
526,92,#324a0a
527,92,#293e1f
102,93,#544b44
103,93,#7d774a
104,93,#a0865d
105,93,#675b36
106,93,#a89a6e
107,93,#c5b38b
108,93,#b6a67b
109,93,#f5d8b1
110,93,#ab8c5e
111,93,#b7956b
112,93,#867149
113,93,#836b45
114,93,#847354
115,93,#645938
116,93,#6e6846
117,93,#464521
118,93,#4f4d29
119,93,#9a906d
120,93,#8b7c5b
121,93,#7d6a4c
122,93,#ab8c69
123,93,#94825f
124,93,#a18a6a
125,93,#ab946f
126,93,#99805f
127,93,#8e7658
128,93,#8e7757
129,93,#967e5c
130,93,#8b7853
131,93,#877453
132,93,#827450
133,93,#85704b
134,93,#7d683e
135,93,#877745
136,93,#78703e
137,93,#646a36
138,93,#49541a
139,93,#515f21
140,93,#455419
141,93,#3f5115
142,93,#364a0f
143,93,#47591f
144,93,#374a12
145,93,#2c3e0c
146,93,#2d3f0d
147,93,#4a5e1e
148,93,#3e5816
149,93,#3e5915
150,93,#415719
151,93,#3e5317
152,93,#364f0e
153,93,#395210
154,93,#3a5311
155,93,#344d0b
156,93,#374d0d
157,93,#314a0c
158,93,#3a4e11
159,93,#404b13
160,93,#3c4e0f
161,93,#344911
162,93,#30450d
163,93,#3e4f18
164,93,#4d5b20
165,93,#384912
166,93,#394d12
167,93,#374a0b
168,93,#2e4912
169,93,#15261c
170,93,#061a28
287,93,#0e0714
288,93,#978661
289,93,#c49e70
290,93,#a28253
291,93,#9b7a51
292,93,#8b754f
293,93,#88794f
294,93,#ba9263
295,93,#dfae82
296,93,#fabf91
297,93,#f7b989
298,93,#f7aa7b
299,93,#f8c18e
300,93,#f5ba87
301,93,#fdc58a
302,93,#e4a97e
303,93,#b6885e
304,93,#eebe8e
305,93,#f7c693
306,93,#fccc9a
307,93,#f8d19d
308,93,#fee7ae
309,93,#f9e8b6
310,93,#fcf4ba
311,93,#fbf7d7
312,93,#fefbcd
313,93,#e9c696
314,93,#fbeeb9
315,93,#fff5c2
316,93,#fae8a9
317,93,#070612
318,93,#060717
359,93,#71623b
360,93,#bf9669
361,93,#eee8b2
362,93,#f9e6ae
363,93,#fbdba7
364,93,#f8cf99
365,93,#fedca6
366,93,#f8dca4
367,93,#fcce9f
368,93,#f2bf8f
369,93,#f6c494
370,93,#f9d3a5
371,93,#f3e6ac
372,93,#f2e4aa
373,93,#b59b66
374,93,#a48d55
375,93,#f7d193
376,93,#caa66f
377,93,#7b6138
378,93,#b0976e
379,93,#826d49
380,93,#9a8862
381,93,#aa996e
382,93,#9d8456
383,93,#a88a5c
384,93,#b7966b
385,93,#97825c
386,93,#d4b48e
387,93,#b8997d
388,93,#af8e71
389,93,#d9b184
390,93,#bb9872
391,93,#ebcca8
392,93,#d7b695
393,93,#ccaf8d
394,93,#e8caa5
395,93,#eacda3
396,93,#cfa885
397,93,#c5a479
398,93,#e3c69b
399,93,#d9b68e
400,93,#e5c099
401,93,#e0bf9b
402,93,#e4c59f
403,93,#bb9974
404,93,#b2956c
405,93,#dfc297
406,93,#b99a6e
407,93,#c8a575
408,93,#b6986c
409,93,#a08c64
410,93,#a8926d
411,93,#917953
412,93,#c7ac82
413,93,#7c6339
414,93,#a79066
415,93,#907a53
416,93,#6c623f
417,93,#39390f
418,93,#685b38
419,93,#b7aa7a
420,93,#9e9b62
421,93,#6a7631
422,93,#354813
423,93,#314311
424,93,#4b542b
425,93,#293911
426,93,#555335
427,93,#a09374
428,93,#837455
429,93,#6d5c40
430,93,#918066
431,93,#6e5e42
432,93,#90835f
433,93,#786347
434,93,#a98f67
435,93,#9d8459
436,93,#a1875e
437,93,#948053
438,93,#c0a578
439,93,#a7875a
440,93,#ba9d71
441,93,#af8f62
442,93,#c39e74
443,93,#bd976b
444,93,#c2a073
445,93,#c39e71
446,93,#ac8b5e
447,93,#886f53
448,93,#d6c29f
449,93,#ac9565
450,93,#76643a
451,93,#9b8553
452,93,#89723f
453,93,#a48f5d
454,93,#a38a55
455,93,#87723e
456,93,#8b804a
457,93,#777341
458,93,#605c2c
459,93,#6a6835
460,93,#4a4d1e
461,93,#4b4d1c
462,93,#777745
463,93,#5f5c29
464,93,#656432
465,93,#4d5421
466,93,#4b5320
467,93,#3b4914
468,93,#3f4e18
469,93,#445a19
470,93,#4d6420
471,93,#3e5016
472,93,#24360b
473,93,#2e3a10
474,93,#414719
475,93,#5e5c33
476,93,#3c491d
477,93,#243a09
478,93,#263b0c
479,93,#203208
480,93,#253a09
481,93,#283907
482,93,#394611
483,93,#324213
484,93,#344612
485,93,#32430d
486,93,#344414
487,93,#3b4c11
488,93,#475d1c
489,93,#415717
490,93,#3f5a17
491,93,#46611e
492,93,#42591b
493,93,#3f571d
494,93,#435d1c
495,93,#415e1c
496,93,#3b5816
497,93,#375112
498,93,#3c5111
499,93,#405d1a
500,93,#3d560c
501,93,#3f5e4a
502,93,#274b54
517,93,#3e4f29
518,93,#061312
520,93,#141f25
521,93,#384f26
522,93,#213414
523,93,#203509
524,93,#1b2324
525,93,#2b3d1f
526,93,#1b3a0a
102,94,#2c293c
104,94,#867856
105,94,#776a40
106,94,#c6baa1
107,94,#e6d7af
108,94,#c9aa83
109,94,#b89771
110,94,#ae8c67
111,94,#b18d6a
112,94,#c4a174
113,94,#a99061
114,94,#967951
115,94,#6f5c3b
116,94,#806a48
117,94,#6c5f3d
118,94,#595230
119,94,#565030
120,94,#675e39
121,94,#856239
122,94,#ba9a73
123,94,#4c3e20
124,94,#877b5a
125,94,#b1946c
126,94,#ab8e6b
127,94,#917e5b
128,94,#9c7d5e
129,94,#a88665
130,94,#98795a
131,94,#886f51
132,94,#766640
133,94,#8f7952
134,94,#736934
135,94,#78713d
136,94,#666a31
137,94,#676e32
138,94,#6c7035
139,94,#586329
140,94,#424f19
141,94,#425116
142,94,#2d420b
143,94,#3a4715
144,94,#334514
145,94,#2f4310
146,94,#283b0b
147,94,#43591a
148,94,#3d5a18
149,94,#415e1b
150,94,#384e10
151,94,#334908
152,94,#395113
153,94,#30480b
154,94,#30480d
155,94,#374d0c
156,94,#364f0e
157,94,#3b5113
158,94,#364a0d
159,94,#3a4b11
160,94,#354a0f
161,94,#2d4008
162,94,#415319
163,94,#314309
164,94,#45551e
165,94,#384a0f
166,94,#22360b
167,94,#304305
286,94,#a1866f
287,94,#8f6d46
288,94,#a47d59
289,94,#8a6d49
290,94,#988157
291,94,#866c48
292,94,#d0a77e
293,94,#f2d29e
294,94,#f5c493
295,94,#fac696
296,94,#f9b787
297,94,#fcc291
298,94,#eaae7b
299,94,#f9bf91
300,94,#eda97b
301,94,#e0a578
302,94,#f9cb98
303,94,#fdd09b
304,94,#fec892
305,94,#f8c691
306,94,#fdca96
307,94,#fdcb93
308,94,#fbdaa1
309,94,#fffed6
310,94,#fdfac5
311,94,#fffec8
312,94,#f8fdd4
313,94,#fffed3
314,94,#fffdd5
315,94,#faf1ae
316,94,#fce3aa
317,94,#fbd6a0
318,94,#82745d
319,94,#080b1b
358,94,#231f24
359,94,#8a6d3f
360,94,#cfab7d
361,94,#eed2a6
362,94,#ffe8b6
363,94,#fdd2a0
364,94,#f8cd9c
365,94,#fdd7a2
366,94,#f9c593
367,94,#fcce9a
368,94,#f9c593
369,94,#fabe8f
370,94,#fed9a4
371,94,#fce6ae
372,94,#b6b177
373,94,#a79161
374,94,#e3ce97
375,94,#e8cc91
376,94,#fce6a8
377,94,#b59967
378,94,#ae8e5e
379,94,#87673c
380,94,#a8906a
381,94,#6c5736
382,94,#a38c63
383,94,#9c855a
384,94,#c1a375
385,94,#c4a27b
386,94,#b9a078
387,94,#977a54
388,94,#bea489
389,94,#c1a58c
390,94,#bfa284
391,94,#a48769
392,94,#d1b08f
393,94,#bd9f83
394,94,#e2c29e
395,94,#c9ab87
396,94,#e1bda4
397,94,#e9c4a0
398,94,#d9b690
399,94,#bf9e75
400,94,#c0a27c
401,94,#d9b48f
402,94,#e6c59d
403,94,#c6a37b
404,94,#a98867
405,94,#ad946c
406,94,#ba9f73
407,94,#c4a97d
408,94,#917b52
409,94,#9c8261
410,94,#ae9775
411,94,#a08864
412,94,#8e754d
413,94,#d0b888
414,94,#d9c492
415,94,#66582f
416,94,#beb588
417,94,#c0ad80
418,94,#978b5c
419,94,#a49461
420,94,#ab9f65
421,94,#9d955a
422,94,#4f601a
423,94,#334809
424,94,#2a390a
425,94,#313c12
426,94,#262e0a
427,94,#a19983
428,94,#6d5f43
429,94,#baa682
430,94,#83714c
431,94,#95835f
432,94,#aa9072
433,94,#a8926b
434,94,#c9ad7c
435,94,#b99b73
436,94,#cfb07f
437,94,#bba27a
438,94,#c5a37d
439,94,#d3b18a
440,94,#d0ae80
441,94,#d4b487
442,94,#a9925b
443,94,#ab925a
444,94,#b89f70
445,94,#c39e71
446,94,#be9f73
447,94,#b0985c
448,94,#bd8f61
449,94,#b19368
450,94,#97855f
451,94,#9e8660
452,94,#9a8655
453,94,#716033
454,94,#958351
455,94,#8c7d47
456,94,#7c723d
457,94,#746a37
458,94,#60572e
459,94,#736d3d
460,94,#545a25
461,94,#47541f
462,94,#4f5a20
463,94,#535928
464,94,#5e5b30
465,94,#5e5b2e
466,94,#5b5d2e
467,94,#434e1a
468,94,#4a511e
469,94,#46581b
470,94,#3e5715
471,94,#394e0d
472,94,#2e3a0d
473,94,#23310d
474,94,#2a330a
475,94,#44491a
476,94,#2a3b11
477,94,#253907
478,94,#2d3f0d
479,94,#3b4c17
480,94,#324613
481,94,#293d08
482,94,#344a12
483,94,#394a14
484,94,#32450e
485,94,#374812
486,94,#3e511a
487,94,#4a6422
488,94,#49671f
489,94,#425915
490,94,#49621e
491,94,#3e5d13
492,94,#4a6423
493,94,#516b2c
494,94,#3d5a17
495,94,#45601d
496,94,#435e1b
497,94,#728a47
498,94,#345711
499,94,#35530f
500,94,#3a5d17
501,94,#999754
502,94,#2f633c
510,94,#45503d
511,94,#181e28
516,94,#304e0c
517,94,#495f26
518,94,#2d4a08
519,94,#1f2c1e
521,94,#264406
523,94,#151f32
104,95,#271f2f
105,95,#635634
106,95,#ae9571
107,95,#7b7b44
108,95,#ded0a3
109,95,#968864
110,95,#cfb185
111,95,#dab588
112,95,#9c7c57
113,95,#c09d73
114,95,#bb9b72
115,95,#82704c
116,95,#8c7d5c
117,95,#8f734c
118,95,#88714d
119,95,#8c7958
120,95,#756b43
121,95,#9f815d
122,95,#dacaa8
123,95,#63522d
124,95,#867250
125,95,#b9986f
126,95,#bd9773
127,95,#9e8666
128,95,#997858
129,95,#ab8361
130,95,#9a7958
131,95,#937a5b
132,95,#947859
133,95,#857051
134,95,#726b37
135,95,#65622e
136,95,#646232
137,95,#73763c
138,95,#6f6f39
139,95,#5f6630
140,95,#495522
141,95,#3a4912
142,95,#354713
143,95,#465921
144,95,#2a3d0d
145,95,#2b3e0f
146,95,#2f420b
147,95,#47591d
148,95,#2f4810
149,95,#3f5317
150,95,#364f0f
151,95,#374f12
152,95,#2b4508
153,95,#2c450d
154,95,#2c440a
155,95,#3b4f10
156,95,#34490e
157,95,#32470c
158,95,#2e4207
159,95,#2e3f08
160,95,#405218
161,95,#33480a
162,95,#3b4910
163,95,#3a490e
164,95,#3e4c19
165,95,#2b3e0c
166,95,#33490f
271,95,#262c2d
284,95,#0e081e
285,95,#9c8265
286,95,#b78966
287,95,#a8805b
288,95,#dbb086
289,95,#d2aa7f
290,95,#93774f
291,95,#b6966f
292,95,#e8bd8d
293,95,#e6ba8b
294,95,#c99a72
295,95,#fac89a
296,95,#efb486
297,95,#d8976b
298,95,#e6ac86
299,95,#e5ae86
300,95,#facc99
301,95,#fdcd96
302,95,#fecc92
303,95,#feca91
304,95,#fdc58f
305,95,#fcc491
306,95,#f7c594
307,95,#fdd197
308,95,#ffe9a8
309,95,#fef9bf
310,95,#ffffc3
311,95,#ffffba
312,95,#ffffbd
313,95,#fefdb3
314,95,#fffdb4
315,95,#fef2a8
316,95,#fbda9e
317,95,#f3dd9f
318,95,#fadb9c
319,95,#fcf1b1
320,95,#fae4ab
321,95,#dbb790
322,95,#e7c28e
323,95,#67555b
334,95,#140420
335,95,#8b6e5b
336,95,#9e7e50
337,95,#a88f75
358,95,#807346
359,95,#9c7d4a
360,95,#936b45
361,95,#a17d58
362,95,#bf9b74
363,95,#fed3a1
364,95,#f6c597
365,95,#ffd2a0
366,95,#fac694
367,95,#fad099
368,95,#ffcb99
369,95,#fbd39d
370,95,#fdd3a0
371,95,#ffe6b4
372,95,#0b0900
373,95,#a79865
374,95,#bfa572
375,95,#be9f69
376,95,#e7cb90
377,95,#ffe2ad
378,95,#fde2af
379,95,#e1b88f
380,95,#ceb388
381,95,#987d5d
382,95,#7c6f53
383,95,#957f59
384,95,#ad946d
385,95,#b0966e
386,95,#d5ba8d
387,95,#b69974
388,95,#beaa91
389,95,#ceae91
390,95,#eccda9
391,95,#c8ae91
392,95,#bba388
393,95,#dfbf9f
394,95,#ebc6a4
395,95,#c4aa89
396,95,#d5b59c
397,95,#d3b395
398,95,#a28563
399,95,#d2b189
400,95,#bea07b
401,95,#e0c09e
402,95,#ba9d76
403,95,#e1cca1
404,95,#edd2b0
405,95,#af9678
406,95,#c3aa8a
407,95,#bca278
408,95,#a38a5e
409,95,#a5885f
410,95,#b69c75
411,95,#9b855f
412,95,#edd7a8
413,95,#efdaa3
414,95,#9e865e
415,95,#a69771
416,95,#6a5b37
417,95,#e9dda1
418,95,#cebf8b
419,95,#ada161
420,95,#9f9460
421,95,#827a43
422,95,#797932
423,95,#7a7f37
424,95,#4c6418
425,95,#3e5412
426,95,#253304
427,95,#313318
428,95,#5b523a
429,95,#9e8b6c
430,95,#817353
431,95,#b9a176
432,95,#977e54
433,95,#af9774
434,95,#96815f
435,95,#927f55
436,95,#b8a17a
437,95,#c1ae7d
438,95,#a8885e
439,95,#b69669
440,95,#c5a575
441,95,#b79766
442,95,#998049
443,95,#c9ab75
444,95,#c49b6b
445,95,#b38f54
446,95,#b8955c
447,95,#b9a065
448,95,#b08d5b
449,95,#b28f57
450,95,#b09260
451,95,#a48453
452,95,#967948
453,95,#948657
454,95,#a6986f
455,95,#867c47
456,95,#6c622d
457,95,#6d6335
458,95,#595c2b
459,95,#4e4e1f
460,95,#515926
461,95,#6e7846
462,95,#4e5424
463,95,#555d2c
464,95,#465220
465,95,#51592a
466,95,#495223
467,95,#4a5223
468,95,#374110
469,95,#3e4d15
470,95,#3e5215
471,95,#46541e
472,95,#394317
473,95,#333e16
474,95,#23320a
475,95,#2c3e11
476,95,#344211
477,95,#2d410d
478,95,#2d410c
479,95,#233802
480,95,#364b12
481,95,#3c5015
482,95,#30470e
483,95,#354a11
484,95,#41521b
485,95,#495a24
486,95,#526827
487,95,#43611c
488,95,#596d2a
489,95,#50601e
490,95,#808a49
491,95,#4d651f
492,95,#4b631c
493,95,#5a712d
494,95,#5c7231
495,95,#59702d
496,95,#4c601f
497,95,#40621a
498,95,#56742c
499,95,#38580f
500,95,#395c15
501,95,#556021
502,95,#4a693d
516,95,#34452f
517,95,#32451c
518,95,#2a4207
519,95,#233b13
521,95,#142327
105,96,#67563f
106,96,#6b5b3d
107,96,#c3ae86
108,96,#f1d295
109,96,#fde4a2
110,96,#bd9e6f
111,96,#ebc79f
112,96,#d2ad87
113,96,#8b6943
114,96,#b49871
115,96,#9f8a63
116,96,#8c7a56
117,96,#937e53
118,96,#c0a076
119,96,#c8a379
120,96,#b18e68
121,96,#c39d77
122,96,#e1b987
123,96,#be956f
124,96,#d8ad85
125,96,#745e32
126,96,#d3af83
127,96,#a68264
128,96,#9f8262
129,96,#9e805e
130,96,#9e7c5d
131,96,#967c5b
132,96,#877551
133,96,#847652
134,96,#6e6832
135,96,#736f3f
136,96,#747240
137,96,#606630
138,96,#64692f
139,96,#57632b
140,96,#4b591e
141,96,#3a4912
142,96,#3f4d18
143,96,#394a16
144,96,#2b3d09
145,96,#2a400f
146,96,#2d410c
147,96,#2d400a
148,96,#293c0c
149,96,#334514
150,96,#293f10
151,96,#29400c
152,96,#2c4411
153,96,#2a420c
154,96,#344d0b
155,96,#3c5212
156,96,#334909
157,96,#374b10
158,96,#36480e
159,96,#415019
160,96,#516327
161,96,#3e5213
162,96,#40511a
163,96,#384a10
164,96,#354610
165,96,#2e4024
284,96,#70564d
285,96,#c49a74
286,96,#d9aa84
287,96,#daa77e
288,96,#bb936f
289,96,#876b4b
290,96,#947c5b
291,96,#987c5a
292,96,#bf9d72
293,96,#d0a77b
294,96,#cda57d
295,96,#e7b38e
296,96,#e6b48e
297,96,#c89a71
298,96,#eab98c
299,96,#ffcd9a
300,96,#fec18b
301,96,#fec18b
302,96,#fec88f
303,96,#fdd499
304,96,#f9d295
305,96,#f3bd8a
306,96,#fed3a1
307,96,#fbd398
308,96,#f7d395
309,96,#ffeeaa
310,96,#fdf4aa
311,96,#fefab0
312,96,#fdfcb1
313,96,#fff2a4
314,96,#fbd68f
315,96,#feeea8
316,96,#f7d79b
317,96,#fdd79a
318,96,#f7d599
319,96,#fbd99e
320,96,#fae5a8
321,96,#f9d79e
322,96,#fad0a0
323,96,#ffda9a
324,96,#fed8a9
325,96,#b8ac74
333,96,#cba79a
334,96,#edb585
335,96,#fdf0b0
336,96,#fbefb5
337,96,#fdf0bc
338,96,#fdf9cb
339,96,#8e8687
341,96,#0d0a20
358,96,#997b51
359,96,#a0835d
360,96,#ffe9ae
361,96,#f8cca2
362,96,#e4b591
363,96,#f6c69b
364,96,#fec094
365,96,#ebaf82
366,96,#f8bc8d
367,96,#fed49d
368,96,#fad39c
369,96,#ffe2ad
370,96,#fcd6a6
371,96,#ffd4a5
372,96,#fef8c7
373,96,#fbf3be
374,96,#c3ab7c
375,96,#d6bb86
376,96,#d2b37d
377,96,#e5d197
378,96,#f9dea2
379,96,#f4ce91
380,96,#aa8d53
381,96,#debd88
382,96,#957f54
383,96,#937b57
384,96,#967a52
385,96,#b3966e
386,96,#d5b28c
387,96,#d1b58a
388,96,#c5ab8e
389,96,#967456
390,96,#d9bd9b
391,96,#a88d75
392,96,#bc9f7f
393,96,#d9b996
394,96,#e3b893
395,96,#c7aa8c
396,96,#c6a792
397,96,#c6ac9a
398,96,#d2b79b
399,96,#b89e7d
400,96,#b09778
401,96,#a78e73
402,96,#e3cba5
403,96,#f1d5ae
404,96,#ebd8ae
405,96,#f2d6ab
406,96,#e7c89f
407,96,#fbe5b2
408,96,#dac999
409,96,#cbb086
410,96,#b29b6e
411,96,#f7e3b4
412,96,#d7c495
413,96,#ceb686
414,96,#ac9870
415,96,#a08c65
416,96,#ac9971
417,96,#ead69e
418,96,#959054
419,96,#d7cd8f
420,96,#b1a96e
421,96,#918755
422,96,#818650
423,96,#708245
424,96,#6b772f
425,96,#53650e
426,96,#3b5a12
427,96,#424d21
428,96,#23290b
429,96,#e9e2ca
430,96,#605339
431,96,#988666
432,96,#ae996e
433,96,#836d46
434,96,#a78860
435,96,#b09368
436,96,#b19168
437,96,#aa8a64
438,96,#8e7950
439,96,#9e8751
440,96,#bda271
441,96,#e6cc95
442,96,#c3aa75
443,96,#bc9d6b
444,96,#bd9f70
445,96,#aa955f
446,96,#a08a5e
447,96,#ac9259
448,96,#c3a573
449,96,#b4946a
450,96,#a58a52
451,96,#816935
452,96,#968d58
453,96,#595d22
454,96,#63642a
455,96,#5e5b28
456,96,#666131
457,96,#787646
458,96,#625629
459,96,#454715
460,96,#606638
461,96,#434f1b
462,96,#4a5021
463,96,#3d441a
464,96,#4b5228
465,96,#363f12
466,96,#3d4918
467,96,#4f5928
468,96,#495225
469,96,#1d2802
470,96,#364412
471,96,#2c350e
472,96,#28340f
473,96,#2b3a12
474,96,#2a3d0d
475,96,#2e3e08
476,96,#424e1c
477,96,#374514
478,96,#2c3d09
479,96,#2c3f08
480,96,#263d05
481,96,#263d07
482,96,#203702
483,96,#374c14
484,96,#3a4f17
485,96,#2d410c
486,96,#4a6222
487,96,#4b641e
488,96,#3e5111
489,96,#3c5015
490,96,#646e31
491,96,#6a783a
492,96,#566c27
493,96,#4f6620
494,96,#496018
495,96,#50661f
496,96,#47611f
497,96,#384e0b
498,96,#3e5310
499,96,#485918
500,96,#3f5413
501,96,#3f520e
502,96,#577032
503,96,#121e32
517,96,#2e4c0f
518,96,#29400b
106,97,#7e5f45
107,97,#988966
108,97,#6c6f6b
109,97,#08031b
110,97,#0f121c
111,97,#edda96
112,97,#a07e56
113,97,#977757
114,97,#655836
115,97,#4f4a21
116,97,#84784e
117,97,#816b47
118,97,#8f7c56
119,97,#9e825b
120,97,#c29e72
121,97,#f2cfa6
122,97,#ddc090
123,97,#ddc096
124,97,#e0b88d
125,97,#e3cda3
126,97,#d5ad7e
127,97,#e3bc8e
128,97,#b69068
129,97,#cea979
130,97,#cdaa79
131,97,#937d53
132,97,#9a8a5e
133,97,#857752
134,97,#696435
135,97,#575721
136,97,#6a6a35
137,97,#706e32
138,97,#6f6f34
139,97,#525c23
140,97,#435115
141,97,#293705
142,97,#27390e
143,97,#2c3e17
144,97,#2b3e12
145,97,#374b19
146,97,#2c4607
147,97,#294212
148,97,#263f09
149,97,#334a13
150,97,#2c4411
151,97,#314414
152,97,#273e05
153,97,#2a400d
154,97,#39540e
155,97,#2e4807
156,97,#3e5215
157,97,#495b1c
158,97,#435219
159,97,#3e5115
160,97,#425718
161,97,#394d0e
162,97,#384c0d
163,97,#394813
164,97,#25341d
283,97,#3f3535
284,97,#dfad87
285,97,#f0c18c
286,97,#e7c097
287,97,#896b4d
288,97,#7b5f40
289,97,#a88764
290,97,#dfb38d
291,97,#c79f79
292,97,#cea77b
293,97,#e5ac84
294,97,#f5b586
295,97,#c89a77
296,97,#d2a57c
297,97,#ffd69b
298,97,#f9b883
299,97,#ffc690
300,97,#fbc690
301,97,#fcc18b
302,97,#fee09b
303,97,#fee29b
304,97,#ffd691
305,97,#fbd594
306,97,#fccf97
307,97,#f9d496
308,97,#f3df9b
309,97,#feeea7
310,97,#ffefa5
311,97,#ffeba4
312,97,#fae89a
313,97,#fde497
314,97,#fde094
315,97,#f9dc92
316,97,#f8e19d
317,97,#fbd694
318,97,#fbcf8f
319,97,#fcd392
320,97,#f5cd8c
321,97,#f7ce92
322,97,#f9d192
323,97,#fdd699
324,97,#fedaa1
325,97,#f7dba4
326,97,#303029
333,97,#fdf7cd
334,97,#fddcab
335,97,#ffeeb3
336,97,#fdf1bc
337,97,#f3d7a4
338,97,#fdd2a6
339,97,#fedaaa
340,97,#f9dcab
341,97,#fbedb5
342,97,#f5e4b0
343,97,#fbecbc
344,97,#e0d9b3
345,97,#48454f
350,97,#2b322c
351,97,#475421
352,97,#465829
353,97,#1a3928
357,97,#b4925b
358,97,#d5c38e
359,97,#d6b081
360,97,#fff7c8
361,97,#c29f78
362,97,#fadfab
363,97,#f9cc9d
364,97,#fccfa0
365,97,#fccb9b
366,97,#ffd0a1
367,97,#fdd89f
368,97,#fadea9
369,97,#fde7b6
370,97,#f9d9a8
371,97,#fcdfae
372,97,#f9e2ac
373,97,#fce5b2
374,97,#f6e9b6
375,97,#bba775
376,97,#f3d8a9
377,97,#ecd39c
378,97,#a38b5a
379,97,#6d5c2c
380,97,#dfb988
381,97,#e0bb7e
382,97,#d6b77d
383,97,#8f794d
384,97,#806f4b
385,97,#957d5a
386,97,#b08f67
387,97,#bb9b73
388,97,#e6ca9e
389,97,#d8b68e
390,97,#aa8963
391,97,#dbb99b
392,97,#e6c5a5
393,97,#cdab87
394,97,#d7b393
395,97,#f7dbb9
396,97,#d0af97
397,97,#b3998b
398,97,#c7b098
399,97,#f4d9bb
400,97,#cdb797
401,97,#bfab93
402,97,#fff6cf
403,97,#eddfb9
404,97,#efd2a8
405,97,#f3d3a4
406,97,#f7d9ad
407,97,#f5c997
408,97,#f0c990
409,97,#f6d9a4
410,97,#ebdfac
411,97,#b1986b
412,97,#c1ac7f
413,97,#c1aa7e
414,97,#b1996d
415,97,#b49f75
416,97,#a99b74
417,97,#e1cf95
418,97,#b7b675
419,97,#f8e2b2
420,97,#a89b69
421,97,#8b8350
422,97,#878150
423,97,#8e8c53
424,97,#697534
425,97,#4e6315
426,97,#5e7125
427,97,#345014
428,97,#21300b
429,97,#2d360e
430,97,#5b5a3c
431,97,#877152
432,97,#d7b889
433,97,#9a8858
434,97,#9d825b
435,97,#9b815c
436,97,#9a7c54
437,97,#ac9661
438,97,#8a7646
439,97,#c7be91
440,97,#b2a27b
441,97,#978250
442,97,#b49e6b
443,97,#9a8554
444,97,#998770
445,97,#988452
446,97,#776b3a
447,97,#9e8a57
448,97,#a28c5c
449,97,#967f4d
450,97,#b49d67
451,97,#a6976e
452,97,#7c7c3f
453,97,#5a5f28
454,97,#5a5a26
455,97,#737141
456,97,#55572e
457,97,#474820
458,97,#72734d
459,97,#55522b
460,97,#464916
461,97,#3c3e1a
462,97,#474e1b
463,97,#3b4115
464,97,#424920
465,97,#313c13
466,97,#454720
467,97,#354013
468,97,#333e12
469,97,#4e5a2b
470,97,#4e5b32
471,97,#313714
472,97,#2d3513
473,97,#324a11
474,97,#516223
475,97,#424f19
476,97,#414f17
477,97,#3e5013
478,97,#36480e
479,97,#34440d
480,97,#31440e
481,97,#2c3e0d
482,97,#324510
483,97,#253706
484,97,#2a3c0a
485,97,#2d4311
486,97,#2f460f
487,97,#3d5516
488,97,#364d11
489,97,#4b5b1c
490,97,#475b1d
491,97,#435717
492,97,#385015
493,97,#2f460e
494,97,#425b18
495,97,#45621d
496,97,#3b560e
497,97,#385615
498,97,#3b5816
499,97,#405b15
500,97,#375b19
501,97,#475816
502,97,#76753a
503,97,#7b724e
517,97,#10251e
518,97,#1f2d31
106,98,#4e453b
107,98,#6b5c43
108,98,#d2c4ac
111,98,#3f4742
112,98,#b79c73
113,98,#a7906b
114,98,#897d55
115,98,#5b582b
116,98,#5b5929
117,98,#6b5d38
118,98,#7d704a
119,98,#a48967
120,98,#866745
121,98,#ad916e
122,98,#cfac81
123,98,#b89772
124,98,#988057
125,98,#b9946e
126,98,#89724d
127,98,#c8a176
128,98,#e2c186
129,98,#b89a6b
130,98,#a08b60
131,98,#85764d
132,98,#7f7347
133,98,#6e653f
134,98,#686739
135,98,#5c5b2f
136,98,#666634
137,98,#666d2f
138,98,#595d22
139,98,#4d541e
140,98,#314009
141,98,#2c3e0c
142,98,#344614
143,98,#293a0c
144,98,#3b4e18
145,98,#2e430b
146,98,#3c5212
147,98,#304b08
148,98,#2d450b
149,98,#364b12
150,98,#2c4310
151,98,#30440f
152,98,#304714
153,98,#2d440f
154,98,#324514
155,98,#3c4d13
156,98,#435315
157,98,#435218
158,98,#394d10
159,98,#3f5316
160,98,#3e5414
161,98,#30440b
162,98,#29400c
163,98,#2d3f07
283,98,#4f4247
284,98,#9d7b61
285,98,#634f31
286,98,#7a6042
287,98,#a07752
288,98,#ac8665
289,98,#a47e5c
290,98,#bd9b7f
291,98,#c8a37f
292,98,#e0b388
293,98,#e7b38a
294,98,#f8bf90
295,98,#fccd9d
296,98,#f6c892
297,98,#fedb96
298,98,#ffeaa6
299,98,#f8d59b
300,98,#fbdd9c
301,98,#fed999
302,98,#fcda93
303,98,#fedd94
304,98,#fddb94
305,98,#fcd999
306,98,#fcd698
307,98,#fbdda1
308,98,#fff8b3
309,98,#fcf7ae
310,98,#ffefa7
311,98,#fde6a0
312,98,#fde799
313,98,#ffdf95
314,98,#fedc92
315,98,#ffda8b
316,98,#fff0a8
317,98,#fcd99d
318,98,#fcd59b
319,98,#fbd69b
320,98,#f9d798
321,98,#f6cf94
322,98,#f5d797
323,98,#f8d89b
324,98,#fbd79d
325,98,#fbdca6
326,98,#fde09d
327,98,#f9d29b
328,98,#fed890
329,98,#f6e2bc
331,98,#070f23
333,98,#fcfdd6
334,98,#fceebb
335,98,#fef3b5
336,98,#fceab1
337,98,#f9dba9
338,98,#f9d2a5
339,98,#feedbe
340,98,#fcf0bb
341,98,#ffe3b3
342,98,#fbf0b8
343,98,#fefcc5
344,98,#fffcce
345,98,#fdfecc
346,98,#fefacf
347,98,#f9fac2
348,98,#7b7f86
349,98,#b8af75
350,98,#656a31
351,98,#3f4c1c
352,98,#425127
353,98,#b19f68
354,98,#f8fbbd
355,98,#fefdc2
356,98,#f8f5bb
357,98,#fbf7c0
358,98,#e0d4a5
359,98,#f7e3b2
360,98,#e9c597
361,98,#cea479
362,98,#f6d8b2
363,98,#efd4a7
364,98,#e6ba93
365,98,#e5af89
366,98,#f9cd9b
367,98,#fde2aa
368,98,#f2d7a2
369,98,#fcd9a5
370,98,#fcd8a4
371,98,#fce4af
372,98,#ffeab4
373,98,#fdeab5
374,98,#fffac3
375,98,#fdfac9
376,98,#f6e1b9
377,98,#aa9060
378,98,#d7bf91
379,98,#f9eab9
380,98,#e4c794
381,98,#cebb76
382,98,#f2eaab
383,98,#c1a777
384,98,#a48a4f
385,98,#8f7954
386,98,#ae8d65
387,98,#b49368
388,98,#ab8c60
389,98,#e4c6a0
390,98,#c8ab89
391,98,#c1a387
392,98,#d6b58e
393,98,#eccca5
394,98,#9c7e5a
395,98,#ccae94
396,98,#f3ccb1
397,98,#cfb2a0
398,98,#c4a990
399,98,#c3a181
400,98,#caaf91
401,98,#c6b09c
402,98,#f0dbb2
403,98,#f9e7bd
404,98,#e7c59a
405,98,#dec09a
406,98,#e8c69c
407,98,#f9c998
408,98,#f6c492
409,98,#edbb8a
410,98,#f9dfb3
411,98,#a89b6e
412,98,#917c54
413,98,#ccb68d
414,98,#dfcfa5
415,98,#a68f65
416,98,#c0ae88
417,98,#ead3a2
418,98,#b3ad73
419,98,#d4c791
420,98,#aba66e
421,98,#87854c
422,98,#919254
423,98,#6b7334
424,98,#5f6e35
425,98,#5e6d34
426,98,#6f803e
427,98,#4c671e
428,98,#2e4409
429,98,#26380b
430,98,#22330b
431,98,#9a9c81
432,98,#a2a38b
433,98,#70583a
434,98,#b5976a
435,98,#ab9b72
436,98,#887243
437,98,#ceb78a
438,98,#a48f61
439,98,#b09d74
440,98,#998159
441,98,#8a7f50
442,98,#5d5753
443,98,#9b8c46
444,98,#9b8658
445,98,#998752
446,98,#897a46
447,98,#a49266
448,98,#8a7947
449,98,#81763e
450,98,#63654a
451,98,#2e2f2b
452,98,#656134
453,98,#636031
454,98,#64612b
455,98,#403c13
456,98,#7d795e
457,98,#656740
458,98,#4b4e29
459,98,#3d3c19
460,98,#333311
461,98,#666538
462,98,#48451c
463,98,#4f5025
464,98,#3d3f1a
465,98,#434a1b
466,98,#4e4f23
467,98,#38420a
468,98,#333c10
469,98,#2e3419
470,98,#434f28
471,98,#46502e
472,98,#3b5414
473,98,#425f1b
474,98,#495621
475,98,#4d5a24
476,98,#3d4c13
477,98,#384e0b
478,98,#3c5011
479,98,#384a10
480,98,#36450e
481,98,#3b4c15
482,98,#44591e
483,98,#374b16
484,98,#2f430e
485,98,#2d450a
486,98,#4c6522
487,98,#4d6519
488,98,#476618
489,98,#456112
490,98,#54641b
491,98,#52661e
492,98,#364e10
493,98,#2f460f
494,98,#3a5119
495,98,#435919
496,98,#35500f
497,98,#335010
498,98,#304a0b
499,98,#3b5315
500,98,#3f5c1d
501,98,#476b1d
502,98,#767a35
503,98,#556022
504,98,#0f2333
107,99,#957156
108,99,#b59674
112,99,#9d835d
113,99,#ad9875
114,99,#957d5c
115,99,#5f5f2e
116,99,#525b24
117,99,#69653b
118,99,#63633b
119,99,#5f5734
120,99,#9f8560
121,99,#a3835e
122,99,#93704d
123,99,#997c54
124,99,#bb9970
125,99,#958059
126,99,#a58b69
127,99,#897247
128,99,#9b8458
129,99,#a1885b
130,99,#867549
131,99,#83774f
132,99,#7d6f49
133,99,#776e45
134,99,#5e5b30
135,99,#686737
136,99,#656531
137,99,#515a1f
138,99,#565e25
139,99,#515e23
140,99,#3b490f
141,99,#32430c
142,99,#2f400b
143,99,#30410b
144,99,#415315
145,99,#596f2a
146,99,#51631c
147,99,#2a4207
148,99,#394f0f
149,99,#192810
150,99,#3c501b
151,99,#1e330c
152,99,#172919
153,99,#202e21
154,99,#19211e
156,99,#181f21
157,99,#35450a
158,99,#2d460c
159,99,#394b1e
160,99,#32480b
161,99,#45591a
162,99,#2d4204
163,99,#415315
284,99,#c0946c
285,99,#c19269
286,99,#ca9c78
287,99,#b78969
288,99,#b58a6d
289,99,#b88d6e
290,99,#cca481
291,99,#e0ad83
292,99,#f7b78a
293,99,#f1b88c
294,99,#fcc691
295,99,#fcc091
296,99,#ffdc9e
297,99,#fedf97
298,99,#fddc97
299,99,#f9d896
300,99,#fadb95
301,99,#ffe69d
302,99,#ffeda1
303,99,#fbde9a
304,99,#ffe5a5
305,99,#fee4a5
306,99,#fdd99b
307,99,#fbe4a2
308,99,#fff6b0
309,99,#fdeea8
310,99,#fbe8a3
311,99,#fee69f
312,99,#fedf92
313,99,#ffcd86
314,99,#fbcd85
315,99,#f7df99
316,99,#ece3a2
317,99,#fedca4
318,99,#fdd49e
319,99,#ffcd9b
320,99,#ffc193
321,99,#fdc693
322,99,#fbd89f
323,99,#fcd99f
324,99,#fbd89e
325,99,#f8de99
326,99,#f2d195
327,99,#f0dca9
328,99,#ece0aa
329,99,#fefabb
330,99,#fdfbb6
331,99,#d1cdbe
332,99,#e8e6c1
333,99,#fef9be
334,99,#fffcc0
335,99,#ffffde
336,99,#fdf9c7
337,99,#fffdcd
338,99,#fef7c5
339,99,#faf6bf
340,99,#fff7c2
341,99,#fef2be
342,99,#f6d5a8
343,99,#fef4c0
344,99,#fcfcd4
345,99,#f8f2cd
346,99,#e5c481
347,99,#f4e2a0
348,99,#f2e6a9
349,99,#f3e8ad
350,99,#faeda5
351,99,#a49666
352,99,#fbedb6
353,99,#faf6c0
354,99,#fdfcc1
355,99,#fbf9b9
356,99,#fffad1
357,99,#ede1a8
358,99,#f5eab7
359,99,#f7daaa
360,99,#fff7c9
361,99,#f9cca2
362,99,#f0c99e
363,99,#e9b985
364,99,#fff0b6
365,99,#fcdba7
366,99,#ffe9b3
367,99,#fbe5a7
368,99,#feeeb6
369,99,#feeeb8
370,99,#ffecb6
371,99,#fdeab5
372,99,#fbe3b2
373,99,#fff4c0
374,99,#ffefb9
375,99,#fdf0b9
376,99,#fef2c3
377,99,#f4e5b0
378,99,#fcecc1
379,99,#ebd0a7
380,99,#b7b886
381,99,#ccc8a5
382,99,#fae9b2
383,99,#e3d19d
384,99,#d8bb89
385,99,#b79c6e
386,99,#b69872
387,99,#876e49
388,99,#b4926c
389,99,#9e7b54
390,99,#eccfa4
391,99,#b49672
392,99,#af9470
393,99,#ae8f6f
394,99,#a7845f
395,99,#a2865e
396,99,#d2af93
397,99,#cba78a
398,99,#b99a7d
399,99,#b7947a
400,99,#e5ccae
401,99,#d1b79d
402,99,#ddc5a6
403,99,#e2c69d
404,99,#e0c092
405,99,#e1c096
406,99,#d7b184
407,99,#ecc491
408,99,#e9be91
409,99,#e3b685
410,99,#c9b68c
411,99,#e2cda5
412,99,#9e8b62
413,99,#cbb88d
414,99,#dfcfa0
415,99,#b8a271
416,99,#b5a072
417,99,#c7be7e
418,99,#9a9a5c
419,99,#837f45
420,99,#8b8e57
421,99,#8a9054
422,99,#969860
423,99,#798445
424,99,#728040
425,99,#647137
426,99,#596b31
427,99,#4c5c1e
428,99,#445b15
429,99,#465c1b
430,99,#354811
431,99,#2d3d0d
432,99,#53593d
433,99,#43482f
434,99,#69634c
435,99,#8e8463
436,99,#bcb19a
437,99,#c7af81
438,99,#8e7942
439,99,#a28e59
440,99,#977c4d
441,99,#86814d
442,99,#99834c
443,99,#9c825b
444,99,#88763a
445,99,#8d7a47
446,99,#89693c
447,99,#817343
448,99,#887d50
449,99,#817340
450,99,#c8c9b4
451,99,#686d37
452,99,#585b30
453,99,#a29c78
454,99,#837e58
455,99,#6e6d57
456,99,#7a786b
457,99,#3e3f2f
458,99,#8e917e
459,99,#4e4d3a
460,99,#4e492b
461,99,#584f30
462,99,#665c3b
463,99,#484e1d
464,99,#4a4f24
465,99,#29280b
466,99,#535328
467,99,#2e360c
468,99,#394016
469,99,#5c6436
470,99,#37411e
471,99,#26350c
472,99,#3e5710
473,99,#3c5111
474,99,#4b5822
475,99,#44511b
476,99,#48571e
477,99,#495b1d
478,99,#425116
479,99,#47541e
480,99,#364a0e
481,99,#405818
482,99,#324c0c
483,99,#274007
484,99,#2b440d
485,99,#334a11
486,99,#455f19
487,99,#3a5b13
488,99,#355b0d
489,99,#395812
490,99,#4a621f
491,99,#485f19
492,99,#3f5716
493,99,#3e5713
494,99,#3f5813
495,99,#324c0c
496,99,#253c06
497,99,#2f4712
498,99,#273f05
499,99,#3a5312
500,99,#546d26
501,99,#7e7d3c
502,99,#a18a3f
503,99,#5d6a3d
504,99,#0e202b
517,99,#202a35
107,100,#b0a179
108,100,#c09d7d
109,100,#877d65
112,100,#c9a68a
113,100,#937958
114,100,#79714a
115,100,#565525
116,100,#536025
117,100,#555d2c
118,100,#464b20
119,100,#42421c
120,100,#645e38
121,100,#725c3c
122,100,#896e51
123,100,#aa8e66
124,100,#aa916a
125,100,#927f57
126,100,#9c805d
127,100,#a28357
128,100,#9c855a
129,100,#866f45
130,100,#ac9262
131,100,#96875a
132,100,#65613b
133,100,#4e4f25
134,100,#505826
135,100,#565e25
136,100,#565920
137,100,#54581f
138,100,#636a34
139,100,#606b2f
140,100,#5c632d
141,100,#758039
142,100,#4e6121
143,100,#344220
144,100,#202a1d
145,100,#3f4f20
146,100,#394b19
147,100,#38521a
148,100,#3a5918
149,100,#172603
150,100,#263512
151,100,#0d2114
157,100,#172620
158,100,#27361b
161,100,#415213
162,100,#3d4e18
163,100,#394917
164,100,#2b381b
283,100,#b79c8e
284,100,#a57550
285,100,#d4a77e
286,100,#aa7e5b
287,100,#c59a77
288,100,#d9ae8c
289,100,#edbb96
290,100,#e0ac83
291,100,#f8bf92
292,100,#fcc293
293,100,#fbca9b
294,100,#fbc58c
295,100,#d09c6d
296,100,#f3b990
297,100,#f9d691
298,100,#fee396
299,100,#fce49d
300,100,#fff2a8
301,100,#fee6a1
302,100,#fddda2
303,100,#ebb98b
304,100,#fbd0a3
305,100,#fbcc99
306,100,#ffe0a4
307,100,#fee09d
308,100,#fed890
309,100,#fde09e
310,100,#f8dc9a
311,100,#fee199
312,100,#edca81
313,100,#f1cb84
314,100,#fceca9
315,100,#fceeb3
316,100,#fbecb2
317,100,#f5d7a1
318,100,#fbd29e
319,100,#fec092
320,100,#fdbe90
321,100,#fbc694
322,100,#ffd09d
323,100,#fee0a7
324,100,#ffe3aa
325,100,#fce1a3
326,100,#ffe1a4
327,100,#f8d99e
328,100,#fef2b9
329,100,#faf8c4
330,100,#fcfcc4
331,100,#fefcd8
332,100,#fdfacd
333,100,#f6f2bf
334,100,#fffbc7
335,100,#fdffd9
336,100,#f8fad0
337,100,#fff7c4
338,100,#fff7c3
339,100,#f0ecbb
340,100,#fefddc
341,100,#f7f5c5
342,100,#f7f1c2
343,100,#fefdcd
344,100,#fdf8c2
345,100,#fbe9af
346,100,#f3e39f
347,100,#fef3ac
348,100,#fffab2
349,100,#fff9b5
350,100,#fdeca7
351,100,#efdfa3
352,100,#e9ca9e
353,100,#f3d7a0
354,100,#d0ddbe
355,100,#efedb7
356,100,#e1cf97
357,100,#f0d3a0
358,100,#c4a177
359,100,#e4b37c
360,100,#efc696
361,100,#f8c48c
362,100,#e5ac82
363,100,#ffc28d
364,100,#f4be88
365,100,#f3cb8e
366,100,#ffdba1
367,100,#fcd897
368,100,#fddc9f
369,100,#fde0aa
370,100,#fae3ab
371,100,#fce5b0
372,100,#f6e0a8
373,100,#ffe8b3
374,100,#ffe9af
375,100,#fee8b3
376,100,#fcf0b8
377,100,#ffedbb
378,100,#fde6b6
379,100,#f5e0b6
380,100,#dae3be
381,100,#013920
383,100,#060c17
384,100,#cbb17e
385,100,#c9ae7f
386,100,#aa8f62
387,100,#b49a68
388,100,#c8ae87
389,100,#dec39c
390,100,#d7b98e
391,100,#d5ba8b
392,100,#c3a581
393,100,#aa8d6b
394,100,#9e8365
395,100,#bc9c78
396,100,#97785d
397,100,#c6a28d
398,100,#bfa08a
399,100,#cfb69f
400,100,#c3a98f
401,100,#9e866e
402,100,#809f74
403,100,#777260
404,100,#e8c49b
405,100,#eac193
406,100,#e2c39f
407,100,#d9bc98
408,100,#dfb989
409,100,#f9edc0
410,100,#c6ac87
411,100,#d2bd94
412,100,#bca776
413,100,#dbc498
414,100,#c8b386
415,100,#ceba85
416,100,#9f8a6a
417,100,#8f9342
418,100,#949557
419,100,#949865
420,100,#7f834b
421,100,#a8a771
422,100,#c8bd8b
423,100,#b1b179
424,100,#8f9459
425,100,#78833d
426,100,#657336
427,100,#4f6627
428,100,#5b6f29
429,100,#4d6119
430,100,#4b621a
431,100,#3a4c16
432,100,#344413
433,100,#344510
434,100,#20300f
435,100,#383f26
436,100,#283212
437,100,#646246
438,100,#b09e70
439,100,#816f46
440,100,#b5a56f
441,100,#867b4c
442,100,#998353
443,100,#847643
444,100,#937d54
445,100,#79603f
446,100,#72663f
447,100,#6a6035
448,100,#574f20
449,100,#534c22
450,100,#6f6736
451,100,#645a29
452,100,#636430
453,100,#515023
454,100,#b2ad8d
455,100,#434327
456,100,#4a4d32
457,100,#4a4e31
458,100,#445137
459,100,#6f7362
460,100,#6a684c
461,100,#93876b
462,100,#55532a
463,100,#49441c
464,100,#41421b
465,100,#5b5835
466,100,#3d3f19
467,100,#404815
468,100,#3b4019
469,100,#5c5d39
470,100,#30401b
471,100,#2c3f0f
472,100,#3a4f12
473,100,#3c5110
474,100,#435517
475,100,#435217
476,100,#405316
477,100,#48581a
478,100,#425418
479,100,#2e4109
480,100,#2f4507
481,100,#2e460a
482,100,#31490c
483,100,#2c430d
484,100,#2c430d
485,100,#314a10
486,100,#3e5817
487,100,#3f5d16
488,100,#3a530f
489,100,#3d5517
490,100,#344d0b
491,100,#385212
492,100,#3b5817
493,100,#4b661e
494,100,#324f0d
495,100,#29450b
496,100,#29440f
497,100,#2a4511
498,100,#324d19
499,100,#324b0f
500,100,#3f5817
501,100,#344e11
502,100,#36510f
503,100,#41522f
108,101,#1d1217
109,101,#98785b
110,101,#c6af90
111,101,#4f4b52
112,101,#8b8273
113,101,#e0c393
114,101,#c6a479
115,101,#8c8154
116,101,#616830
117,101,#384b0e
118,101,#3f4c17
119,101,#3d4217
120,101,#554c28
121,101,#746544
122,101,#826a47
123,101,#b99c6f
124,101,#927c4e
125,101,#cab184
126,101,#856c46
127,101,#8c724b
128,101,#8a754b
129,101,#8f825e
130,101,#7c704c
131,101,#867754
132,101,#767045
133,101,#6d6a3a
134,101,#5b5c25
135,101,#696933
136,101,#72713d
137,101,#55581e
138,101,#4c5119
139,101,#586225
140,101,#364a0a
141,101,#41531c
147,101,#19251d
148,101,#2a3b13
149,101,#2d3829
151,101,#374c13
162,101,#56652c
163,101,#364511
164,101,#384709
282,101,#71604f
283,101,#edb58c
284,101,#d6ac88
285,101,#bd936d
286,101,#cea380
287,101,#e5b993
288,101,#e3b792
289,101,#e9b78c
290,101,#fac593
291,101,#fecb9d
292,101,#f8c697
293,101,#f3bc8f
294,101,#eebc88
295,101,#f3c18d
296,101,#f1bf85
297,101,#f3c890
298,101,#fee9a3
299,101,#feedaa
300,101,#fadea3
301,101,#fae1ab
302,101,#f2bd8f
303,101,#fbd0a8
304,101,#dfae83
305,101,#f7ca9e
306,101,#edbd8a
307,101,#f9bb81
308,101,#fbd58d
309,101,#ffdf9f
310,101,#fed998
311,101,#f3d793
312,101,#fdf3b0
313,101,#f7dda1
314,101,#fbe5ac
315,101,#e3bb87
316,101,#f7c393
317,101,#fecf9c
318,101,#fcd09c
319,101,#fbca99
320,101,#fdca96
321,101,#ffc99b
322,101,#f4c694
323,101,#ffd3a1
324,101,#fedca8
325,101,#f8d09c
326,101,#f7dcaa
327,101,#f5d59e
328,101,#fceeb5
329,101,#fcf1bb
330,101,#f9f9cf
331,101,#fcf5b9
332,101,#f5f2c1
333,101,#fdfcc9
334,101,#fbefb9
335,101,#f9eeb8
336,101,#fefcd4
337,101,#fbf8ca
338,101,#fafac4
339,101,#fdfcca
340,101,#fdfcca
341,101,#fefdcc
342,101,#e3dd9f
343,101,#fbf6b9
344,101,#fdf4bf
345,101,#f4deaa
346,101,#f8f3ad
347,101,#fdeca5
348,101,#f9e39f
349,101,#fcdc9e
350,101,#f1f4cb
351,101,#8a8d62
352,101,#f5cf9c
353,101,#dbb58b
354,101,#140d15
355,101,#d6c08d
356,101,#fdeab4
357,101,#ac9c6a
358,101,#b5855c
359,101,#ebbc92
360,101,#f0d194
361,101,#edac77
362,101,#f8b786
363,101,#f9bb83
364,101,#fec695
365,101,#fac688
366,101,#f8c285
367,101,#fac882
368,101,#ffc988
369,101,#ffc58a
370,101,#fdc68f
371,101,#ffd49c
372,101,#fee7af
373,101,#ffeab6
374,101,#fde4af
375,101,#f6e0a7
376,101,#f9e2a9
377,101,#f4e6b2
378,101,#fff3bf
379,101,#fcf1c3
380,101,#011b0a
384,101,#bcceb4
385,101,#e3c990
386,101,#f1d6a5
387,101,#ab8963
388,101,#e1c596
389,101,#b09165
390,101,#bda176
391,101,#e4cc9d
392,101,#886b43
393,101,#d0b78f
394,101,#baa27e
395,101,#7f6944
396,101,#8b7758
397,101,#b19781
398,101,#b79e88
399,101,#ddc7b0
400,101,#dac0a5
401,101,#ddc5aa
402,101,#b3ae8c
403,101,#c3ab8f
404,101,#bca686
405,101,#c2a585
406,101,#a49780
407,101,#d7b999
408,101,#e1cfad
409,101,#b9a588
410,101,#cbb38d
411,101,#ccaf86
412,101,#f5e8b7
413,101,#fdeabb
414,101,#e2c596
415,101,#e9d098
416,101,#c4af7e
417,101,#b3b474
418,101,#a9ab74
419,101,#b0a571
420,101,#eacf97
421,101,#d4c28f
422,101,#ccbb86
423,101,#d8c291
424,101,#d5bc91
425,101,#a19d66
426,101,#7a7d39
427,101,#6e7d38
428,101,#63712b
429,101,#576e21
430,101,#58701f
431,101,#486216
432,101,#455b1b
433,101,#34480c
434,101,#4d5d2d
435,101,#3f4f1e
436,101,#313c15
437,101,#535843
438,101,#5a5231
439,101,#d3c89f
440,101,#746133
441,101,#92814c
442,101,#7d704c
443,101,#675a2e
444,101,#696337
445,101,#5f5329
446,101,#766b3e
447,101,#84784a
448,101,#6b6332
449,101,#60592b
450,101,#68682a
451,101,#6a6634
452,101,#585527
453,101,#565624
454,101,#494a28
455,101,#666641
456,101,#2e3116
457,101,#7c8471
458,101,#3a4824
459,101,#828b74
460,101,#bec5b1
461,101,#b6b6a4
462,101,#847f62
463,101,#49442f
464,101,#3a3617
465,101,#4f512a
466,101,#3d401b
467,101,#353912
468,101,#3b4123
469,101,#4a4f30
470,101,#2d3d0e
471,101,#2e410b
472,101,#3b4e13
473,101,#3a4f0c
474,101,#3f5413
475,101,#3f5413
476,101,#465419
477,101,#3b4e10
478,101,#3f5517
479,101,#364e10
480,101,#2c4108
481,101,#30480a
482,101,#2e4906
483,101,#2a4407
484,101,#375016
485,101,#36500f
486,101,#3b5613
487,101,#455e1d
488,101,#3c5214
489,101,#344f12
490,101,#2a430c
491,101,#384f17
492,101,#3f5612
493,101,#49662d
494,101,#446025
495,101,#284608
496,101,#29440f
497,101,#243f08
498,101,#385016
499,101,#43551c
500,101,#3b5113
501,101,#344c12
502,101,#496026
110,102,#7f5f4d
111,102,#c5ad87
114,102,#c0a576
115,102,#9c8b60
116,102,#6d6d39
117,102,#394e10
118,102,#484f1e
119,102,#424621
120,102,#58552f
121,102,#605c36
122,102,#685a37
123,102,#8c7655
124,102,#ad936e
125,102,#b08f6b
126,102,#9a7654
127,102,#7c6040
128,102,#c2ad85
129,102,#867c5d
130,102,#5f603a
131,102,#827156
132,102,#8b7e4c
133,102,#938259
134,102,#7f754c
135,102,#726e3e
136,102,#706c3f
137,102,#615c26
138,102,#4f6221
139,102,#1f3a1f
162,102,#4a5720
163,102,#3e4d10
164,102,#4b541d
165,102,#3f5120
272,102,#4c4a42
276,102,#6c5840
280,102,#06091a
281,102,#f0cda1
282,102,#b48e6a
283,102,#d4ad84
284,102,#d0a37d
285,102,#f4ba91
286,102,#f6cc9c
287,102,#fcd2a1
288,102,#f8d198
289,102,#fbcb96
290,102,#fadc9f
291,102,#f4d09a
292,102,#ffca8a
293,102,#f8c98a
294,102,#f6c687
295,102,#fbcc8a
296,102,#fad89a
297,102,#fae3a2
298,102,#fbdc9c
299,102,#fff1ba
300,102,#fcdbac
301,102,#f8c097
302,102,#eabc94
303,102,#dfae8e
304,102,#e0af8b
305,102,#ecb890
306,102,#f7c897
307,102,#edc694
308,102,#fbe9af
309,102,#fdedb4
310,102,#feefb2
311,102,#f7dba4
312,102,#fbd69d
313,102,#f9d699
314,102,#f7d491
315,102,#fdd497
316,102,#fcd59a
317,102,#f6d197
318,102,#f9ce88
319,102,#fcd793
320,102,#f3cb8b
321,102,#ecb38a
322,102,#fbeaaf
323,102,#e7be8f
324,102,#eec993
325,102,#f0c294
326,102,#fcdaad
327,102,#f3d5a0
328,102,#ecd4a1
329,102,#fff8c5
330,102,#f3f3b7
331,102,#fbf9c7
332,102,#fefec7
333,102,#fbf8c4
334,102,#fef0b9
335,102,#fff0ba
336,102,#ffedbb
337,102,#fefecd
338,102,#fffec6
339,102,#ffffc6
340,102,#fdfebd
341,102,#fefec0
342,102,#fcfac2
343,102,#fdfbbd
344,102,#fdfbc8
345,102,#fcfbca
346,102,#f5ecb7
347,102,#fbfcbd
348,102,#e8da9f
349,102,#f6da9e
350,102,#f3e0a6
351,102,#c8c6a6
352,102,#fcf5c2
353,102,#f0da9e
354,102,#e5c69a
355,102,#151c15
356,102,#906b4c
357,102,#0f0121
358,102,#be9a74
359,102,#dca98c
360,102,#f9cea0
361,102,#dfb687
362,102,#e3c08f
363,102,#f0c499
364,102,#fecc95
365,102,#fae29b
366,102,#f4e99d
367,102,#f8df91
368,102,#fed89a
369,102,#fcce92
370,102,#fed28e
371,102,#fdc587
372,102,#fcc79e
373,102,#f5ca8f
374,102,#f9daa7
375,102,#f4c999
376,102,#fbdfab
377,102,#fdd3a0
378,102,#fddaa4
379,102,#f5dea7
380,102,#f2edc1
385,102,#d0c3a7
386,102,#c5a978
387,102,#c6a770
388,102,#caaf7f
389,102,#987a4d
390,102,#e3c894
391,102,#ba9c6f
392,102,#a58d6a
393,102,#b69d70
394,102,#907c5e
395,102,#867554
396,102,#e3c49d
397,102,#a28b71
398,102,#b19c88
399,102,#b59d8c
400,102,#a78d71
401,102,#c9af91
402,102,#a09178
403,102,#dac9ae
404,102,#cab190
405,102,#d8c3a0
406,102,#d5b691
407,102,#beb58f
408,102,#fbe1b5
409,102,#d5c19c
410,102,#ddc89d
411,102,#cebc9a
412,102,#fef9c9
413,102,#586328
414,102,#73783c
415,102,#9b9b5f
416,102,#87874e
417,102,#dcce98
418,102,#d8bc85
419,102,#f3d797
420,102,#ecd497
421,102,#ddc694
422,102,#d3bf8c
423,102,#d1b785
424,102,#b4a576
425,102,#a49e6a
426,102,#989061
427,102,#99975f
428,102,#838244
429,102,#6a762d
430,102,#6c7732
431,102,#6a712e
432,102,#556d1f
433,102,#416216
434,102,#39550a
435,102,#546e25
436,102,#3b4e19
437,102,#445126
438,102,#41522c
439,102,#606b50
440,102,#5c6350
441,102,#414733
442,102,#c1bbab
443,102,#a2926c
444,102,#a29065
445,102,#7e6b43
446,102,#af9d6e
447,102,#a89453
448,102,#8c7a4a
449,102,#7d6f38
450,102,#918556
451,102,#696137
452,102,#605028
453,102,#9c8a59
454,102,#7e775a
455,102,#656a5e
456,102,#313922
457,102,#304215
458,102,#303f17
459,102,#21330a
460,102,#d0d8ca
461,102,#c3cab2
462,102,#606745
463,102,#585b49
464,102,#676e55
465,102,#4b4d2a
466,102,#40461c
467,102,#252810
468,102,#333d15
469,102,#293710
470,102,#313f0a
471,102,#454e1a
472,102,#2f4011
473,102,#32430e
474,102,#3f5116
475,102,#394f0f
476,102,#33490b
477,102,#3a5010
478,102,#3b5113
479,102,#384e12
480,102,#3f5315
481,102,#374c14
482,102,#375015
483,102,#2a460a
484,102,#263e08
485,102,#2f470f
486,102,#344c0e
487,102,#3c5b13
488,102,#3a4d10
489,102,#223a08
490,102,#2e450f
491,102,#324a0e
492,102,#3f5713
493,102,#4d6821
494,102,#374f12
495,102,#435d24
496,102,#3d561f
497,102,#273f0b
498,102,#223a01
499,102,#304910
500,102,#2c460a
501,102,#2c430e
502,102,#3a552c
108,103,#464041
109,103,#424444
110,103,#f6d8aa
111,103,#b08c71
115,103,#2f2221
116,103,#7c744d
117,103,#3e5816
118,103,#2e410a
119,103,#43481e
120,103,#4d4924
121,103,#5c5430
122,103,#6d613a
123,103,#7f6d47
124,103,#a38a61
125,103,#9c835d
126,103,#846840
127,103,#c5aa7c
128,103,#a99161
129,103,#8b7b57
130,103,#4a4123
131,103,#a18e5b
132,103,#98865c
133,103,#948157
134,103,#857849
135,103,#81754b
136,103,#767248
137,103,#6b7b3a
162,103,#464e1b
163,103,#546325
164,103,#3d4c14
165,103,#3f511b
273,103,#201627
278,103,#f7eec9
279,103,#ebd2a2
280,103,#ffe6ac
281,103,#e6ba91
282,103,#f8d2a3
283,103,#eeb989
284,103,#f3b88e
285,103,#fdd7a6
286,103,#fac89d
287,103,#fbe9b4
288,103,#fdedb1
289,103,#fdecae
290,103,#f1d693
291,103,#f5cc8c
292,103,#ffd192
293,103,#fed79a
294,103,#f7cd90
295,103,#f1cd8f
296,103,#f0ca89
297,103,#f6e9a6
298,103,#fdefaf
299,103,#faddaa
300,103,#f7c79c
301,103,#f4be97
302,103,#ca9a80
303,103,#fbca9b
304,103,#f5c394
305,103,#e0b185
306,103,#efbf94
307,103,#f9f1bb
308,103,#fff4bc
309,103,#fddda7
310,103,#f8d198
311,103,#f7dc93
312,103,#fed385
313,103,#fcd98f
314,103,#eeb47d
315,103,#f4af75
316,103,#fab87f
317,103,#eca673
318,103,#f8c583
319,103,#f5c47f
320,103,#efc177
321,103,#fcd39e
322,103,#fef0b2
323,103,#efcc99
324,103,#fdeeac
325,103,#f8e3a8
326,103,#f2e4b0
327,103,#bf966d
328,103,#b78d6d
329,103,#c19b7c
330,103,#fcdfb2
331,103,#f9f9bf
332,103,#fbfdc6
333,103,#fffecd
334,103,#f9ebb6
335,103,#fee0aa
336,103,#fee2ae
337,103,#fefdd0
338,103,#fefdc6
339,103,#fffcbe
340,103,#f7e7a9
341,103,#fff7ba
342,103,#fdfdc3
343,103,#fefeba
344,103,#feffb6
345,103,#fdfdb8
346,103,#fcf6b1
347,103,#f3e7a7
348,103,#fbe4ab
349,103,#fbfdbf
350,103,#fadaa1
351,103,#777c5f
352,103,#fcf8ca
353,103,#ebd69f
354,103,#c09d71
355,103,#c4a173
357,103,#131626
359,103,#936f51
360,103,#aa805e
361,103,#c89e7e
362,103,#e6bb99
363,103,#edbf96
364,103,#f8e2ac
365,103,#f9f8b2
366,103,#f3e9a3
367,103,#fad79c
368,103,#f8ce91
369,103,#f6c292
370,103,#f7c892
371,103,#ffd49e
372,103,#f7c88d
373,103,#fdc893
374,103,#fbc58e
375,103,#fbdba5
376,103,#f4d5a0
377,103,#f7d099
378,103,#f9e0ab
379,103,#f9e7b6
380,103,#fcf8c2
381,103,#708862
385,103,#0b1624
386,103,#818b70
387,103,#e3cf99
388,103,#d7bf92
389,103,#d5bf8c
390,103,#c0a977
391,103,#e4cda1
392,103,#aa9776
393,103,#948864
394,103,#b19c7a
395,103,#c9b993
396,103,#a08d60
397,103,#bea489
398,103,#8a7561
399,103,#a18776
400,103,#b8a38f
401,103,#a08b74
402,103,#b7a689
403,103,#c5b49a
404,103,#d8c0a2
405,103,#e9d5b2
406,103,#dbb889
407,103,#deb88d
408,103,#dac09f
409,103,#d0b89b
410,103,#bfa781
411,103,#a79372
412,103,#cdb680
413,103,#828a49
414,103,#8c834a
415,103,#928b4f
416,103,#fbebb3
417,103,#e0cc93
418,103,#dcc68d
419,103,#e5d198
420,103,#dfc592
421,103,#f0d6a5
422,103,#b7a877
423,103,#b2a26f
424,103,#a59d6d
425,103,#82834e
426,103,#878251
427,103,#a79c6a
428,103,#81874d
429,103,#67712c
430,103,#6d752f
431,103,#737a38
432,103,#798741
433,103,#597228
434,103,#4e661a
435,103,#648132
436,103,#577125
437,103,#445a1c
438,103,#385110
439,103,#42591c
440,103,#2b460a
441,103,#2e4207
442,103,#273916
443,103,#57604d
444,103,#8b8c88
445,103,#8b8e82
446,103,#a7a297
447,103,#9e9c8b
448,103,#8f8653
449,103,#73796b
450,103,#b4b6b0
451,103,#b1b6af
452,103,#9d9e9a
453,103,#b2ae96
454,103,#aba8a5
455,103,#3d4c26
456,103,#2d3c18
457,103,#495f27
458,103,#3b5015
459,103,#45621b
460,103,#3c5319
461,103,#3a4830
462,103,#5f6d4f
463,103,#59633d
464,103,#465229
465,103,#2e3a0c
466,103,#3b4416
467,103,#2f3a10
468,103,#2d3608
469,103,#313910
470,103,#344011
471,103,#4b5122
472,103,#3b4d17
473,103,#33480d
474,103,#364c0d
475,103,#394e13
476,103,#334909
477,103,#3b5110
478,103,#3d5313
479,103,#3a5012
480,103,#3c5117
481,103,#2c430d
482,103,#344e0d
483,103,#324f0e
484,103,#31490e
485,103,#40591a
486,103,#3e5414
487,103,#3a5512
488,103,#435919
489,103,#3c5517
490,103,#385215
491,103,#405714
492,103,#2e4705
493,103,#4a6323
494,103,#3f571d
495,103,#223a08
496,103,#1c3502
497,103,#2d4512
498,103,#253c06
499,103,#233c05
500,103,#273f07
501,103,#667d3a
109,104,#b6a87c
110,104,#dcc496
111,104,#d3b189
112,104,#856d4d
115,104,#110d24
116,104,#9f8260
117,104,#626b36
118,104,#536a2c
119,104,#3b4216
120,104,#42431c
121,104,#5f5635
122,104,#796f4a
123,104,#887856
124,104,#856d47
125,104,#8a734b
126,104,#8c7648
127,104,#9d8758
128,104,#ceba85
129,104,#e9dda7
130,104,#8b7f4f
131,104,#a79362
132,104,#a59560
133,104,#a99467
134,104,#a08e60
135,104,#a48d65
136,104,#877e51
137,104,#5a5c30
162,104,#56642d
163,104,#4a5a1a
164,104,#48521c
165,104,#4d5c23
166,104,#15151d
168,104,#174855
169,104,#0b2033
277,104,#2b2a23
278,104,#fcd4a1
279,104,#ffe1b4
280,104,#ffe3b0
281,104,#c29f78
282,104,#dcb18a
283,104,#f8ba8d
284,104,#fdc08c
285,104,#ffd6a2
286,104,#fdd9a5
287,104,#fff3b7
288,104,#f6dca6
289,104,#f9d59a
290,104,#fcd99d
291,104,#efbb89
292,104,#efbe8e
293,104,#f9c99d
294,104,#fccd9d
295,104,#f6ce90
296,104,#f6e19a
297,104,#fff3ae
298,104,#fffdbb
299,104,#fddba7
300,104,#fdcc97
301,104,#fcce98
302,104,#fbcc95
303,104,#ffd8a1
304,104,#fee1a6
305,104,#fbd89c
306,104,#fee3b0
307,104,#fde1a5
308,104,#f7d19a
309,104,#f4ca97
310,104,#f8d99c
311,104,#dcb674
312,104,#fade91
313,104,#f8cb8b
314,104,#ffc994
315,104,#fdc890
316,104,#f6c08a
317,104,#fdcc93
318,104,#fbc58f
319,104,#feca8a
320,104,#f7be74
321,104,#f9cc89
322,104,#ffea9e
323,104,#fffbb5
324,104,#fde2a3
325,104,#fffbc2
326,104,#ffeebe
327,104,#d5b28e
328,104,#987b65
329,104,#a78c74
330,104,#caaf89
331,104,#fdeeb4
332,104,#feffcb
333,104,#ffffcf
334,104,#fffac4
335,104,#ffe3b0
336,104,#fbe6af
337,104,#fffbcd
338,104,#fdffc6
339,104,#fff8b8
340,104,#ffebac
341,104,#fee4ab
342,104,#fdfdca
343,104,#fcfcc2
344,104,#fffeb5
345,104,#f9f5aa
346,104,#f8f6c7
347,104,#f9f6be
348,104,#fbfcbc
349,104,#fff3b7
350,104,#fafac1
351,104,#aaa682
352,104,#fbf3c7
353,104,#f7dfaa
354,104,#efc391
355,104,#79552d
356,104,#4c4b58
359,104,#52403d
360,104,#ab8e6c
361,104,#b99a7d
362,104,#957358
363,104,#fbf4bb
364,104,#fff7c0
365,104,#efe2a9
366,104,#f3e0a7
367,104,#fee9b2
368,104,#e2ba99
369,104,#f0c5a3
370,104,#dcb28e
371,104,#e3bf88
372,104,#fad59c
373,104,#f6c48a
374,104,#fecb8f
375,104,#fec58b
376,104,#ffe1ac
377,104,#fbddae
378,104,#fbf1bc
379,104,#fffac6
380,104,#fefccd
381,104,#fcf7c1
382,104,#5b7760
387,104,#25222b
388,104,#b6ae7e
389,104,#d3c499
390,104,#b5a073
391,104,#c1ab81
392,104,#ddc895
393,104,#d5c8a8
394,104,#eee4b7
395,104,#9f8d63
396,104,#ae966c
397,104,#e3cda7
398,104,#faeece
399,104,#fdebce
400,104,#c3af90
401,104,#cab69d
402,104,#aa9274
403,104,#b09f85
404,104,#ae9c84
405,104,#9f8c70
406,104,#b7a78a
407,104,#b6a086
408,104,#bca785
409,104,#bba98e
410,104,#c9b592
411,104,#a99675
412,104,#e2d3a0
413,104,#d4c790
414,104,#d7ce92
415,104,#efd8a0
416,104,#e0c68b
417,104,#f7e29f
418,104,#e6ce92
419,104,#ccb884
420,104,#dbbd8e
421,104,#cab684
422,104,#b4a77b
423,104,#9a9261
424,104,#9b9364
425,104,#8c8b56
426,104,#7f7e4b
427,104,#6f7137
428,104,#958c59
429,104,#9e9f5c
430,104,#9b9b5e
431,104,#939d52
432,104,#7e7f41
433,104,#607027
434,104,#708035
435,104,#667e30
436,104,#697f3e
437,104,#5b7535
438,104,#718643
439,104,#4a631e
440,104,#456115
441,104,#334c0b
442,104,#2a4107
443,104,#404f18
444,104,#3e4c1a
445,104,#374a10
446,104,#25360d
447,104,#2b3c15
448,104,#69725e
449,104,#7b8669
450,104,#5f6c49
451,104,#45512c
452,104,#546436
453,104,#76826d
454,104,#223408
455,104,#506536
456,104,#1f340b
457,104,#677b34
458,104,#536820
459,104,#4d6926
460,104,#2a4207
461,104,#223212
462,104,#304a0f
463,104,#495935
464,104,#4f6033
465,104,#3f511b
466,104,#334013
467,104,#394113
468,104,#40431a
469,104,#6a754d
470,104,#293a11
471,104,#2d390e
472,104,#3f4b10
473,104,#465517
474,104,#425716
475,104,#38510f
476,104,#48611f
477,104,#445a18
478,104,#394f0e
479,104,#3a5010
480,104,#324a0e
481,104,#3c5617
482,104,#375210
483,104,#345015
484,104,#2e460d
485,104,#3e5814
486,104,#4b601f
487,104,#37500e
488,104,#2e4608
489,104,#283f06
490,104,#2a450c
491,104,#4b5f1d
492,104,#375114
493,104,#28410a
494,104,#274008
495,104,#263f08
496,104,#2a430c
497,104,#223b04
498,104,#30480d
499,104,#314a10
500,104,#3a581c
501,104,#08242f
110,105,#231d26
111,105,#524e46
112,105,#604c2d
113,105,#432f29
117,105,#7c6f5a
118,105,#45591c
119,105,#374d0a
120,105,#3b4816
121,105,#35350f
122,105,#67623d
123,105,#584c27
124,105,#85724c
125,105,#a58d63
126,105,#b49464
127,105,#c4a87d
128,105,#806a41
129,105,#71583a
130,105,#43360e
131,105,#4f390e
132,105,#7c704d
133,105,#938351
134,105,#ad9867
135,105,#957f55
136,105,#847a45
137,105,#a09f62
162,105,#080e21
163,105,#4a5917
164,105,#526027
165,105,#36471c
166,105,#6f7941
168,105,#428975
169,105,#397550
170,105,#044947
277,105,#f4dba7
278,105,#f6d8ae
279,105,#faecb8
280,105,#e0c095
281,105,#d0ae86
282,105,#cfab8a
283,105,#ecb993
284,105,#e9b68f
285,105,#e2b58a
286,105,#f7d7a3
287,105,#d7ad7b
288,105,#fcd3a0
289,105,#edbb88
290,105,#ecb786
291,105,#d8a785
292,105,#d5a67b
293,105,#f7c49d
294,105,#f3c397
295,105,#fdce93
296,105,#fee29d
297,105,#fff1ac
298,105,#fdf8b1
299,105,#f6db9c
300,105,#f5ce94
301,105,#fed19a
302,105,#ffe6ac
303,105,#f5cb99
304,105,#e9b989
305,105,#f9c69c
306,105,#ecba94
307,105,#eec194
308,105,#c99f72
309,105,#b1896c
310,105,#eac190
311,105,#e7b17c
312,105,#e6a773
313,105,#ecaf77
314,105,#f5b88c
315,105,#f6bb86
316,105,#f1b989
317,105,#fbd099
318,105,#fdad71
319,105,#f7c17c
320,105,#fbce8c
321,105,#ffd999
322,105,#fae59b
323,105,#fcdb9b
324,105,#ffe1a0
325,105,#fdf3af
326,105,#fef3b8
327,105,#fde4af
328,105,#c09d7c
329,105,#b09176
330,105,#fde2b6
331,105,#fbdea4
332,105,#fcfcc0
333,105,#fefdcd
334,105,#fffabc
335,105,#fef1bc
336,105,#f7ecac
337,105,#fffecc
338,105,#ffffc5
339,105,#f9edb0
340,105,#fae4a6
341,105,#f5e7aa
342,105,#fbfbc4
343,105,#f8f9bd
344,105,#ffffbb
345,105,#fefdb5
346,105,#f3e6a8
347,105,#fcfeaf
348,105,#fffcd0
349,105,#f6f0bd
350,105,#fdfabb
351,105,#f8f1bb
352,105,#6c6948
353,105,#f5d1a3
354,105,#f5d6a4
355,105,#ab8561
356,105,#a89173
360,105,#bfa182
361,105,#c6aa8a
362,105,#8c755a
363,105,#e3b88c
364,105,#f7cf9d
365,105,#eec18c
366,105,#edc69a
367,105,#e1b190
368,105,#edb994
369,105,#e6bd99
370,105,#e9c49f
371,105,#fdd6aa
372,105,#f8d698
373,105,#fce1a6
374,105,#f8bd84
375,105,#ffd89a
376,105,#fcc78a
377,105,#ffe3ac
378,105,#ffeab8
379,105,#fcf2bc
380,105,#fdfbc9
381,105,#fbf8c2
382,105,#faf8c6
383,105,#132a21
384,105,#001226
389,105,#7c756d
390,105,#a9a594
391,105,#ebf0d3
392,105,#acc99d
393,105,#040716
395,105,#ada270
396,105,#9e935b
397,105,#887b66
398,105,#afa38f
399,105,#a29483
400,105,#ad9c86
401,105,#94856e
402,105,#ad9c88
403,105,#ab9d83
404,105,#a28f77
405,105,#c7b698
406,105,#fbefcd
407,105,#b7a384
408,105,#a18f77
409,105,#c3b79d
410,105,#807150
411,105,#978367
412,105,#f2e6b5
413,105,#9e9c5a
414,105,#fae2af
415,105,#f5dba6
416,105,#efce90
417,105,#dbc88b
418,105,#c7b985
419,105,#ccbe91
420,105,#bbad79
421,105,#b0a273
422,105,#958f5b
423,105,#85844b
424,105,#8d8853
425,105,#969360
426,105,#97905e
427,105,#797943
428,105,#857c4d
429,105,#9f9567
430,105,#898a4e
431,105,#898b4a
432,105,#69732a
433,105,#7f8b43
434,105,#62722b
435,105,#6a7f34
436,105,#617432
437,105,#6d7a4d
438,105,#798551
439,105,#717b47
440,105,#5c6c2d
441,105,#4b5f1c
442,105,#6c7832
443,105,#6c782e
444,105,#415111
445,105,#445413
446,105,#4c5c1b
447,105,#4c661c
448,105,#425c16
449,105,#344c0e
450,105,#3b5415
451,105,#375314
452,105,#3b501b
453,105,#465b20
454,105,#4a5f1b
455,105,#59722a
456,105,#556923
457,105,#415c18
458,105,#41641f
459,105,#2f4411
460,105,#2f4110
461,105,#2d4214
462,105,#385511
463,105,#566743
464,105,#39491d
465,105,#424f1f
466,105,#3e4c1b
467,105,#495320
468,105,#3e4b1b
469,105,#3b4512
470,105,#4d5c25
471,105,#3c4a15
472,105,#49541f
473,105,#434c15
474,105,#3d4c11
475,105,#3d5312
476,105,#3b520e
477,105,#485f1a
478,105,#435a16
479,105,#405616
480,105,#324b08
481,105,#2c440a
482,105,#39540f
483,105,#294305
484,105,#3d5813
485,105,#334d07
486,105,#40550e
487,105,#3d500f
488,105,#3b5011
489,105,#2f460f
490,105,#28410a
491,105,#48611f
492,105,#2e470d
493,105,#324b12
494,105,#28400c
495,105,#1a3500
496,105,#2c480f
497,105,#31490d
498,105,#334c17
499,105,#3a5919
500,105,#254c39
513,105,#253633
112,106,#2d2327
113,106,#866848
114,106,#150d22
117,106,#1a1820
118,106,#54511d
119,106,#385b0d
120,106,#344813
121,106,#30380f
122,106,#414120
123,106,#5b5632
124,106,#7c7046
125,106,#928352
126,106,#c09f72
127,106,#e6d68a
128,106,#6d5d3d
129,106,#75653a
130,106,#d9c49f
131,106,#b2986e
132,106,#7e7451
133,106,#463e13
134,106,#968558
135,106,#a29762
136,106,#827d46
137,106,#807f3b
163,106,#253429
164,106,#323d06
165,106,#49501e
166,106,#8b8c5e
171,106,#1b2d28
276,106,#f2edb0
277,106,#fee2b6
278,106,#f7e6ba
279,106,#fce9b3
280,106,#cca37a
281,106,#e8c096
282,106,#fbcb9f
283,106,#f5c296
284,106,#fecba7
285,106,#fae5b7
286,106,#fef9c4
287,106,#fef7c0
288,106,#fff1b6
289,106,#ffd19f
290,106,#f8caa2
291,106,#d2a281
292,106,#f6c29b
293,106,#edbc93
294,106,#fac798
295,106,#fcd396
296,106,#ffe59f
297,106,#fdea9d
298,106,#fcf4ad
299,106,#fff3b1
300,106,#ffdf9f
301,106,#fad092
302,106,#fccf9c
303,106,#fac599
304,106,#f6b98d
305,106,#f5c18d
306,106,#cba77b
307,106,#c09777
308,106,#f2d3a8
309,106,#ffebc2
310,106,#c6a682
311,106,#b99175
312,106,#b9977e
313,106,#c39e83
314,106,#b48d72
315,106,#c7a580
316,106,#f7c695
317,106,#ffcf8f
318,106,#fdbb7f
319,106,#eec595
320,106,#e0ad87
321,106,#fad4a0
322,106,#f8edac
323,106,#ffd3a1
324,106,#f1d498
325,106,#f7e9a6
326,106,#fef1ad
327,106,#fddda5
328,106,#e8c092
329,106,#fcd0a6
330,106,#fffec5
331,106,#fcfdca
332,106,#f8f7b7
333,106,#ffffd0
334,106,#fefbc4
335,106,#ffffc6
336,106,#fefeb6
337,106,#fffcca
338,106,#fefec0
339,106,#fddea8
340,106,#f6c793
341,106,#f6d097
342,106,#fcfcba
343,106,#fefec0
344,106,#ffffb6
345,106,#fcf1a2
346,106,#f8ecad
347,106,#f9f6ba
348,106,#f8f7b2
349,106,#faf9c9
350,106,#f8f7c6
351,106,#fffbd7
352,106,#f8eec0
353,106,#777650
354,106,#bbab80
355,106,#d3b07f
356,106,#a8805d
361,106,#b89b7b
362,106,#ae977b
363,106,#bba390
364,106,#a5866e
365,106,#978169
366,106,#c49d83
367,106,#d9b797
368,106,#f8caa9
369,106,#fdd1af
370,106,#edcfa5
371,106,#eec79e
372,106,#f6cd9a
373,106,#fcdea4
374,106,#f3c089
375,106,#fdd19f
376,106,#fbcf98
377,106,#f9bb7a
378,106,#fecf93
379,106,#fee4af
380,106,#fdf6bf
381,106,#fdfbca
382,106,#fffdcc
383,106,#879d7e
384,106,#224c35
385,106,#6a766a
393,106,#525356
395,106,#f1f8dc
396,106,#c2ae91
397,106,#b8ac96
398,106,#cdbca3
399,106,#cfbfa8
400,106,#ac9e88
401,106,#b4a48b
402,106,#bbac93
403,106,#d0c5af
404,106,#a0957a
405,106,#a79881
406,106,#c7baa5
407,106,#fcf3dc
408,106,#a59a84
409,106,#c2b396
410,106,#dcd1ac
411,106,#b9a687
412,106,#ead8ad
413,106,#a99862
414,106,#a4a269
415,106,#dacf93
416,106,#efdfa9
417,106,#d8c487
418,106,#cab984
419,106,#cfbc89
420,106,#c3b882
421,106,#939056
422,106,#a4a66d
423,106,#8f965c
424,106,#8e9258
425,106,#898852
426,106,#9c9561
427,106,#958957
428,106,#8e8c5d
429,106,#767443
430,106,#7e814a
431,106,#7f7f43
432,106,#7e853e
433,106,#6c762e
434,106,#707e33
435,106,#5e7122
436,106,#677a2a
437,106,#7a894c
438,106,#91a062
439,106,#778447
440,106,#919b5e
441,106,#7e884c
442,106,#6d742d
443,106,#7a8038
444,106,#6b7832
445,106,#65722a
446,106,#808644
447,106,#53631a
448,106,#51631b
449,106,#485d16
450,106,#687a33
451,106,#657934
452,106,#435c1b
453,106,#405a14
454,106,#4a6115
455,106,#3e5b1b
456,106,#637e3b
457,106,#627f49
458,106,#71855e
459,106,#34441d
460,106,#2a3c0f
461,106,#39511d
462,106,#304e0e
463,106,#445532
464,106,#6b7956
465,106,#384612
466,106,#414f1a
467,106,#40491a
468,106,#4b5729
469,106,#4a521d
470,106,#424a17
471,106,#6d7947
472,106,#313f09
473,106,#414e18
474,106,#3a4b14
475,106,#3e5318
476,106,#405713
477,106,#435918
478,106,#405616
479,106,#405616
480,106,#31490f
481,106,#344c10
482,106,#365211
483,106,#2d460e
484,106,#2f460e
485,106,#3e5914
486,106,#2a4404
487,106,#314b09
488,106,#2a430a
489,106,#26410d
490,106,#31490f
491,106,#425d17
492,106,#39540f
493,106,#324c0c
494,106,#30490f
495,106,#2d4709
496,106,#36500f
497,106,#253f0d
498,106,#45531a
499,106,#3a6039
113,107,#cfac86
114,107,#705739
118,107,#232617
119,107,#716f3a
120,107,#38530c
121,107,#29380f
122,107,#32380f
123,107,#575231
124,107,#7b724d
125,107,#635630
126,107,#ac9877
127,107,#b6a070
128,107,#dfcfac
129,107,#5f4f25
130,107,#ae9a73
131,107,#796a47
132,107,#393518
133,107,#6a7148
134,107,#897b51
135,107,#837d5a
136,107,#928259
137,107,#9faa7a
163,107,#0c1b29
164,107,#143b1c
165,107,#4d5418
166,107,#1e3a39
168,107,#189da6
169,107,#1c8461
170,107,#162938
275,107,#dbd5ad
276,107,#fefdc5
277,107,#fef3c4
278,107,#fbe6ad
279,107,#fed1a1
280,107,#f2c199
281,107,#f5c7a0
282,107,#f8d9b2
283,107,#ffedc0
284,107,#fad0a7
285,107,#fbdaac
286,107,#fff3c7
287,107,#fff8c1
288,107,#f4e3a7
289,107,#fce0ad
290,107,#ebba92
291,107,#e3b48a
292,107,#fcc69e
293,107,#f4bb90
294,107,#efb688
295,107,#fbcc96
296,107,#feeba7
297,107,#fbeda9
298,107,#ffffbe
299,107,#fff1b1
300,107,#fcdf9e
301,107,#fdce97
302,107,#ebb891
303,107,#dfa87c
304,107,#dba983
305,107,#c7a771
306,107,#dbb089
307,107,#d0b283
308,107,#f8f5c3
309,107,#c9b188
310,107,#e0b892
311,107,#faf3ba
312,107,#ceac81
313,107,#cfa687
314,107,#e1b48d
315,107,#dcae8a
316,107,#d4ac77
317,107,#eec59a
318,107,#fad392
319,107,#efaf8a
320,107,#e7ba75
321,107,#f3cd88
322,107,#f9e796
323,107,#fefcab
324,107,#fff0aa
325,107,#feecad
326,107,#ebbc8f
327,107,#f8d8a1
328,107,#e5d29f
329,107,#faecb4
330,107,#faf8c5
331,107,#faf8c2
332,107,#f9fbc8
333,107,#fffece
334,107,#ffffd4
335,107,#fffec4
336,107,#fdfdc4
337,107,#f8ecad
338,107,#fae1a2
339,107,#f8ca97
340,107,#fbc988
341,107,#fbc28d
342,107,#faf1a9
343,107,#fffdb3
344,107,#ffffaf
345,107,#fdf8a7
346,107,#fefeac
347,107,#fef0ad
348,107,#f8e1a2
349,107,#f4e6b7
350,107,#fee8af
351,107,#fcf8cc
352,107,#fff8bb
353,107,#f8f2c2
354,107,#e7d9ad
355,107,#f4d9af
356,107,#b49471
357,107,#bbab90
361,107,#4c596b
362,107,#b9a784
363,107,#95826d
364,107,#c1a78f
365,107,#8f7b6a
366,107,#806e5b
367,107,#ab907a
368,107,#d9b398
369,107,#e8c1a2
370,107,#fee0b7
371,107,#cbaa81
372,107,#ffe2b9
373,107,#f8d5a2
374,107,#f7c98d
375,107,#f8c998
376,107,#f8cfa0
377,107,#ffdcab
378,107,#f8ce9d
379,107,#ffc486
380,107,#fceaac
381,107,#fffbc9
382,107,#cece9b
383,107,#fefcc1
384,107,#676d63
385,107,#fbfcd4
392,107,#f7e4b0
393,107,#896e3c
397,107,#060a18
398,107,#697973
399,107,#8e9790
400,107,#cad2bb
401,107,#f2f3e2
402,107,#fcfbe5
403,107,#dbd9be
404,107,#ebe9c9
405,107,#e8dfca
406,107,#dad5c4
407,107,#d8e3c3
408,107,#e1e3c9
409,107,#b7bea7
410,107,#555e4b
411,107,#efd7a4
412,107,#f0d49a
413,107,#f8eeaf
414,107,#a9a063
415,107,#c7b577
416,107,#b7b06d
417,107,#bcb871
418,107,#d1c68c
419,107,#e7d398
420,107,#bfb972
421,107,#a5a168
422,107,#909963
423,107,#818947
424,107,#8c9460
425,107,#979c5f
426,107,#8c8e4c
427,107,#929157
428,107,#717339
429,107,#6f7a3c
430,107,#6d7836
431,107,#76813b
432,107,#8a8752
433,107,#777a3a
434,107,#58631e
435,107,#626f29
436,107,#919f5a
437,107,#798642
438,107,#899354
439,107,#858449
440,107,#a89f6d
441,107,#9e9463
442,107,#918c52
443,107,#717332
444,107,#656d2a
445,107,#808a46
446,107,#687125
447,107,#767929
448,107,#696d24
449,107,#7b8640
450,107,#415a11
451,107,#3b5414
452,107,#455c25
453,107,#42561b
454,107,#3c5619
455,107,#335916
456,107,#374f1a
457,107,#4c5b39
458,107,#41591b
459,107,#4d641f
460,107,#677b42
461,107,#486121
462,107,#3c5b12
463,107,#3f5022
464,107,#63743f
465,107,#3f491b
466,107,#394613
467,107,#526022
468,107,#3d450f
469,107,#39440f
470,107,#3d4c16
471,107,#485a26
472,107,#526627
473,107,#3e5113
474,107,#41551a
475,107,#506228
476,107,#47591b
477,107,#415817
478,107,#3a5311
479,107,#3c5513
480,107,#395411
481,107,#3e571f
482,107,#254106
483,107,#35500c
484,107,#374f13
485,107,#233b06
486,107,#354d10
487,107,#2d4208
488,107,#354c14
489,107,#2b440a
490,107,#304a0c
491,107,#46611d
492,107,#345110
493,107,#304e0f
494,107,#334c12
495,107,#2b420b
496,107,#344d0d
497,107,#42530e
498,107,#577145
499,107,#3f634e
113,108,#dfbf92
114,108,#c2a887
115,108,#524744
119,108,#030a18
120,108,#74713e
121,108,#34580c
122,108,#313c10
123,108,#42411d
124,108,#59532f
125,108,#7b6e4a
126,108,#867251
127,108,#a08e69
128,108,#b2956a
129,108,#836d47
130,108,#7c6c3a
131,108,#ab9968
132,108,#af9e76
133,108,#2e320b
134,108,#7a7a52
135,108,#5c6438
136,108,#907f58
164,108,#165b42
165,108,#234b44
168,108,#0c8999
169,108,#63d9c3
171,108,#054d3e
172,108,#124553
275,108,#fafdc8
276,108,#f1e6ba
277,108,#fae7ac
278,108,#f6cf99
279,108,#f7d5a9
280,108,#fcdab2
281,108,#fbdcb7
282,108,#f9e5b8
283,108,#fcf7c2
284,108,#fbe8b7
285,108,#fcd0a4
286,108,#f7c999
287,108,#fce7ae
288,108,#fbe2ae
289,108,#ecbc92
290,108,#d9ae8a
291,108,#e4b38c
292,108,#d8ae80
293,108,#f4cc9a
294,108,#fed8a2
295,108,#fce09e
296,108,#feebaa
297,108,#fefec1
298,108,#fbf6b7
299,108,#ffebaa
300,108,#fee09e
301,108,#fbd09a
302,108,#e6ba92
303,108,#ecba91
304,108,#d2a67e
305,108,#e1bf91
306,108,#d5b78b
307,108,#ffeebd
308,108,#fcf9c8
309,108,#faf0c2
310,108,#f4d0a1
311,108,#fee6af
312,108,#e9cd9e
313,108,#c7a780
314,108,#fae8b6
315,108,#bf9c72
316,108,#f6c6a0
317,108,#d1a97e
318,108,#fed990
319,108,#f8c98d
320,108,#f4df97
321,108,#fde49b
322,108,#fcf7a1
323,108,#fcf9ab
324,108,#fbe8aa
325,108,#ffdfaf
326,108,#f5b682
327,108,#f9e9aa
328,108,#fdf9c4
329,108,#9b9160
330,108,#faf2b0
331,108,#f4f1ba
332,108,#fffcc8
333,108,#f9febf
334,108,#fffabc
335,108,#fffebc
336,108,#fefecd
337,108,#fffdb3
338,108,#fad192
339,108,#f9bc89
340,108,#fcc585
341,108,#f9c893
342,108,#f6bd83
343,108,#f3f3a3
344,108,#f3d38a
345,108,#eddf94
346,108,#fff7ac
347,108,#f8c990
348,108,#fdefad
349,108,#ffe4aa
350,108,#f6e09f
351,108,#fcf8c2
352,108,#fbe9aa
353,108,#fef4b7
354,108,#f7e6b0
355,108,#e1bd96
356,108,#c7a584
357,108,#9d7e5e
362,108,#b1997c
363,108,#9b8368
364,108,#99846d
365,108,#b79d82
366,108,#a1876e
367,108,#c29d7f
368,108,#f0c6a4
369,108,#deb997
370,108,#e0be99
371,108,#f4d7ad
372,108,#f7d4aa
373,108,#fadaa9
374,108,#fde2aa
375,108,#fccf95
376,108,#ffedb4
377,108,#fdedb9
378,108,#fbebb5
379,108,#ffd2a2
380,108,#fdd297
381,108,#f6f9cb
382,108,#fbfac9
383,108,#fdfdba
384,108,#737460
385,108,#fffdde
386,108,#164636
387,108,#1a3537
388,108,#0d1b2f
389,108,#1a273a
391,108,#c2ccbd
392,108,#fee0a4
393,108,#8d7550
411,108,#828462
412,108,#fdf1ad
413,108,#a19c53
414,108,#aba663
415,108,#d0c588
416,108,#b0ae6d
417,108,#d1c580
418,108,#ebe19d
419,108,#c4bd7c
420,108,#b8ae77
421,108,#aea876
422,108,#647237
423,108,#7d8c47
424,108,#8c8f59
425,108,#858855
426,108,#837f48
427,108,#999159
428,108,#797339
429,108,#8a864c
430,108,#81894b
431,108,#807f40
432,108,#767d3f
433,108,#707634
434,108,#6d742e
435,108,#78843c
436,108,#7b833f
437,108,#747d35
438,108,#798140
439,108,#7f7a4a
440,108,#a79761
441,108,#8c824d
442,108,#9c9a67
443,108,#7c753e
444,108,#9c935d
445,108,#9c9a5d
446,108,#707435
447,108,#7c803a
448,108,#646423
449,108,#6f7632
450,108,#606a26
451,108,#485916
452,108,#3b4e0f
453,108,#40550f
454,108,#4e6723
455,108,#36541a
456,108,#526435
457,108,#3e4e1f
458,108,#465a1e
459,108,#495b2a
460,108,#667949
461,108,#334b11
462,108,#6d864e
463,108,#344813
464,108,#384a11
465,108,#4a5c23
466,108,#45541d
467,108,#626d3b
468,108,#51592b
469,108,#474f1d
470,108,#404c1a
471,108,#4d5b2a
472,108,#59622d
473,108,#4d5a24
474,108,#41551e
475,108,#394d12
476,108,#394f0f
477,108,#395211
478,108,#3a5512
479,108,#385310
480,108,#38580f
481,108,#3d5c19
482,108,#34510f
483,108,#415b1a
484,108,#364e13
485,108,#425a1e
486,108,#30480e
487,108,#2b420b
488,108,#29420a
489,108,#314d10
490,108,#2a4309
491,108,#344e10
492,108,#3c5615
493,108,#304e10
494,108,#2c450c
495,108,#294007
496,108,#384a0b
497,108,#757d41
498,108,#042332
501,108,#123835
502,108,#253c01
114,109,#978874
115,109,#896f5d
116,109,#4b4040
121,109,#656a3b
122,109,#29400b
123,109,#282f07
124,109,#4e4b28
125,109,#68643d
126,109,#70613f
127,109,#aa8462
128,109,#a38860
129,109,#b7986e
130,109,#a48a58
131,109,#876f40
132,109,#ae986a
133,109,#4f4f25
134,109,#70754a
135,109,#676b2f
136,109,#5b6531
169,109,#22b2c3
170,109,#386546
171,109,#10222c
172,109,#0b1a2b
274,109,#cecbb0
275,109,#fcfbd4
276,109,#ffeab9
277,109,#f8cf92
278,109,#ffeab6
279,109,#f6eabf
280,109,#fce7bb
281,109,#fce5b7
282,109,#fde3b4
283,109,#fef4bf
284,109,#ffebba
285,109,#fad6a9
286,109,#ffdbab
287,109,#fde6b5
288,109,#d9b690
289,109,#c29c78
290,109,#e2af86
291,109,#fec691
292,109,#ffcf8f
293,109,#f3c688
294,109,#fbd599
295,109,#edcc8f
296,109,#fffbb8
297,109,#fffaba
298,109,#ffedaa
299,109,#ffe7a7
300,109,#fdde9e
301,109,#ffd99d
302,109,#e5c192
303,109,#f2c89b
304,109,#dfb786
305,109,#cc9d74
306,109,#fadaa2
307,109,#e1be91
308,109,#fffccc
309,109,#e6cda3
310,109,#f3d3a4
311,109,#ddc396
312,109,#fad3a3
313,109,#f9d9a7
314,109,#feeeb6
315,109,#f0e7a3
316,109,#c7aa81
317,109,#be9870
318,109,#f5ce82
319,109,#f2cb7f
320,109,#f5e99d
321,109,#fdfdb0
322,109,#fdf9a8
323,109,#feeca3
324,109,#e6b47a
325,109,#f4c48a
326,109,#f7e3a6
327,109,#fffeca
328,109,#fffecd
329,109,#fef4b7
330,109,#fefcbf
331,109,#fef9bc
332,109,#fffab3
333,109,#f1d790
334,109,#fad693
335,109,#fffdb9
336,109,#fcf9b6
337,109,#f8f0b1
338,109,#f8d396
339,109,#fddf9e
340,109,#fad292
341,109,#e0a577
342,109,#ffdb9f
343,109,#f5e9a1
344,109,#f8dc96
345,109,#f1eda3
346,109,#fbfcb3
347,109,#f3e19c
348,109,#fef4b0
349,109,#fde9aa
350,109,#fae8a6
351,109,#fdf5bc
352,109,#fefed1
353,109,#f8f2bc
354,109,#fae8b6
355,109,#dbb38e
356,109,#cea07a
357,109,#958263
358,109,#a99273
362,109,#9b999a
363,109,#e4ceb0
364,109,#a1856b
365,109,#bb9e81
366,109,#7a654d
367,109,#ac8972
368,109,#bb9074
369,109,#bc9878
370,109,#f0cda7
371,109,#ebd1a6
372,109,#eecfa7
373,109,#e8d1a8
374,109,#d9bd97
375,109,#f9d8a9
376,109,#fed29e
377,109,#e8dba8
378,109,#f5dba3
379,109,#f6dca7
380,109,#f9c78a
381,109,#fcfad0
382,109,#fefdc0
383,109,#fefccc
384,109,#fdfbbf
385,109,#c5cba0
386,109,#1a3334
387,109,#5e6d68
388,109,#2a4934
389,109,#667e72
390,109,#ced6af
391,109,#fefcca
392,109,#f3c88f
393,109,#8a7051
394,109,#bbaa8c
412,109,#b5a86e
413,109,#c8b87d
414,109,#cfbf89
415,109,#dcce8d
416,109,#dbd191
417,109,#d9d4a3
418,109,#c4bf82
419,109,#aea271
420,109,#a49866
421,109,#8a8456
422,109,#838651
423,109,#8a9557
424,109,#8a8655
425,109,#687438
426,109,#79783e
427,109,#907b49
428,109,#8e834e
429,109,#766f39
430,109,#807942
431,109,#6b6e34
432,109,#77783c
433,109,#82844a
434,109,#808244
435,109,#7f823d
436,109,#6a6d2c
437,109,#8e905c
438,109,#83854f
439,109,#989260
440,109,#999069
441,109,#8a8355
442,109,#afa67a
443,109,#b29d6e
444,109,#a69561
445,109,#9a945b
446,109,#888745
447,109,#798741
448,109,#5f6825
449,109,#788336
450,109,#697329
451,109,#5e682a
452,109,#465913
453,109,#4b671d
454,109,#314e0c
455,109,#3c5919
456,109,#506430
457,109,#3a4b12
458,109,#455319
459,109,#516130
460,109,#586d2c
461,109,#495f1e
462,109,#627444
463,109,#364e10
464,109,#78875c
465,109,#354d10
466,109,#546730
467,109,#3c4d17
468,109,#516232
469,109,#4a5429
470,109,#3c4c1d
471,109,#425623
472,109,#63713c
473,109,#485922
474,109,#506429
475,109,#374f13
476,109,#324c0b
477,109,#334c0b
478,109,#395312
479,109,#365512
480,109,#36550f
481,109,#405f19
482,109,#38560d
483,109,#3a5318
484,109,#31490e
485,109,#385013
486,109,#344b15
487,109,#334c12
488,109,#3b571a
489,109,#3d5a1b
490,109,#264005
491,109,#375113
492,109,#445e19
493,109,#365415
494,109,#314c15
495,109,#394f11
496,109,#4a6024
500,109,#0e3340
501,109,#404f0e
502,109,#293d18
115,110,#241c28
116,110,#826b49
122,110,#325206
123,110,#37461b
124,110,#42431b
125,110,#595532
126,110,#746543
127,110,#967558
128,110,#be9d7b
129,110,#a58768
130,110,#b2946f
131,110,#957e53
132,110,#968660
133,110,#4d4826
134,110,#30390f
135,110,#727948
136,110,#657139
166,110,#0f5763
167,110,#190428
169,110,#099fb1
170,110,#71b88c
172,110,#198a96
173,110,#09061a
273,110,#5c654e
274,110,#fffbc9
275,110,#fdf0b6
276,110,#fad59c
277,110,#fbd698
278,110,#feecbd
279,110,#f8e5b4
280,110,#fbeebc
281,110,#fdecb5
282,110,#f4e0a6
283,110,#fdecb8
284,110,#fff8c6
285,110,#f7d1a4
286,110,#fddaad
287,110,#d8ab83
288,110,#e8b088
289,110,#e4ad7e
290,110,#ffd595
291,110,#fdd391
292,110,#fccd8f
293,110,#facd92
294,110,#fbdb99
295,110,#fefcb6
296,110,#f5e7a9
297,110,#fef5b0
298,110,#fde9a8
299,110,#ffe9a9
300,110,#fee0a2
301,110,#fedfa1
302,110,#ffdfa4
303,110,#fdd9a5
304,110,#fad2a0
305,110,#fce7af
306,110,#f9dda3
307,110,#fdeeb9
308,110,#f2d9a8
309,110,#deb892
310,110,#deb58b
311,110,#d3af88
312,110,#c8a67d
313,110,#efdcae
314,110,#fee2ae
315,110,#fdf5b8
316,110,#ecebb5
317,110,#f7cda2
318,110,#eac385
319,110,#f0c583
320,110,#fef7ad
321,110,#fbfdb2
322,110,#fcf6a8
323,110,#fedc9f
324,110,#ffc98e
325,110,#f8dea6
326,110,#faeeb5
327,110,#fcffd4
328,110,#fffbc2
329,110,#fffcbd
330,110,#fbedaf
331,110,#e3be8d
332,110,#c69e75
333,110,#e9a678
334,110,#ffe09a
335,110,#fcf3ab
336,110,#f2df9e
337,110,#fff9ba
338,110,#ffefa9
339,110,#f8df9b
340,110,#f6cf90
341,110,#cba871
342,110,#f1bd88
343,110,#f7c98e
344,110,#f8cd90
345,110,#fee8a2
346,110,#fef9b7
347,110,#fbf8af
348,110,#fff8b7
349,110,#fceaa9
350,110,#f8e6ad
351,110,#fcfec6
352,110,#fefac9
353,110,#fcfdc4
354,110,#e8d9b1
355,110,#d3ae81
356,110,#ddb085
357,110,#e3c397
358,110,#836748
359,110,#0e0a22
364,110,#e8d0ac
365,110,#958166
366,110,#8f7d69
367,110,#9f876e
368,110,#bfa182
369,110,#e3bf9d
370,110,#eac39b
371,110,#f9dab2
372,110,#f0d9b5
373,110,#f0d2a9
374,110,#f5d8b0
375,110,#c7aa85
376,110,#f7cfa1
377,110,#e9dba7
378,110,#f1dba1
379,110,#fbe8b0
380,110,#fdc48e
381,110,#fffddb
382,110,#fffbbd
383,110,#fefec6
384,110,#fffec8
385,110,#fbf5b9
386,110,#f6f1c9
387,110,#faf9c1
388,110,#f7eeb5
389,110,#faedba
390,110,#fff0bd
391,110,#f9e0a7
392,110,#f4c08f
393,110,#cbaf8e
394,110,#947d5f
395,110,#bca98d
396,110,#7c6e58
397,110,#0d0813
412,110,#2b4938
413,110,#aaa975
414,110,#ddc67b
415,110,#dfd09a
416,110,#e3c994
417,110,#dac287
418,110,#d8be89
419,110,#bfaf77
420,110,#a2a16d
421,110,#a6a06c
422,110,#7e7e43
423,110,#8d9157
424,110,#8f8053
425,110,#9b8c61
426,110,#958758
427,110,#7b6d3c
428,110,#877b4e
429,110,#7e7645
430,110,#948a5a
431,110,#6f753d
432,110,#848647
433,110,#606c27
434,110,#948f56
435,110,#97905b
436,110,#938459
437,110,#586029
438,110,#998d5d
439,110,#a89974
440,110,#746f45
441,110,#928960
442,110,#928b5d
443,110,#7e7a4b
444,110,#717135
445,110,#8b8c48
446,110,#787d2e
447,110,#65752b
448,110,#66702b
449,110,#758139
450,110,#677b35
451,110,#546425
452,110,#425a12
453,110,#3f5e1a
454,110,#325012
455,110,#3a5518
456,110,#5b673f
457,110,#385110
458,110,#5b652d
459,110,#5b6a2c
460,110,#465510
461,110,#465c2a
462,110,#79945c
463,110,#506930
464,110,#4f6328
465,110,#374a13
466,110,#42501f
467,110,#3e4f1a
468,110,#3c491f
469,110,#4c592b
470,110,#57663b
471,110,#505c1d
472,110,#6b7847
473,110,#585d27
474,110,#55622c
475,110,#4e6022
476,110,#3d5416
477,110,#3f5c18
478,110,#405f14
479,110,#405d1b
480,110,#435d1d
481,110,#476422
482,110,#3d5718
483,110,#324c10
484,110,#3c5615
485,110,#3d591b
486,110,#314b0c
487,110,#324c16
488,110,#3b5411
489,110,#324c10
490,110,#33501a
491,110,#3c5b19
492,110,#405b14
493,110,#3e5621
494,110,#374f13
495,110,#4d6a32
496,110,#0b2133
500,110,#5b7834
501,110,#3c4e15
502,110,#13202a
116,111,#474147
122,111,#1e2b24
123,111,#375108
124,111,#2f3a0f
125,111,#3e421d
126,111,#5d5934
127,111,#7a6747
128,111,#a07d5d
129,111,#ad8b6b
130,111,#b5946d
131,111,#8c764f
132,111,#746d49
133,111,#544b2f
134,111,#2e3e0e
135,111,#5b682d
136,111,#435919
162,111,#343834
163,111,#203823
164,111,#1a332a
165,111,#1f4530
166,111,#031624
168,111,#050c1d
169,111,#083646
170,111,#0d7d8c
172,111,#046774
173,111,#0d5e71
174,111,#51818f
273,111,#fbf6c3
274,111,#fcf4b9
275,111,#ffebb1
276,111,#f7d29f
277,111,#fed9a9
278,111,#fee4b5
279,111,#e9ca99
280,111,#fbedb1
281,111,#fcdea3
282,111,#fee3b0
283,111,#fad8ad
284,111,#fbd7aa
285,111,#f7cda1
286,111,#f4bd92
287,111,#f4c389
288,111,#ffd79b
289,111,#ffcf93
290,111,#fbc08a
291,111,#ffc28f
292,111,#faca8f
293,111,#ffe2a7
294,111,#ffe9aa
295,111,#fcd6a0
296,111,#ffe9a8
297,111,#fff3b0
298,111,#fce7a6
299,111,#fce7a6
300,111,#fdecaa
301,111,#fff0ae
302,111,#fce8a6
303,111,#f6d7a1
304,111,#f0c99a
305,111,#fef1b3
306,111,#fbe4a9
307,111,#dfc092
308,111,#efd2a5
309,111,#bc916e
310,111,#cfa279
311,111,#dcb78a
312,111,#d4ab7e
313,111,#fae5b7
314,111,#efd2a0
315,111,#fdfcb5
316,111,#faf8b8
317,111,#f8e2a3
318,111,#f7c888
319,111,#f9e79a
320,111,#f9e69b
321,111,#eed28c
322,111,#f9cf90
323,111,#f6c48b
324,111,#fdcb93
325,111,#fee9ae
326,111,#fdffc3
327,111,#fffbc0
328,111,#fef8b9
329,111,#fde7ad
330,111,#fbe0b0
331,111,#c2a383
332,111,#caad7f
333,111,#fbcd95
334,111,#f0df92
335,111,#f7e8a4
336,111,#fabe89
337,111,#fdf4a8
338,111,#feeba2
339,111,#fff1ae
340,111,#f8d08d
341,111,#fdeea7
342,111,#edeaa6
343,111,#e3a277
344,111,#f7d999
345,111,#fde8a0
346,111,#fdf6b6
347,111,#fffbb6
348,111,#fffab9
349,111,#fff7b8
350,111,#ffefb3
351,111,#a4a772
352,111,#fcf0aa
353,111,#f9da9b
354,111,#413b25
355,111,#f3d4aa
356,111,#faddae
357,111,#b1916d
358,111,#bfac8a
359,111,#29323b
364,111,#5b5152
365,111,#a59077
366,111,#a28d7b
367,111,#b89883
368,111,#a4866a
369,111,#ba9e85
370,111,#f7d9ae
371,111,#fcdfb3
372,111,#f4d5a6
373,111,#e8c99e
374,111,#d3b78d
375,111,#c7a783
376,111,#fce1af
377,111,#eedeac
378,111,#fdeab0
379,111,#feecb4
380,111,#f9c991
381,111,#fcfbe3
382,111,#fcf6b9
383,111,#fbfac1
384,111,#fffdc2
385,111,#f9f4b4
386,111,#fbf6d6
387,111,#ffefb8
388,111,#f8dfa6
389,111,#f9dfa7
390,111,#f9d49a
391,111,#fedfa6
392,111,#fccd9e
393,111,#e3bd98
394,111,#d7b996
395,111,#796c4d
396,111,#7a674a
397,111,#a38a6f
398,111,#090517
413,111,#0c1b2d
414,111,#a5b86d
415,111,#9d9c49
416,111,#cfb36e
417,111,#baab73
418,111,#b29e69
419,111,#cab587
420,111,#9d9a61
421,111,#9d9262
422,111,#948d5c
423,111,#9c9863
424,111,#8f7d4c
425,111,#837548
426,111,#8c8453
427,111,#887b4c
428,111,#998c5d
429,111,#8b7c51
430,111,#776f3a
431,111,#8a7f4c
432,111,#7d7f47
433,111,#6d6f3a
434,111,#766b3d
435,111,#736b3d
436,111,#8c8952
437,111,#93945d
438,111,#938b5c
439,111,#746c3e
440,111,#837d50
441,111,#a09461
442,111,#948f62
443,111,#767342
444,111,#817b47
445,111,#696b28
446,111,#747b35
447,111,#66782d
448,111,#636e2a
449,111,#67742f
450,111,#4f641a
451,111,#49581e
452,111,#485f14
453,111,#3e5c14
454,111,#355212
455,111,#334b10
456,111,#5c6538
457,111,#526426
458,111,#7a7a3a
459,111,#7f8845
460,111,#607739
461,111,#314910
462,111,#3a5810
463,111,#42571e
464,111,#3a5215
465,111,#5c7239
466,111,#414f1a
467,111,#394e11
468,111,#3a4a19
469,111,#3d4b18
470,111,#56673c
471,111,#40501f
472,111,#61703f
473,111,#516023
474,111,#536830
475,111,#41561d
476,111,#3f521b
477,111,#53682f
478,111,#4e6521
479,111,#425817
480,111,#49621c
481,111,#3d5713
482,111,#476114
483,111,#3e5714
484,111,#3f5913
485,111,#47621a
486,111,#38531b
487,111,#476721
488,111,#5f772c
489,111,#566824
490,111,#405610
491,111,#29450a
492,111,#3f5815
493,111,#3b510e
494,111,#192821
500,111,#65752d
501,111,#2d430a
124,112,#3e5515
125,112,#31400e
126,112,#41441e
127,112,#686b39
128,112,#817a4f
129,112,#a58764
130,112,#b0926d
131,112,#806846
132,112,#393d0b
133,112,#8f815c
134,112,#394f10
135,112,#6d7633
136,112,#4d540f
159,112,#3b4d2f
160,112,#576323
161,112,#2c3b1c
162,112,#11443c
163,112,#263d18
164,112,#2c4911
165,112,#425813
166,112,#53671f
167,112,#2f4d16
168,112,#1a3b0b
169,112,#56805b
170,112,#000e19
171,112,#0f5a62
172,112,#16666a
173,112,#182b3e
176,112,#75c7b1
178,112,#1f2d3c
272,112,#dee2ba
273,112,#feefb3
274,112,#fcd1a5
275,112,#fee2b2
276,112,#fdddaf
277,112,#f5c49b
278,112,#f0c095
279,112,#fee9a8
280,112,#f9e8a6
281,112,#f9dc98
282,112,#f8e29d
283,112,#fde4a1
284,112,#fee5a1
285,112,#f9d494
286,112,#fed794
287,112,#fccd8d
288,112,#fec48d
289,112,#ffb782
290,112,#fca771
291,112,#f8976a
292,112,#fdab77
293,112,#ee9370
294,112,#fecb98
295,112,#ffca94
296,112,#ffde9b
297,112,#fee3a2
298,112,#feedab
299,112,#fcf5b0
300,112,#fbedaa
301,112,#fdeeac
302,112,#feeba8
303,112,#fde4a5
304,112,#ffeaad
305,112,#ffeeac
306,112,#ffe4a9
307,112,#fff8c4
308,112,#d6ae82
309,112,#f8d6a8
310,112,#f2d4a6
311,112,#ebc595
312,112,#fdeab0
313,112,#f7dfa6
314,112,#f3d998
315,112,#f9f3aa
316,112,#fbf3ab
317,112,#fdf5b6
318,112,#f4e09f
319,112,#fbdca0
320,112,#ffcf94
321,112,#f7c193
322,112,#f5d798
323,112,#f1c387
324,112,#f8d599
325,112,#fef8c4
326,112,#fef9c5
327,112,#f9f6bb
328,112,#f8f0b3
329,112,#f5db9f
330,112,#ebca96
331,112,#c8a77e
332,112,#f6dda3
333,112,#f0d18c
334,112,#f7d396
335,112,#fbc68c
336,112,#ffd897
337,112,#f9dc99
338,112,#ffe09e
339,112,#f7da94
340,112,#fdf1aa
341,112,#f0da9d
342,112,#fbe1a3
343,112,#f1dd9b
344,112,#fce4a2
345,112,#fef6ab
346,112,#fefeba
347,112,#fffabd
348,112,#fcfdb7
349,112,#f4d893
350,112,#f4dc96
351,112,#ffe7a5
352,112,#b8b993
353,112,#caa985
354,112,#e8b68a
355,112,#faca98
356,112,#cdb291
357,112,#f7ecc4
358,112,#bca985
359,112,#f6ddb4
360,112,#ece2b6
365,112,#d2bb95
366,112,#958367
367,112,#c19e7f
368,112,#fae3b2
369,112,#f2d0a7
370,112,#f5d5a7
371,112,#ffe4b3
372,112,#fae5b5
373,112,#fbf0cc
374,112,#e6c9a1
375,112,#f3ca9e
376,112,#f6cea0
377,112,#fae6af
378,112,#fdf0b5
379,112,#ffecb3
380,112,#feebb8
381,112,#fbffd7
382,112,#f7efb7
383,112,#ffffc2
384,112,#fffaba
385,112,#faf6ae
386,112,#fffed3
387,112,#fbe8a4
388,112,#fcdd9d
389,112,#f7bc8d
390,112,#efb887
391,112,#edbc89
392,112,#f7cd9a
393,112,#fcdeb1
394,112,#ffebbf
395,112,#d5b891
396,112,#f0d9bb
397,112,#f8c99f
398,112,#b38d7f
399,112,#f6efd4
414,112,#576b61
415,112,#979975
416,112,#85935f
417,112,#84834c
418,112,#928a5a
419,112,#807344
420,112,#948b5f
421,112,#817f47
422,112,#87814c
423,112,#8e9057
424,112,#ae9669
425,112,#a08759
426,112,#7c6e3d
427,112,#78773f
428,112,#827645
429,112,#8b7c4f
430,112,#77693f
431,112,#75703e
432,112,#5b6424
433,112,#626a38
434,112,#808150
435,112,#5f6b34
436,112,#425517
437,112,#9b9f6d
438,112,#a69871
439,112,#9c8d6d
440,112,#8f8156
441,112,#968e60
442,112,#6c6a35
443,112,#728341
444,112,#7f7f3b
445,112,#626c26
446,112,#6b6b31
447,112,#6a7533
448,112,#6f793c
449,112,#475b19
450,112,#495720
451,112,#67773a
452,112,#5c7634
453,112,#556929
454,112,#354804
455,112,#455625
456,112,#334611
457,112,#49561f
458,112,#96864e
459,112,#796f2d
460,112,#405713
461,112,#4a5d24
462,112,#4e6424
463,112,#6e7e44
464,112,#566830
465,112,#3e551c
466,112,#45531e
467,112,#425521
468,112,#425522
469,112,#3d5120
470,112,#3c531d
471,112,#405625
472,112,#899986
473,112,#445f1b
474,112,#365117
475,112,#3d581f
476,112,#2d4813
477,112,#334f14
478,112,#3b5314
479,112,#4f631f
480,112,#435614
481,112,#475d1b
482,112,#425813
483,112,#49600a
484,112,#445515
485,112,#516e33
486,112,#395410
487,112,#4d6816
488,112,#486016
489,112,#69833e
490,112,#32472c
500,112,#0b1624
501,112,#274210
124,113,#526d1a
125,113,#2f450f
126,113,#3c4a1b
127,113,#55612c
128,113,#51582a
129,113,#878052
130,113,#8b784d
131,113,#826c47
132,113,#4b4e26
133,113,#6c6843
134,113,#395214
135,113,#576328
136,113,#4d5823
137,113,#070f1c
158,113,#25302a
159,113,#161f2b
161,113,#0c2827
162,113,#155e55
163,113,#2ca08d
166,113,#1f2a25
167,113,#384f0d
168,113,#4d5f21
169,113,#454f17
170,113,#3b6839
179,113,#264242
180,113,#25372d
272,113,#faefb4
273,113,#fddda6
274,113,#f0cba3
275,113,#edd3a3
276,113,#f3d6a3
277,113,#ffe2a9
278,113,#fcdca2
279,113,#f1d895
280,113,#fdfcaf
281,113,#fffbac
282,113,#ffeca1
283,113,#ffeda1
284,113,#f9e096
285,113,#fad48f
286,113,#fdd08c
287,113,#fed292
288,113,#f8d897
289,113,#ffc48d
290,113,#fca974
291,113,#ffab7a
292,113,#fba97c
293,113,#eca27b
294,113,#f2aa7a
295,113,#fedb98
296,113,#ffe5a3
297,113,#fde9ab
298,113,#fff7be
299,113,#fbf1b5
300,113,#fcf5b0
301,113,#fcecaa
302,113,#fbdf9e
303,113,#ffe0a3
304,113,#fde1a5
305,113,#fff0b4
306,113,#fef6b8
307,113,#fce8ae
308,113,#faf5b6
309,113,#fdfabc
310,113,#f8e0a8
311,113,#fde0a7
312,113,#f9e9a9
313,113,#f9dd9d
314,113,#fae19c
315,113,#fef2a8
316,113,#fff1a9
317,113,#fdeba7
318,113,#ffefaa
319,113,#f8e1a2
320,113,#cb9569
321,113,#f7cd90
322,113,#ffc08a
323,113,#ffe9a3
324,113,#f5d594
325,113,#fbe9b2
326,113,#e5c093
327,113,#f2d39c
328,113,#dcba8a
329,113,#c9a47f
330,113,#d9b291
331,113,#c19a78
332,113,#f6c591
333,113,#fce399
334,113,#fbda94
335,113,#fec88a
336,113,#ffeca0
337,113,#f5cf8e
338,113,#fad291
339,113,#ecc683
340,113,#f9e69e
341,113,#cba278
342,113,#f6df9c
343,113,#fff1af
344,113,#feeda8
345,113,#fdf5ad
346,113,#fffeb9
347,113,#fbfeb9
348,113,#fff7b5
349,113,#fee4a3
350,113,#fff5af
351,113,#f6eaa0
352,113,#f6e2a2
353,113,#f1cd8c
354,113,#f8d09b
355,113,#fad59b
356,113,#cbaf90
357,113,#d3bc98
358,113,#ae9a7e
359,113,#9f8a6b
360,113,#b29880
361,113,#a99d92
365,113,#c8b08a
366,113,#ae9580
367,113,#ba9970
368,113,#f8e6b8
369,113,#d6b394
370,113,#ceb596
371,113,#ffe0b5
372,113,#f6ddb3
373,113,#ecd6a5
374,113,#efd1af
375,113,#f2c89a
376,113,#faddad
377,113,#f9e1ab
378,113,#f7e7ac
379,113,#fde9af
380,113,#fffac4
381,113,#fbf1b6
382,113,#fefabd
383,113,#fdfcbc
384,113,#fef6b5
385,113,#fefab4
386,113,#ffffcb
387,113,#ffe0a2
388,113,#fecd93
389,113,#f6ba89
390,113,#f1b586
391,113,#f1c18d
392,113,#f8d6a1
393,113,#fef5ca
394,113,#fcdbb0
395,113,#f8d1a5
396,113,#f0d0ae
397,113,#f8c998
398,113,#fff2af
399,113,#0a051a
415,113,#24292c
416,113,#7b753f
417,113,#827f51
418,113,#7c7944
419,113,#7c7a41
420,113,#958557
421,113,#716d38
422,113,#817d50
423,113,#9c8d60
424,113,#98895a
425,113,#987d52
426,113,#877547
427,113,#857244
428,113,#7f6c43
429,113,#86774c
430,113,#7d7643
431,113,#626832
432,113,#55632c
433,113,#6e7f40
434,113,#697244
435,113,#596729
436,113,#475518
437,113,#938e66
438,113,#a79c73
439,113,#7f7344
440,113,#a29865
441,113,#898656
442,113,#8d9559
443,113,#4b4f1a
444,113,#667029
445,113,#686c26
446,113,#7e8846
447,113,#485f1f
448,113,#3e5621
449,113,#3c5826
450,113,#587142
451,113,#677658
452,113,#345a48
453,113,#456311
454,113,#375e1c
455,113,#3e521f
456,113,#36471f
457,113,#626f31
458,113,#938450
459,113,#9d8d52
460,113,#627533
461,113,#4c5d24
462,113,#445b14
463,113,#57692f
464,113,#4b5d29
465,113,#60723e
466,113,#3f5418
467,113,#5f783e
468,113,#364f15
469,113,#566f3a
470,113,#3d541e
471,113,#4d642e
472,113,#466423
473,113,#687d5a
474,113,#435a25
475,113,#425b20
476,113,#48612a
477,113,#3f5d15
478,113,#37520f
479,113,#3a510b
480,113,#435e17
481,113,#5a6a28
482,113,#465e10
483,113,#5a6f22
484,113,#4e5d16
485,113,#446822
486,113,#577128
487,113,#3f611f
488,113,#213b2d
36,114,#202526
124,114,#0f1a24
125,114,#385016
126,114,#2e420b
127,114,#43531a
128,114,#49581f
129,114,#5a6828
130,114,#4d4e1c
131,114,#796a41
132,114,#716844
133,114,#5e5834
134,114,#485527
135,114,#345108
136,114,#435712
137,114,#223816
150,114,#47593d
151,114,#39551b
152,114,#3a5917
153,114,#42601a
154,114,#2c4e0d
169,114,#3f5b13
170,114,#445a17
171,114,#465a1a
172,114,#27302a
180,114,#34979f
271,114,#040618
272,114,#fffbbf
273,114,#f0d59f
274,114,#fef5c1
275,114,#fff2b6
276,114,#fde4a3
277,114,#fbdfa3
278,114,#ffeeae
279,114,#fdf7bc
280,114,#caa076
281,114,#e4ad7f
282,114,#fee79f
283,114,#ffeea4
284,114,#ffeaa3
285,114,#fce59d
286,114,#fedd9b
287,114,#fdcb8c
288,114,#ffe2a2
289,114,#fec68c
290,114,#f8b37a
291,114,#fabe84
292,114,#fac987
293,114,#fcd08f
294,114,#fedf98
295,114,#f9df9c
296,114,#fae3a0
297,114,#fdf4b2
298,114,#fdf7c0
299,114,#fcf5ba
300,114,#fef1b0
301,114,#feeeae
302,114,#fdde9f
303,114,#fbd99c
304,114,#f3d599
305,114,#feedb0
306,114,#fff6b6
307,114,#fcf0b0
308,114,#fff7b7
309,114,#fdf3b3
310,114,#fce09f
311,114,#f9db9b
312,114,#fef0ae
313,114,#fee1a1
314,114,#fbe09f
315,114,#fffcb4
316,114,#f9eca6
317,114,#ffeda9
318,114,#fde9a4
319,114,#fbe2a5
320,114,#dab783
321,114,#f7c28e
322,114,#ffdea0
323,114,#fef6ac
324,114,#f8d095
325,114,#fde7b0
326,114,#f1e9bd
327,114,#e1bd9b
328,114,#dbb292
329,114,#bd9a77
330,114,#bb9879
331,114,#a78460
332,114,#e0aa78
333,114,#fde49b
334,114,#f6c98f
335,114,#fbd08b
336,114,#fdc484
337,114,#ebcb86
338,114,#f2d992
339,114,#fdf4aa
340,114,#f8d492
341,114,#fdd69e
342,114,#f0d691
343,114,#fbd293
344,114,#faf2a7
345,114,#fcf2aa
346,114,#f9f4b0
347,114,#fbeea7
348,114,#faf2ad
349,114,#fff8b8
350,114,#f9e6a2
351,114,#e2c99c
352,114,#e9d69e
353,114,#fbe7a3
354,114,#cea876
355,114,#facf9d
356,114,#b8997b
357,114,#d0b692
358,114,#c2a98a
359,114,#b89d77
360,114,#a48a72
361,114,#c6b992
365,114,#ede3cc
366,114,#ceb692
367,114,#eacea5
368,114,#fbebc4
369,114,#e4c5aa
370,114,#a1886f
371,114,#e8c299
372,114,#decda9
373,114,#c7a681
374,114,#fdddb3
375,114,#fde1ae
376,114,#f4cea1
377,114,#f7eab2
378,114,#fdf4ba
379,114,#fcdba3
380,114,#ffe7b1
381,114,#fbe9b0
382,114,#fff9b5
383,114,#fdfdb7
384,114,#fff8b7
385,114,#fef9b5
386,114,#ffffc0
387,114,#f6dfa1
388,114,#f9c38b
389,114,#f7c08a
390,114,#efc290
391,114,#f3cd98
392,114,#f7cd96
393,114,#fef9cf
394,114,#fae9c1
395,114,#fbeac0
396,114,#e0bc97
397,114,#fbe6af
398,114,#3d3e3b
416,114,#151224
417,114,#6b7140
418,114,#82874d
419,114,#848251
420,114,#968a5a
421,114,#686836
422,114,#797543
423,114,#7e7b48
424,114,#7d6841
425,114,#766439
426,114,#736435
427,114,#867246
428,114,#686032
429,114,#6f6939
430,114,#6d6c36
431,114,#6c6c36
432,114,#727638
433,114,#626933
434,114,#6a6c39
435,114,#797d41
436,114,#8a8555
437,114,#a39c69
438,114,#787945
439,114,#797344
440,114,#696737
441,114,#78753b
442,114,#787444
443,114,#606e28
444,114,#7f8045
445,114,#0f3827
446,114,#366e53
447,114,#3c6d59
448,114,#112131
453,114,#677a52
454,114,#455b21
455,114,#3b5519
456,114,#556443
457,114,#8f8f55
458,114,#b4a372
459,114,#928745
460,114,#485617
461,114,#58682f
462,114,#4b5c19
463,114,#465c24
464,114,#3a5217
465,114,#48632c
466,114,#486026
467,114,#5c753e
468,114,#375114
469,114,#435e1b
470,114,#435b1f
471,114,#425b19
472,114,#495e34
473,114,#395315
474,114,#3e5821
475,114,#455f1a
476,114,#56661e
477,114,#405819
478,114,#3d590f
479,114,#24382a
482,114,#0f3e2d
483,114,#5e6a21
484,114,#243f23
39,115,#606951
124,115,#3a4c39
125,115,#30420c
126,115,#3d5116
127,115,#718045
128,115,#405918
129,115,#4c5b1e
130,115,#495e1c
131,115,#4a4e1a
132,115,#565b2e
133,115,#746844
134,115,#5a5631
135,115,#394614
136,115,#375110
137,115,#445618
149,115,#344b15
150,115,#324c0b
151,115,#354f0e
152,115,#304a08
153,115,#2e4a0e
154,115,#2d4a14
169,115,#173b2e
170,115,#25451e
171,115,#314912
172,115,#586727
173,115,#516120
174,115,#25302d
272,115,#e3edb7
273,115,#fce8ae
274,115,#fbe9ab
275,115,#fef3b0
276,115,#fdefab
277,115,#efc68e
278,115,#e6b88c
279,115,#d8ab78
280,115,#fff0b2
281,115,#fffcb3
282,115,#feefa9
283,115,#f9e9a3
284,115,#fce5a1
285,115,#fcde9b
286,115,#fdd391
287,115,#fccc8c
288,115,#f9cf8f
289,115,#fee7a5
290,115,#fbe5a4
291,115,#fff8b4
292,115,#fcefab
293,115,#fcf0ab
294,115,#fae9a2
295,115,#fdf4ab
296,115,#faf0a9
297,115,#fffdbf
298,115,#fcf6bf
299,115,#fae2a9
300,115,#f9db9f
301,115,#fddca4
302,115,#f6da9f
303,115,#fcdfaa
304,115,#f9dea4
305,115,#fbecab
306,115,#f8e0a5
307,115,#fdf0af
308,115,#fae7a5
309,115,#fdeba7
310,115,#fbdb99
311,115,#fed89a
312,115,#ffe8a8
313,115,#fdd999
314,115,#feefa9
315,115,#fef7ae
316,115,#fdfdb3
317,115,#feeea9
318,115,#fff5ae
319,115,#f6d998
320,115,#fbefb0
321,115,#fcdba2
322,115,#f6de9c
323,115,#fff7af
324,115,#fee0a0
325,115,#f7cf94
326,115,#e3c48c
327,115,#c5a080
328,115,#d5b292
329,115,#a5876b
330,115,#b49270
331,115,#9a7551
332,115,#f8bc82
333,115,#fff4ad
334,115,#fee19f
335,115,#fed892
336,115,#f6b77a
337,115,#fbc88d
338,115,#fef8a7
339,115,#f7d896
340,115,#fadb9c
341,115,#fad394
342,115,#f6d28d
343,115,#f2d494
344,115,#fff6b2
345,115,#fdf7af
346,115,#fcfbb3
347,115,#fffcb3
348,115,#fdf3ad
349,115,#fde8a9
350,115,#e7d29b
351,115,#fef3c8
352,115,#fefaca
353,115,#fce8b2
354,115,#efd6a3
355,115,#f7d1a2
356,115,#fbe8bb
357,115,#d8bf98
358,115,#bca47e
359,115,#fbe1b6
360,115,#e3caa6
361,115,#826b48
366,115,#e9cfa8
367,115,#8d785f
368,115,#af9c7a
369,115,#bc9c83
370,115,#c1a384
371,115,#debb92
372,115,#ffe8b7
373,115,#ebcfa5
374,115,#fcd8ab
375,115,#fadaab
376,115,#fedaa8
377,115,#fef9c0
378,115,#fce5ac
379,115,#ffefba
380,115,#fef1b5
381,115,#fff3b1
382,115,#faf9b4
383,115,#fdfbbe
384,115,#fefdb9
385,115,#fefdb5
386,115,#fefbb4
387,115,#fde8a4
388,115,#fcc88e
389,115,#f5c594
390,115,#efcd98
391,115,#fadea4
392,115,#f9e5b1
393,115,#fffac9
394,115,#fdedc2
395,115,#fceec2
396,115,#f1cc98
397,115,#d8e1b4
417,115,#161a1e
418,115,#37443a
419,115,#50623f
420,115,#747948
421,115,#918957
422,115,#7d7846
423,115,#706f36
424,115,#8f7f4d
425,115,#78693c
426,115,#796a3d
427,115,#7f6d40
428,115,#7a693e
429,115,#726435
430,115,#72703b
431,115,#61612b
432,115,#6a7331
433,115,#6f6f3b
434,115,#7f7c4c
435,115,#72723e
436,115,#8c8455
437,115,#8b8853
438,115,#908456
439,115,#9c9867
440,115,#80794a
441,115,#6c6b37
442,115,#939548
443,115,#917e4c
444,115,#7b7f39
445,115,#0b2831
454,115,#5d7130
455,115,#586931
456,115,#46582c
457,115,#888a45
458,115,#ae9e67
459,115,#a09554
460,115,#54601b
461,115,#555b27
462,115,#4f6a28
463,115,#5b6d33
464,115,#49622b
465,115,#506729
466,115,#44601d
467,115,#6e834c
468,115,#4b632a
469,115,#4c652c
470,115,#476123
471,115,#476328
472,115,#415d1b
473,115,#3d5520
474,115,#445d27
475,115,#3b571f
476,115,#465e0d
477,115,#6c7234
478,115,#0d1625
482,115,#1b5043
483,115,#5b691e
40,116,#4a4b3d
124,116,#334b0e
125,116,#2a3b07
126,116,#40551a
127,116,#445818
128,116,#485c1f
129,116,#394811
130,116,#394d10
131,116,#435617
132,116,#475316
133,116,#6a6f3a
134,116,#56572b
135,116,#534a23
136,116,#3d4713
137,116,#415b14
138,116,#445c22
148,116,#0e4b4b
149,116,#335317
150,116,#2b4506
151,116,#2d4708
152,116,#304f0c
153,116,#2e4c0a
171,116,#3d5b21
172,116,#31470d
173,116,#435621
174,116,#4e5d22
175,116,#455c20
176,116,#252a3b
272,116,#1c5b33
273,116,#f7edad
274,116,#f9d798
275,116,#fef6ad
276,116,#fcdb9b
277,116,#f3c799
278,116,#e4b37b
279,116,#edda96
280,116,#fefec3
281,116,#fcf4b3
282,116,#fffec1
283,116,#faefa9
284,116,#ffeda5
285,116,#fbe39b
286,116,#ffe29e
287,116,#feeaa3
288,116,#fdeca6
289,116,#f9f7ad
290,116,#faf7b3
291,116,#fdfbba
292,116,#fdfebd
293,116,#ffffba
294,116,#fdfdb4
295,116,#fcf9ad
296,116,#fff4ab
297,116,#f8da98
298,116,#efc491
299,116,#fcdfa9
300,116,#ffe4ac
301,116,#f0c797
302,116,#f7d5a2
303,116,#f6cda1
304,116,#eac497
305,116,#d6b981
306,116,#fde9ad
307,116,#fceca7
308,116,#f7e09d
309,116,#fae1a1
310,116,#fedb9b
311,116,#ffd295
312,116,#fbd29e
313,116,#e6cba1
314,116,#fcecb0
315,116,#f7f6a4
316,116,#fdffb5
317,116,#fdffb3
318,116,#fefdb2
319,116,#fee1a2
320,116,#ffe9ab
321,116,#faf2b7
322,116,#f9f3ad
323,116,#ffe6a5
324,116,#fcdc9c
325,116,#f8db9a
326,116,#fcf5b5
327,116,#f8eebf
328,116,#ba9879
329,116,#cba785
330,116,#b5926e
331,116,#ba9271
332,116,#f7c485
333,116,#fdf8ae
334,116,#f6dd98
335,116,#fccc8a
336,116,#f5d38d
337,116,#fafaab
338,116,#fac283
339,116,#fdde97
340,116,#f8ce8d
341,116,#ffe3a2
342,116,#f5e49f
343,116,#faebad
344,116,#fbeead
345,116,#fcefaa
346,116,#f2e5a1
347,116,#f6efa9
348,116,#ffedad
349,116,#fde1a4
350,116,#f0dda8
351,116,#f3e1af
352,116,#f9f2bd
353,116,#fef4b8
354,116,#f8d198
355,116,#f6d4a0
356,116,#fed8a8
357,116,#e4d2a0
358,116,#fff3c6
359,116,#c6a67c
360,116,#bda47d
361,116,#a38969
367,116,#e3d18d
368,116,#9c7f64
369,116,#a18d69
370,116,#f8e4c2
371,116,#e1ca9e
372,116,#f6d3a2
373,116,#fad5a2
374,116,#f4d19d
375,116,#f4d3a0
376,116,#fde6ad
377,116,#fce09f
378,116,#fde2a8
379,116,#fce8b0
380,116,#faf0ab
381,116,#fefabb
382,116,#fcfcbc
383,116,#fdf9ba
384,116,#fffbba
385,116,#fefab5
386,116,#fff2ad
387,116,#ffd99a
388,116,#f5c68f
389,116,#fbe3b0
390,116,#f7e6aa
391,116,#fcf3ba
392,116,#f9f8cc
393,116,#feffe8
394,116,#fffcd5
395,116,#fcf4ca
396,116,#7d7c69
397,116,#262937
420,116,#18353c
421,116,#838849
422,116,#8f854d
423,116,#7c723d
424,116,#9d805d
425,116,#8b7b47
426,116,#7f753f
427,116,#766b35
428,116,#776e3d
429,116,#6a6533
430,116,#71773f
431,116,#726e39
432,116,#7a753c
433,116,#837b4d
434,116,#807a4e
435,116,#766a3d
436,116,#6b6138
437,116,#807f46
438,116,#807e3f
439,116,#57542c
440,116,#868659
441,116,#6b7134
442,116,#97825a
443,116,#90863d
444,116,#193042
454,116,#343d44
455,116,#445719
456,116,#485f1e
457,116,#6a7b37
458,116,#ad9b5d
459,116,#686d23
460,116,#5d6221
461,116,#556530
462,116,#496120
463,116,#3e5318
464,116,#526b2a
465,116,#354910
466,116,#49611d
467,116,#334f16
468,116,#46612a
469,116,#36511a
470,116,#435f23
471,116,#355116
472,116,#385215
473,116,#3c581e
474,116,#305013
475,116,#3c5512
476,116,#4a6325
477,116,#292838
482,116,#0c443d
483,116,#255035
484,116,#1f3e3b
40,117,#4a4526
41,117,#323c0a
125,117,#4a5f27
126,117,#3a4f0f
127,117,#3c5611
128,117,#405217
129,117,#2e3f0b
130,117,#394a13
131,117,#303e08
132,117,#415012
133,117,#41591e
134,117,#515521
135,117,#2e3409
136,117,#575c2c
137,117,#918e5e
138,117,#2f4309
139,117,#1a2e1f
148,117,#185032
149,117,#385713
150,117,#324a0c
151,117,#324f12
152,117,#374b10
153,117,#3d4b08
178,117,#0a0d1c
179,117,#535c2f
180,117,#44511a
181,117,#41501a
182,117,#394f0e
183,117,#273c1e
272,117,#bcba8b
273,117,#fdd898
274,117,#fcd59f
275,117,#dd9a60
276,117,#ffd496
277,117,#eed18f
278,117,#ebcd92
279,117,#f7d193
280,117,#e7cf8d
281,117,#fef9af
282,117,#fdffc9
283,117,#fbf7b2
284,117,#fef5a5
285,117,#fbf2ac
286,117,#fff4ad
287,117,#fffab2
288,117,#fffdb2
289,117,#ffffbb
290,117,#fdfebb
291,117,#fefec1
292,117,#ffffc8
293,117,#feffcb
294,117,#ffffd9
295,117,#fefec5
296,117,#fffdb1
297,117,#ffe39e
298,117,#fad899
299,117,#e6bc85
300,117,#fee5a3
301,117,#f5c998
302,117,#fddaa6
303,117,#fdd6a2
304,117,#f8e1a1
305,117,#feecaa
306,117,#fee9ab
307,117,#feeba6
308,117,#ffeaa8
309,117,#ffe3a3
310,117,#f9de99
311,117,#fbdb98
312,117,#c2956d
313,117,#ddb889
314,117,#ebd5a3
315,117,#fffebe
316,117,#fefdb8
317,117,#fffbb6
318,117,#fffbb6
319,117,#fbe7a7
320,117,#fcf3ad
321,117,#fefec6
322,117,#fefdc0
323,117,#ffffbe
324,117,#fffdb1
325,117,#f2eea6
326,117,#fbf2a7
327,117,#f9e39f
328,117,#fdf5ba
329,117,#f1d7a4
330,117,#edc696
331,117,#d39f75
332,117,#fac68b
333,117,#fed794
334,117,#ffde97
335,117,#f9d98f
336,117,#ffe9a3
337,117,#fbb982
338,117,#ffe29e
339,117,#f8b573
340,117,#fedc93
341,117,#fff0a8
342,117,#feeeaf
343,117,#f7efa6
344,117,#f9e6a1
345,117,#feeba0
346,117,#fbea9d
347,117,#faefae
348,117,#f8d093
349,117,#f8e6a9
350,117,#fae0af
351,117,#f5cf97
352,117,#f9e9ad
353,117,#ecdc9b
354,117,#f5e0ae
355,117,#d8bc8c
356,117,#f5dea7
357,117,#dcb68a
358,117,#e2be95
359,117,#ceb189
360,117,#bda28c
361,117,#ac8e82
368,117,#efd3a2
369,117,#ad9b5b
370,117,#bca57a
371,117,#dbbd97
372,117,#f6d4ad
373,117,#dab28d
374,117,#fbe2a4
375,117,#eec98c
376,117,#f9d593
377,117,#ffe6a3
378,117,#ffeeae
379,117,#fdf2b2
380,117,#fbfcc0
381,117,#f8f5b9
382,117,#fff9b5
383,117,#fcf4b0
384,117,#ffeea9
385,117,#fbe09e
386,117,#fbd69c
387,117,#f6d39d
388,117,#f9cd98
389,117,#f2d9a4
390,117,#fbf7c2
391,117,#fbfeda
392,117,#faffe5
393,117,#fffdd5
394,117,#fde7bc
395,117,#fae0b1
396,117,#040114
421,117,#7d7e41
422,117,#95814c
423,117,#847d44
424,117,#7e6d38
425,117,#7d713c
426,117,#826f45
427,117,#716635
428,117,#6d6a36
429,117,#60652f
430,117,#596329
431,117,#556028
432,117,#867d3f
433,117,#6c673a
434,117,#575e2b
435,117,#4c521c
436,117,#7f7243
437,117,#9d8b5f
438,117,#736a35
439,117,#525e28
440,117,#596623
441,117,#989467
456,117,#545d2c
457,117,#3f591b
458,117,#6d7d31
459,117,#5e6f28
460,117,#62792c
461,117,#4d5b24
462,117,#44591c
463,117,#37530c
464,117,#486221
465,117,#46621f
466,117,#4a5b19
467,117,#4b6728
468,117,#577234
469,117,#435d1a
470,117,#3c5a16
471,117,#426220
472,117,#435f23
473,117,#314d13
474,117,#304812
475,117,#496222
476,117,#222e24
481,117,#596b3d
482,117,#3b5410
483,117,#3a510e
484,117,#323f29
127,118,#385511
128,118,#394f12
129,118,#455a1b
130,118,#3a4d11
131,118,#344e0d
132,118,#2e490c
133,118,#384412
134,118,#465823
135,118,#3c5116
136,118,#444b15
137,118,#737647
138,118,#344d13
139,118,#436116
140,118,#1c331c
146,118,#153043
147,118,#286040
148,118,#315208
149,118,#2a5007
150,118,#34520f
151,118,#2c4f0b
152,118,#395818
153,118,#384d10
178,118,#262f28
179,118,#55621a
180,118,#515d27
181,118,#4e5929
182,118,#425323
183,118,#3e5d0e
184,118,#3c5a14
185,118,#4f5e29
273,118,#f4f6d2
274,118,#fbe099
275,118,#fbd68a
276,118,#f7d58c
277,118,#fff0b0
278,118,#fcf5b2
279,118,#fff2af
280,118,#edc586
281,118,#ffdd97
282,118,#f8e9a4
283,118,#f7eca6
284,118,#fffaba
285,118,#fef1a4
286,118,#feffb7
287,118,#fefec2
288,118,#fdffcf
289,118,#fffeba
290,118,#fffeb2
291,118,#fffeb8
292,118,#feffba
293,118,#fffec5
294,118,#fefebc
295,118,#fdfeb4
296,118,#fff3a7
297,118,#fbe29d
298,118,#ffe9a4
299,118,#ffe8a3
300,118,#f7e199
301,118,#f2c88e
302,118,#fbd7a2
303,118,#f4cc98
304,118,#fadfa0
305,118,#f7e2a3
306,118,#fff0b1
307,118,#fff2b2
308,118,#ffecaa
309,118,#fee6a6
310,118,#fdd498
311,118,#fbd697
312,118,#e0b98e
313,118,#e1ba93
314,118,#ac8968
315,118,#e3c29b
316,118,#fcfbb8
317,118,#fefeb5
318,118,#feffbf
319,118,#fefec3
320,118,#fefdb9
321,118,#fdfcba
322,118,#fffebb
323,118,#fffec4
324,118,#ffffcb
325,118,#fefdd0
326,118,#fcfec3
327,118,#fefec4
328,118,#fdfec3
329,118,#fee4a6
330,118,#fcd69e
331,118,#ffe8b7
332,118,#ffd89b
333,118,#fcd494
334,118,#ffdd99
335,118,#ffda96
336,118,#fcac79
337,118,#f0cd8c
338,118,#f9b87d
339,118,#ffd391
340,118,#fce497
341,118,#fefcc0
342,118,#feffbf
343,118,#fee7a1
344,118,#fceba5
345,118,#fcdc96
346,118,#fadf9a
347,118,#f5f1ae
348,118,#f5e2a2
349,118,#ffe2a1
350,118,#edbf89
351,118,#ffd79c
352,118,#fade9c
353,118,#d6c093
354,118,#dac496
355,118,#fde7b3
356,118,#fde6af
357,118,#f7d5a0
358,118,#e5bf92
359,118,#be9c79
360,118,#ddc1a1
361,118,#c7a97e
362,118,#17210f
368,118,#5f6151
369,118,#9e8441
370,118,#9b885e
371,118,#e6caa0
372,118,#ceb488
373,118,#e6c19b
374,118,#fdeaae
375,118,#fad496
376,118,#fcdb98
377,118,#fce29f
378,118,#fbf1af
379,118,#fff9b5
380,118,#fbf2ac
381,118,#fde5a3
382,118,#f8d694
383,118,#f5d797
384,118,#f8d89c
385,118,#efc38d
386,118,#f0c693
387,118,#f2ca97
388,118,#edc791
389,118,#f8ebb2
390,118,#fffedc
391,118,#fdfedc
392,118,#fdfeec
393,118,#fefdd8
394,118,#faf8d3
395,118,#221f27
421,118,#45433b
422,118,#897b41
423,118,#8b7d49
424,118,#977d4f
425,118,#846c40
426,118,#927d50
427,118,#756d37
428,118,#5d682c
429,118,#75733b
430,118,#8d8a4e
431,118,#7c8347
432,118,#8d874b
433,118,#716b3a
434,118,#6d6f3b
435,118,#726e3d
436,118,#595122
437,118,#8e7647
438,118,#50581e
439,118,#5c662a
440,118,#61682e
456,118,#355948
457,118,#465c1d
458,118,#5f7329
459,118,#617930
460,118,#5b7627
461,118,#4b5f20
462,118,#53652a
463,118,#495f1e
464,118,#596e30
465,118,#475b14
466,118,#44621e
467,118,#435f19
468,118,#567031
469,118,#4b6325
470,118,#4f692f
471,118,#3f5a23
472,118,#3b5316
473,118,#374f15
474,118,#395219
475,118,#465b19
481,118,#3d5717
482,118,#3f6014
483,118,#354f09
127,119,#223312
128,119,#3f4c21
129,119,#3f4e18
130,119,#44531a
131,119,#405415
132,119,#375411
133,119,#496123
134,119,#425817
135,119,#405517
136,119,#5f6230
137,119,#706940
138,119,#283d08
139,119,#385817
140,119,#415b12
141,119,#465f1b
142,119,#06131b
143,119,#22341e
144,119,#415a18
145,119,#3f5117
146,119,#3f5317
147,119,#36510f
148,119,#3b510f
149,119,#32490d
150,119,#33520e
151,119,#375610
152,119,#446419
153,119,#32512a
169,119,#3d4e31
170,119,#1d3400
171,119,#3c531c
172,119,#040c14
176,119,#2d3a1f
177,119,#3e4f28
178,119,#54692a
179,119,#363f1e
180,119,#3c4413
181,119,#676d49
182,119,#62753c
185,119,#394c1c
188,119,#39550b
189,119,#4e6122
190,119,#53693f
273,119,#f9f5c3
274,119,#ffe19c
275,119,#f8d58e
276,119,#fde29d
277,119,#fcde9a
278,119,#feda97
279,119,#edbd88
280,119,#f4b687
281,119,#d8ac79
282,119,#e7dc9e
283,119,#fffcbe
284,119,#fcf0af
285,119,#f3e9a7
286,119,#f7e7aa
287,119,#fffec7
288,119,#fefed5
289,119,#fffed5
290,119,#fefeca
291,119,#ffffc6
292,119,#fefebb
293,119,#fdf2a5
294,119,#faf2a5
295,119,#fef3a9
296,119,#fbe89f
297,119,#faec9f
298,119,#feeea7
299,119,#fee4a4
300,119,#fdd796
301,119,#fbce93
302,119,#f8d19b
303,119,#f3ca97
304,119,#fee2a6
305,119,#ffecb0
306,119,#fce5aa
307,119,#ffe4ae
308,119,#f8daa1
309,119,#ffe1a4
310,119,#fdcf99
311,119,#fccb94
312,119,#edbc8d
313,119,#e8c196
314,119,#d7b087
315,119,#d3ad83
316,119,#faebab
317,119,#fdfdbf
318,119,#fffdca
319,119,#fffdc7
320,119,#fefec2
321,119,#fefdbe
322,119,#fffed2
323,119,#fffed4
324,119,#fffdce
325,119,#fefdbd
326,119,#fffdbb
327,119,#fff5bb
328,119,#fff5bc
329,119,#fce4a7
330,119,#f9e3a3
331,119,#f9ebaf
332,119,#ffe19f
333,119,#ffda9a
334,119,#f1c385
335,119,#fdc78a
336,119,#f0ad73
337,119,#fdbf88
338,119,#f4c78b
339,119,#f3efa5
340,119,#f8df96
341,119,#fefdc3
342,119,#fcfbbc
343,119,#fdeb9c
344,119,#eccd8a
345,119,#fdde98
346,119,#ffe8a7
347,119,#f1d38e
348,119,#f9e5a1
349,119,#feeca4
350,119,#fdd697
351,119,#efbf85
352,119,#e3c181
353,119,#f2d3a3
354,119,#aa865e
355,119,#f8e3b3
356,119,#cfb283
357,119,#fee0a8
358,119,#e3bd8e
359,119,#eac9a2
360,119,#e3c19d
361,119,#fae4ba
362,119,#d8be93
363,119,#5b5940
369,119,#bd9753
370,119,#6a5a31
371,119,#d5b896
372,119,#bfa382
373,119,#c39c7b
374,119,#fce5a5
375,119,#f6d294
376,119,#f7d895
377,119,#fbe29f
378,119,#fdf0ac
379,119,#ffe6a5
380,119,#fed997
381,119,#fdd498
382,119,#fedca6
383,119,#fbe4b0
384,119,#fcf2ba
385,119,#fbeeb7
386,119,#f9f0b9
387,119,#fcf1bc
388,119,#faf0bb
389,119,#f7edbc
390,119,#fffccf
391,119,#f8f3bc
392,119,#fcedbb
393,119,#fde9b1
421,119,#0a081e
422,119,#7c6f3f
423,119,#827040
424,119,#8f7b49
425,119,#8a764b
426,119,#857248
427,119,#706537
428,119,#766a3c
429,119,#797142
430,119,#7f6e43
431,119,#8d884e
432,119,#6e6c36
433,119,#7b7042
434,119,#6c6939
435,119,#6b6b3d
436,119,#7e814f
437,119,#776a43
438,119,#535721
439,119,#8c885a
457,119,#486020
458,119,#576c25
459,119,#7d8a42
460,119,#526a1d
461,119,#415510
462,119,#424e11
463,119,#3e5110
464,119,#5d6d2c
465,119,#56702c
466,119,#4e6725
467,119,#5a7738
468,119,#445d23
469,119,#465e20
470,119,#4b6623
471,119,#445b1c
472,119,#576a28
473,119,#4c6022
474,119,#41591f
475,119,#485f30
476,119,#455929
482,119,#485935
501,119,#395902
502,119,#436120
503,119,#344724
130,120,#1c2820
131,120,#364912
132,120,#31420c
133,120,#3d5012
134,120,#42521d
135,120,#46531d
136,120,#445019
137,120,#7d7a41
138,120,#373f14
139,120,#304b15
140,120,#3c5c14
141,120,#425f1c
142,120,#496b18
143,120,#3f5d15
144,120,#365310
145,120,#3e5c15
146,120,#3c5c16
147,120,#425a15
148,120,#37500c
149,120,#294306
150,120,#2f4d0b
151,120,#2e4c0c
152,120,#374a0f
171,120,#242d39
172,120,#030c1c
273,120,#ebc988
274,120,#fac891
275,120,#f9cb8a
276,120,#fdcf90
277,120,#fbd493
278,120,#fccf94
279,120,#e6b886
280,120,#eeb886
281,120,#fde6a4
282,120,#f9e4a0
283,120,#fcefb0
284,120,#fcf5b5
285,120,#fefcbb
286,120,#fdf5b2
287,120,#f9da98
288,120,#f7e09d
289,120,#fff9bc
290,120,#fefec8
291,120,#ffffca
292,120,#fffebc
293,120,#fcf5ac
294,120,#fef0aa
295,120,#fbe9a2
296,120,#fce099
297,120,#fde196
298,120,#fbe69d
299,120,#fde1a1
300,120,#f6cf8f
301,120,#fcce94
302,120,#faca8f
303,120,#fed49d
304,120,#fad99a
305,120,#fde09f
306,120,#feeab0
307,120,#fbe4a9
308,120,#fad29e
309,120,#fdcc99
310,120,#fbc596
311,120,#f2b48e
312,120,#e4b493
313,120,#ddb288
314,120,#b18964
315,120,#e0c08f
316,120,#faf2ab
317,120,#fffeca
318,120,#feffd5
319,120,#feffd5
320,120,#fdfed5
321,120,#ffffdd
322,120,#fcffd3
323,120,#fefdcd
324,120,#fffdc1
325,120,#faf7ae
326,120,#fcf8b0
327,120,#fdf6b7
328,120,#fdf0b8
329,120,#fbe5b1
330,120,#fde8ae
331,120,#fef8ba
332,120,#fadb99
333,120,#ffeda6
334,120,#fff0ab
335,120,#efcd8d
336,120,#f2d196
337,120,#e5c58d
338,120,#d9b57d
339,120,#e8c787
340,120,#f6ea9e
341,120,#fefdb9
342,120,#fff4a5
343,120,#f5ce88
344,120,#fae09a
345,120,#f2d496
346,120,#fff0b2
347,120,#fde1a5
348,120,#fef1b4
349,120,#fee5a2
350,120,#ffda96
351,120,#ffd394
352,120,#f2cc8b
353,120,#e9bf8b
354,120,#d3ad7c
355,120,#f6ca8f
356,120,#f9d0a0
357,120,#fad29f
358,120,#fbcf9f
359,120,#dab88c
360,120,#c0a47c
361,120,#ae9070
362,120,#cdb697
363,120,#9b845a
364,120,#999288
369,120,#110620
370,120,#d4be7d
371,120,#807457
372,120,#967f5c
373,120,#ab8b6f
374,120,#fdd599
375,120,#fedb9b
376,120,#fbdc9b
377,120,#fdeca9
378,120,#f1d392
379,120,#fbc486
380,120,#f7c78b
381,120,#f9d29c
382,120,#fee9b4
383,120,#fef2bb
384,120,#f6e6b3
385,120,#f6ebb6
386,120,#fbedb9
387,120,#fff9d1
388,120,#fffbcf
389,120,#f3e1af
390,120,#fdf9c9
391,120,#f2e2b2
392,120,#0b0a1a
422,120,#675c27
423,120,#7c693d
424,120,#a18153
425,120,#877244
426,120,#927851
427,120,#6f5832
428,120,#7c643e
429,120,#856f46
430,120,#978354
431,120,#8c7f4c
432,120,#86814a
433,120,#756b3a
434,120,#666534
435,120,#77794a
436,120,#405018
437,120,#636935
438,120,#787449
457,120,#45622b
458,120,#7d8846
459,120,#849049
460,120,#546c23
461,120,#738144
462,120,#4c5b1e
463,120,#485412
464,120,#3f5510
465,120,#3c5511
466,120,#466016
467,120,#426024
468,120,#5c7637
469,120,#445916
470,120,#526624
471,120,#656b2c
472,120,#778951
473,120,#4e5e20
474,120,#44591e
475,120,#4a5f28
476,120,#4d612e
477,120,#070c1f
501,120,#334c0e
502,120,#546725
503,120,#0f1e19
132,121,#364f1b
133,121,#283e11
134,121,#344915
135,121,#334011
136,121,#313d0b
137,121,#494f1c
138,121,#717447
139,121,#29350a
140,121,#2b410f
141,121,#365116
142,121,#2c4b0c
143,121,#254105
144,121,#3c581a
145,121,#334810
146,121,#29440a
147,121,#2c4a0b
148,121,#3f5e18
149,121,#36540e
150,121,#324c0b
151,121,#2e4d0b
152,121,#375313
153,121,#101729
273,121,#fabd8e
274,121,#e6b07f
275,121,#feb987
276,121,#f2ba82
277,121,#d49c67
278,121,#e8b585
279,121,#edba86
280,121,#f4c493
281,121,#fad297
282,121,#ecb87f
283,121,#f9c98e
284,121,#fada9c
285,121,#fad697
286,121,#fddb9f
287,121,#f1c58e
288,121,#ffd89c
289,121,#fbda97
290,121,#fff3ac
291,121,#feeeb1
292,121,#fadea4
293,121,#fde9aa
294,121,#fbda9b
295,121,#fde0a1
296,121,#ffdf9e
297,121,#fde096
298,121,#ffe7a3
299,121,#fde6a7
300,121,#d8ab71
301,121,#f7c98e
302,121,#feda9b
303,121,#fed596
304,121,#f4cd90
305,121,#fdda9e
306,121,#f8d89a
307,121,#fcd99a
308,121,#fdd19a
309,121,#f6c28c
310,121,#f4c18f
311,121,#c99c7d
312,121,#d6a383
313,121,#e4b88c
314,121,#e3c090
315,121,#fdeaac
316,121,#fdf8b0
317,121,#fbffcd
318,121,#ffffdb
319,121,#fefee0
320,121,#feffde
321,121,#fefeda
322,121,#fdfdc8
323,121,#fbfbbc
324,121,#fefdb2
325,121,#f6f0aa
326,121,#fdf9bb
327,121,#fcfaca
328,121,#f9f9d0
329,121,#6e6b5a
330,121,#a4a48f
331,121,#fff6b9
332,121,#f6f3a1
333,121,#fffdad
334,121,#f4e5a1
335,121,#f7db9b
336,121,#e7b587
337,121,#fbd4a1
338,121,#ebc48d
339,121,#fadc98
340,121,#f9faa6
341,121,#fefaa7
342,121,#f9ec9b
343,121,#ffefa0
344,121,#fee49c
345,121,#f7e49b
346,121,#f9e9a3
347,121,#fde9a5
348,121,#fbeca7
349,121,#f7d893
350,121,#f6c187
351,121,#efa171
352,121,#fbc68e
353,121,#f2ba7d
354,121,#fccb85
355,121,#ecc088
356,121,#d9a77b
357,121,#c7a98a
358,121,#e9c08a
359,121,#f8ca99
360,121,#d7b28c
361,121,#bfa886
362,121,#b29879
363,121,#b29977
364,121,#ead3a4
370,121,#1d2029
371,121,#caaa74
372,121,#cfb490
373,121,#b2947b
374,121,#f9d9ab
375,121,#f4d497
376,121,#fde5ab
377,121,#f7d494
378,121,#f8d597
379,121,#fee3a3
380,121,#eecb9b
381,121,#d7aa89
382,121,#fce7b5
383,121,#f4dfad
384,121,#fee3b3
385,121,#f3dbab
386,121,#f5e8b7
387,121,#f4daaf
388,121,#f7d5b4
389,121,#f5dca8
390,121,#a08f64
391,121,#a88e60
422,121,#6d6b33
423,121,#65562d
424,121,#92764e
425,121,#a88759
426,121,#a7875f
427,121,#7f6d43
428,121,#907b4f
429,121,#a59365
430,121,#af9369
431,121,#ac8f63
432,121,#8d8956
433,121,#7c754c
434,121,#7d7648
435,121,#82834a
436,121,#6b6f3e
437,121,#0a051c
457,121,#4c6737
458,121,#7a7e3a
459,121,#6d7534
460,121,#637432
461,121,#84894d
462,121,#49581e
463,121,#445319
464,121,#3e541e
465,121,#4f661f
466,121,#556218
467,121,#4c6126
468,121,#596d32
469,121,#5b6d31
470,121,#455514
471,121,#777f36
472,121,#606f31
473,121,#50612a
474,121,#677739
475,121,#536a30
476,121,#486225
477,121,#43551e
501,121,#3b5018
502,121,#49581d
503,121,#263e0d
135,122,#18231e
136,122,#47641f
137,122,#364d16
138,122,#434916
139,122,#626437
140,122,#384a14
141,122,#556a31
142,122,#476021
143,122,#425e20
144,122,#344810
145,122,#4d631e
146,122,#2e3a0f
147,122,#1f3a09
148,122,#244207
149,122,#325109
150,122,#405a1a
151,122,#324809
152,122,#213838
197,122,#44503d
272,122,#c4b487
273,122,#aa9361
274,122,#ccae7d
275,122,#cda876
276,122,#d8ba84
277,122,#fccc97
278,122,#d4a678
279,122,#bc9563
280,122,#c1a270
281,122,#c4a775
282,122,#b59969
283,122,#b59865
284,122,#dbbd89
285,122,#caaf7a
286,122,#d9b788
287,122,#cbae7d
288,122,#f2c593
289,122,#f6cc92
290,122,#fad293
291,122,#f5cd95
292,122,#dcb77b
293,122,#d9bf85
294,122,#feeea2
295,122,#edc487
296,122,#f2ba81
297,122,#f6bf88
298,122,#fcc990
299,122,#f3bb84
300,122,#e0b37c
301,122,#d9b37f
302,122,#b89466
303,122,#efc290
304,122,#eabc8a
305,122,#faca90
306,122,#facd96
307,122,#f4c288
308,122,#efc288
309,122,#e6b981
310,122,#f4c48b
311,122,#f4c188
312,122,#f4ce98
313,122,#ffeeb1
314,122,#fdf9b6
315,122,#fffbb2
316,122,#fdfcb8
317,122,#fcfdc1
318,122,#fffbbb
319,122,#fefcc7
320,122,#ffffc9
321,122,#fdfdc2
322,122,#ffffc5
323,122,#fefdc5
324,122,#ffffd9
325,122,#feffd9
326,122,#fcfdd6
327,122,#feffd9
328,122,#fdfed2
329,122,#fffecc
330,122,#fdffc5
331,122,#fefdba
332,122,#ffeea2
333,122,#fbe69b
334,122,#fcdfa2
335,122,#f4ce95
336,122,#f5d297
337,122,#f0c792
338,122,#fed898
339,122,#fae697
340,122,#fefaa9
341,122,#fff3a2
342,122,#f8c27e
343,122,#ffdf9c
344,122,#f9e29d
345,122,#fce9a1
346,122,#fef6ab
347,122,#fef2af
348,122,#fbe6a3
349,122,#fed99b
350,122,#efd194
351,122,#ffd29a
352,122,#f1ba80
353,122,#fdbf81
354,122,#ddb37f
355,122,#e8ae7d
356,122,#eebb8a
357,122,#d0b089
358,122,#d4af8f
359,122,#d8b68f
360,122,#dbbd8b
361,122,#d8b584
362,122,#c2a67d
363,122,#c6b489
364,122,#c0a176
365,122,#050b19
366,122,#191129
370,122,#1b3b2f
371,122,#e3ca7e
372,122,#97835f
373,122,#e9c99c
374,122,#b99877
375,122,#efd2a2
376,122,#fbd5a7
377,122,#feedb6
378,122,#ffe2b2
379,122,#ecc395
380,122,#e8b98e
381,122,#f8cea1
382,122,#eacc9e
383,122,#ede0b1
384,122,#f7edba
385,122,#e5d89e
386,122,#e0b792
387,122,#18132b
422,122,#6b682a
423,122,#726a31
424,122,#988255
425,122,#7d6b42
426,122,#886e49
427,122,#a8835f
428,122,#93764b
429,122,#a6905c
430,122,#a58f58
431,122,#937553
432,122,#857a48
433,122,#817344
434,122,#646c34
435,122,#465021
436,122,#3b581e
457,122,#546522
458,122,#727430
459,122,#7f883d
460,122,#575a52
462,122,#657536
463,122,#5f672d
464,122,#3a4a0b
465,122,#445618
466,122,#4f6217
467,122,#475a1a
468,122,#4e6828
469,122,#3d521c
470,122,#3c4712
471,122,#64662a
472,122,#585e19
473,122,#4c5e15
474,122,#607031
475,122,#6b7a3f
476,122,#5d6a35
477,122,#456720
478,122,#2d4608
479,122,#54653d
500,122,#1c3038
501,122,#384a13
502,122,#3c5e0c
503,122,#253625
137,123,#010c1d
138,123,#4b5b36
139,123,#394d1c
140,123,#1a242c
143,123,#060f22
144,123,#233c06
145,123,#324914
146,123,#3f5213
147,123,#223805
148,123,#324c10
149,123,#34510c
150,123,#355316
151,123,#325011
152,123,#182c27
153,123,#2f4427
154,123,#182534
155,123,#121d2d
156,123,#293b21
157,123,#2f4713
158,123,#314816
159,123,#2e3747
272,123,#dec18f
273,123,#9f8f5c
274,123,#b19f6f
275,123,#cfb17f
276,123,#dcb785
277,123,#d8bb81
278,123,#d4b27f
279,123,#d2ac7a
280,123,#8d8147
281,123,#bda975
282,123,#8a7f49
283,123,#8e844a
284,123,#b2a467
285,123,#d4bd87
286,123,#bea06e
287,123,#d2b281
288,123,#bca26d
289,123,#ecbf8d
290,123,#ecc08d
291,123,#d6b17d
292,123,#d0b47a
293,123,#f5d895
294,123,#ebd29a
295,123,#c3a16e
296,123,#c29765
297,123,#dca96f
298,123,#e4b980
299,123,#deb681
300,123,#ceab77
301,123,#c69e6a
302,123,#dbb680
303,123,#edc48a
304,123,#f6c990
305,123,#e2ba7f
306,123,#e4be87
307,123,#ceab6e
308,123,#e5c38c
309,123,#e7c18d
310,123,#ebc187
311,123,#f3c78d
312,123,#fbda9b
313,123,#fddb9b
314,123,#f6dc99
315,123,#fff7ad
316,123,#fefdb5
317,123,#fffbb5
318,123,#fffbb7
319,123,#fdf8b8
320,123,#fffec3
321,123,#fefecc
322,123,#fffed0
323,123,#ffffcf
324,123,#ffffd9
325,123,#fefece
326,123,#fcfdd3
327,123,#ffffd1
328,123,#ffffbf
329,123,#fffec8
330,123,#fffed3
331,123,#fefbb8
332,123,#fcdc96
333,123,#fce6a3
334,123,#e7c68c
335,123,#d2b67f
336,123,#e4c58c
337,123,#f9d19b
338,123,#feeaa7
339,123,#f4db97
340,123,#fedd9a
341,123,#fbc288
342,123,#f7d094
343,123,#fbc58b
344,123,#f9c988
345,123,#fcd89a
346,123,#fbeaa5
347,123,#faeea6
348,123,#eecc8d
349,123,#f8cc90
350,123,#f7d394
351,123,#f9ca8b
352,123,#f2b380
353,123,#f5b67d
354,123,#f9c495
355,123,#e4ab7b
356,123,#d7b681
357,123,#cfae81
358,123,#b6996a
359,123,#c6a677
360,123,#c5a973
361,123,#d8ae87
362,123,#e3c594
363,123,#908051
364,123,#83764a
365,123,#d1ca9c
366,123,#0a2325
367,123,#122230
371,123,#d1c466
372,123,#80754a
373,123,#c3a675
374,123,#d7b884
375,123,#f8d8a5
376,123,#ffdea8
377,123,#ffeab1
378,123,#fde6b4
379,123,#f3e3b4
380,123,#e1cb9f
381,123,#d6b383
382,123,#e4bc94
383,123,#d1ad80
384,123,#ddbb8a
385,123,#ddbe85
386,123,#c9a07a
422,123,#393d35
423,123,#53512b
424,123,#715835
425,123,#886f4c
426,123,#ac8d67
427,123,#a48b5b
428,123,#aa9363
429,123,#9a7b50
430,123,#816840
431,123,#5d542e
432,123,#9c7d58
433,123,#817843
434,123,#5d6851
457,123,#1d2223
458,123,#656f34
462,123,#161d2b
463,123,#4d5d1e
464,123,#495a2e
465,123,#475a1c
466,123,#4d5e18
467,123,#586324
468,123,#4e5e1f
469,123,#50561c
470,123,#716b34
471,123,#7b7137
472,123,#71702e
473,123,#777833
474,123,#5e611a
475,123,#878d4a
476,123,#435917
477,123,#38520d
478,123,#485e2e
479,123,#244008
480,123,#627543
499,123,#080f1f
500,123,#466320
501,123,#4d5e21
502,123,#101d1e
145,124,#445f2a
146,124,#304215
147,124,#404919
148,124,#3a4614
149,124,#2f400a
150,124,#3e5216
151,124,#364d10
152,124,#43580e
153,124,#3f5514
154,124,#3f4c17
155,124,#3a4e10
156,124,#30430d
157,124,#3c5518
158,124,#26410b
159,124,#3f4d11
160,124,#273b18
161,124,#0f283c
197,124,#1d2424
260,124,#51514d
261,124,#72776f
272,124,#e1c189
273,124,#8c8950
274,124,#949454
275,124,#aa9e5f
276,124,#9f9855
277,124,#a6995c
278,124,#bba772
279,124,#d4b886
280,124,#a59a5e
281,124,#89884e
282,124,#847c49
283,124,#908b54
284,124,#b2a56e
285,124,#b6a76e
286,124,#9d8d55
287,124,#bba772
288,124,#c1b27e
289,124,#a59361
290,124,#beac78
291,124,#cab97e
292,124,#9b9b5f
293,124,#caae73
294,124,#c3a66a
295,124,#c9ac7a
296,124,#ba9f66
297,124,#b3965c
298,124,#d3b97e
299,124,#debb85
300,124,#d5b77a
301,124,#e2ba7f
302,124,#c8a468
303,124,#ffe5a4
304,124,#f0cb8f
305,124,#eecb8d
306,124,#d2ac6f
307,124,#ffda9c
308,124,#aa8653
309,124,#debf8a
310,124,#d4b680
311,124,#c0a36e
312,124,#e3c182
313,124,#f2cf91
314,124,#fada9a
315,124,#f7d58e
316,124,#ffe8a4
317,124,#f7e09a
318,124,#fde9aa
319,124,#fdf0ae
320,124,#fef8b3
321,124,#fffdb8
322,124,#fefdbb
323,124,#fffcbb
324,124,#fffeba
325,124,#fdfeb9
326,124,#fffcbb
327,124,#fcfab3
328,124,#fffdcc
329,124,#fcfbd2
330,124,#f5ecb0
331,124,#ffeea9
332,124,#f5d898
333,124,#d7c084
334,124,#dcc387
335,124,#dec68a
336,124,#cdb680
337,124,#d7b87f
338,124,#eac086
339,124,#edbd89
340,124,#fbcf96
341,124,#f6c48b
342,124,#fac896
343,124,#c39867
344,124,#bb936c
345,124,#efbb82
346,124,#f9ca90
347,124,#fee09e
348,124,#f9c695
349,124,#fdcc96
350,124,#facc91
351,124,#f6ad7c
352,124,#f1b07a
353,124,#f2a87b
354,124,#a79260
355,124,#c3a875
356,124,#ae9364
357,124,#b4a16e
358,124,#868448
359,124,#9f8e5c
360,124,#aa9e61
361,124,#9d9a5e
362,124,#a1965c
363,124,#9a9456
364,124,#9e9862
365,124,#897c4b
366,124,#b5b479
371,124,#d1b671
372,124,#6f6b43
373,124,#978662
374,124,#ae9167
375,124,#e5c390
376,124,#f4c894
377,124,#ffe3b1
378,124,#d6bb86
379,124,#efce9a
380,124,#dcb683
381,124,#f3c996
382,124,#f3d2a7
383,124,#d0ac7c
384,124,#b3956d
385,124,#a6936e
423,124,#5e6e30
424,124,#616a33
425,124,#685232
426,124,#987a54
427,124,#aa8e64
428,124,#91774e
429,124,#b7956f
430,124,#866f46
431,124,#817048
432,124,#9d8664
433,124,#1c1e1f
463,124,#384a10
464,124,#475c1c
465,124,#2f490d
466,124,#596729
467,124,#525e23
468,124,#4f5a1e
469,124,#7f7941
470,124,#656726
471,124,#646d2a
472,124,#5b631a
473,124,#757533
474,124,#787935
475,124,#878842
476,124,#4e5b17
477,124,#405d1c
478,124,#4a6226
479,124,#35501c
480,124,#304810
481,124,#444d47
500,124,#526820
501,124,#617226
146,125,#39540d
147,125,#24340d
148,125,#2f4009
149,125,#415017
150,125,#425117
151,125,#46551e
152,125,#3c4f15
153,125,#394a11
154,125,#4a5721
155,125,#434f13
156,125,#405414
157,125,#375014
158,125,#314913
159,125,#3d4d10
160,125,#3d4c0d
161,125,#144d4f
198,125,#111713
271,125,#8f9274
272,125,#9d9649
273,125,#a29755
274,125,#a6a263
275,125,#8b9047
276,125,#7e853b
277,125,#939254
278,125,#9b905c
279,125,#908a56
280,125,#7c7c42
281,125,#7f7e40
282,125,#777d3d
283,125,#8c874e
284,125,#8f8750
285,125,#8f8f47
286,125,#969356
287,125,#828141
288,125,#939059
289,125,#a19561
290,125,#bfac76
291,125,#b9aa77
292,125,#746c37
293,125,#b39961
294,125,#c9b080
295,125,#b29b62
296,125,#aa905b
297,125,#bfae72
298,125,#c8af76
299,125,#a98f57
300,125,#d0aa6c
301,125,#d9b677
302,125,#e7b57d
303,125,#ecbe82
304,125,#ffd99e
305,125,#e9c086
306,125,#f0c887
307,125,#edcd8c
308,125,#facb93
309,125,#b1976a
310,125,#c8b07a
311,125,#dabd86
312,125,#f8db98
313,125,#f6d799
314,125,#f9d696
315,125,#e0c083
316,125,#d2b176
317,125,#e1b983
318,125,#fbd499
319,125,#fbe0a5
320,125,#ffecab
321,125,#fdf4b6
322,125,#f9f8bb
323,125,#fff6b7
324,125,#f5d896
325,125,#f2d594
326,125,#fbe5a7
327,125,#ddca7d
328,125,#f0e5a8
329,125,#ecdf9a
330,125,#ecd798
331,125,#d8bd80
332,125,#f6dd9d
333,125,#bbaf73
334,125,#b9a867
335,125,#c3bb76
336,125,#a59f62
337,125,#c3b173
338,125,#e7c68e
339,125,#e7c08a
340,125,#e9be87
341,125,#eabc84
342,125,#f7c494
343,125,#e7ad7a
344,125,#f4c491
345,125,#f0c890
346,125,#fdcd9a
347,125,#fbcd91
348,125,#fadba4
349,125,#f1c18d
350,125,#f8c891
351,125,#f2b984
352,125,#e0aa73
353,125,#c29766
354,125,#c5ad7f
355,125,#9a8258
356,125,#90784a
357,125,#747b3e
358,125,#7e7844
359,125,#7c7542
360,125,#697b31
361,125,#717e39
362,125,#77803d
363,125,#6c712e
364,125,#6b6e33
365,125,#888552
366,125,#9e8967
367,125,#d6c891
368,125,#0f1218
371,125,#0d0516
372,125,#555129
373,125,#706035
374,125,#b29b72
375,125,#bb9f78
376,125,#ab8e6b
377,125,#f6d8a8
378,125,#dab786
379,125,#dab387
380,125,#c59f6e
381,125,#b79758
382,125,#6d5e5e
383,125,#0b0419
423,125,#283428
424,125,#475726
425,125,#857849
426,125,#937b51
427,125,#caa07a
428,125,#a97d54
429,125,#ae8963
430,125,#9d8257
431,125,#907d50
432,125,#977f5e
433,125,#2c2c31
463,125,#415a1a
464,125,#556326
465,125,#475a27
466,125,#848e50
467,125,#576321
468,125,#56651f
469,125,#636c2d
470,125,#4d5316
471,125,#6a6d2e
472,125,#546018
473,125,#5c6522
474,125,#656725
475,125,#646c25
476,125,#5b662a
477,125,#38510f
478,125,#334a12
479,125,#4a6228
480,125,#26430a
481,125,#243c0a
500,125,#3c501f
501,125,#252b17
502,125,#263d20
503,125,#161f30
147,126,#37541a
148,126,#3b5814
149,126,#2c4305
150,126,#375011
151,126,#374d0e
152,126,#2e3c07
153,126,#384515
154,126,#4f5822
155,126,#454f1a
156,126,#465e1e
157,126,#3b5117
158,126,#314f14
159,126,#2e4e0f
160,126,#49571d
272,126,#93944d
273,126,#96964c
274,126,#879242
275,126,#90914f
276,126,#8a924d
277,126,#5f7c28
278,126,#708138
279,126,#76813c
280,126,#71863e
281,126,#5c6d2b
282,126,#51651e
283,126,#616d2f
284,126,#738037
285,126,#5c7421
286,126,#7e8741
287,126,#979153
288,126,#969357
289,126,#a69464
290,126,#c3ae7c
291,126,#a79b5f
292,126,#9a9655
293,126,#a68d64
294,126,#e4c58b
295,126,#c8ae77
296,126,#ceb17d
297,126,#b69e62
298,126,#ceaf77
299,126,#bea06a
300,126,#c6a56a
301,126,#cba772
302,126,#e4b883
303,126,#f6c58d
304,126,#e4b57f
305,126,#d2a973
306,126,#e0b783
307,126,#f1d291
308,126,#eabe87
309,126,#a18552
310,126,#dcb780
311,126,#f0c891
312,126,#f8d99e
313,126,#f9db9b
314,126,#f6da98
315,126,#f0cd91
316,126,#caad75
317,126,#b59e6a
318,126,#e5c58f
319,126,#dab77f
320,126,#d8bb82
321,126,#fbf2b7
322,126,#8c916c
323,126,#e1cfa7
324,126,#f1ce91
325,126,#fada9f
326,126,#e8cb8d
327,126,#e4d389
328,126,#dcc88b
329,126,#f6d8a4
330,126,#cdb27b
331,126,#c6b378
332,126,#9b914b
333,126,#a4a15a
334,126,#aca55a
335,126,#aaa65e
336,126,#9c9858
337,126,#bdb273
338,126,#c3ae75
339,126,#c1a573
340,126,#97864a
341,126,#d6ae7d
342,126,#f5be90
343,126,#f3bf8b
344,126,#fcce9c
345,126,#f9cc98
346,126,#ddaf81
347,126,#ecbe8b
348,126,#e8bd8a
349,126,#f3c591
350,126,#e3ae78
351,126,#e3b079
352,126,#dbb47d
353,126,#bda36d
354,126,#857c49
355,126,#978257
356,126,#8a8151
357,126,#82734b
358,126,#776a3f
359,126,#5f5c2d
360,126,#525c1f
361,126,#4d6420
362,126,#6b7a2e
363,126,#787f35
364,126,#707536
365,126,#6b6934
366,126,#7b6d4d
367,126,#b99a79
368,126,#9c8048
369,126,#0d071f
372,126,#7c6f45
373,126,#53572a
374,126,#846d49
375,126,#a18a64
376,126,#ad9570
377,126,#846941
378,126,#c6a47a
379,126,#eae0b2
380,126,#988b56
381,126,#42363e
424,126,#434a15
425,126,#6d6d33
426,126,#796b40
427,126,#aa8359
428,126,#bc8f64
429,126,#cca37b
430,126,#b2956b
431,126,#9f895d
432,126,#ae9971
433,126,#494835
463,126,#576c2b
464,126,#465a1b
465,126,#4b5420
466,126,#586225
467,126,#5a6626
468,126,#455917
469,126,#45591b
470,126,#394611
471,126,#3e4f12
472,126,#4c591c
473,126,#3b5418
474,126,#3f5616
475,126,#304608
476,126,#556626
477,126,#394c13
478,126,#344b12
479,126,#485a20
480,126,#3f5023
481,126,#2a3d08
501,126,#4d631e
502,126,#436014
503,126,#1c2b28
504,126,#3f581c
151,127,#28382b
152,127,#304911
153,127,#364f10
154,127,#41551d
155,127,#4c5a1e
156,127,#405915
157,127,#405e16
158,127,#526e24
159,127,#445d19
160,127,#3a5014
272,127,#536824
273,127,#446015
274,127,#546e22
275,127,#657b2d
276,127,#787e3b
277,127,#7c824c
278,127,#707a41
279,127,#5d6f2e
280,127,#47611a
281,127,#405b19
282,127,#3f5e1a
283,127,#5d6f2e
284,127,#5d7030
285,127,#566f27
286,127,#6a7e33
287,127,#939759
288,127,#909052
289,127,#98945b
290,127,#928d50
291,127,#928c4c
292,127,#9e925f
293,127,#b6a877
294,127,#8c8851
295,127,#9d955b
296,127,#8f834d
297,127,#ae9863
298,127,#bda971
299,127,#a29257
300,127,#a6935a
301,127,#b59a66
302,127,#c3a96c
303,127,#daa674
304,127,#ddb981
305,127,#d8b678
306,127,#e7bd86
307,127,#98984b
308,127,#e2c188
309,127,#d7c380
310,127,#cfc27a
311,127,#e9cf94
312,127,#dec27f
313,127,#edc88d
314,127,#eac48d
315,127,#e1b57f
316,127,#edc793
317,127,#d9bc81
318,127,#d2b177
319,127,#e7b682
320,127,#b69967
321,127,#e8d394
322,127,#5d6d1f
323,127,#5e6b29
324,127,#7c7b40
325,127,#cbbd7d
326,127,#beac6d
327,127,#e1c48c
328,127,#cdba7f
329,127,#9d9754
330,127,#9a9058
331,127,#8b8e44
332,127,#969944
333,127,#9d9b4d
334,127,#9a9251
335,127,#969851
336,127,#95904d
337,127,#cab479
338,127,#bca872
339,127,#a5a264
340,127,#707837
341,127,#dfb88d
342,127,#dab682
343,127,#dbb283
344,127,#e6bc8a
345,127,#e1b988
346,127,#bca171
347,127,#b9a46e
348,127,#d2af7d
349,127,#d3ae79
350,127,#cd9d6b
351,127,#e4b480
352,127,#bc9c68
353,127,#cfaf7d
354,127,#8c804c
355,127,#7d6e46
356,127,#7a7445
357,127,#636630
358,127,#636630
359,127,#5e6a2b
360,127,#3b5f0b
361,127,#3e5915
362,127,#2e540c
363,127,#495a1b
364,127,#7d7f45
365,127,#86834c
366,127,#7c6f49
367,127,#a9996d
368,127,#ac9869
369,127,#917750
370,127,#b8b293
372,127,#a9936a
373,127,#767141
374,127,#8f7656
375,127,#9b7f5b
376,127,#3f341d
377,127,#59575e
424,127,#505e34
425,127,#4c5c25
426,127,#574e27
427,127,#988157
428,127,#927c50
429,127,#92764e
430,127,#a98a63
431,127,#685e32
432,127,#696c34
433,127,#8b8857
463,127,#122e2e
464,127,#4a5d31
465,127,#485715
466,127,#435516
467,127,#223027
468,127,#5f6d2e
469,127,#53682a
470,127,#51621f
471,127,#455313
472,127,#46500f
473,127,#4c591c
474,127,#3f5914
475,127,#405917
476,127,#475e1c
477,127,#465f1b
478,127,#4b631e
479,127,#4e621f
480,127,#3f5416
481,127,#30450a
501,127,#436022
503,127,#0f1a25
505,127,#405916
541,127,#1d1f31
154,128,#364f11
155,128,#455619
156,128,#545928
157,128,#3a5a0e
158,128,#5d7c2c
159,128,#526e23
160,128,#354f1b
272,128,#5f7430
273,128,#567128
274,128,#516c20
275,128,#556f28
276,128,#667a39
277,128,#5e7630
278,128,#576f26
279,128,#576725
280,128,#506a21
281,128,#506925
282,128,#435e19
283,128,#576a24
284,128,#60722f
285,128,#4f6a23
286,128,#61762e
287,128,#626d2e
288,128,#757c3c
289,128,#70753a
290,128,#7c7c3e
291,128,#717334
292,128,#686c34
293,128,#80834a
294,128,#677134
295,128,#787d3d
296,128,#7f793d
297,128,#9f9357
298,128,#9a8b52
299,128,#bfac77
300,128,#a39a5d
301,128,#9a8e50
302,128,#9d8e4c
303,128,#aa9a5c
304,128,#bf9d62
305,128,#b89e5f
306,128,#ddbb81
307,128,#ab9e58
308,128,#a69353
309,128,#bcb16a
310,128,#867c36
311,128,#9d9453
312,128,#a89952
313,128,#c0a666
314,128,#c3ab6b
315,128,#d6c383
316,128,#cab37a
317,128,#c3bf79
318,128,#b8b273
319,128,#bbaf75
320,128,#959552
321,128,#aca464
322,128,#a1a55e
323,128,#55630d
324,128,#88954f
325,128,#a2ab67
326,128,#929957
327,128,#858e50
328,128,#a1a369
329,128,#959257
330,128,#969252
331,128,#878e46
332,128,#7e823f
333,128,#9fa15d
334,128,#8d8c47
335,128,#969151
336,128,#aba267
337,128,#818640
338,128,#818844
339,128,#99a15d
340,128,#525b20
341,128,#b4a174
342,128,#daaa7c
343,128,#a38a59
344,128,#c0a271
345,128,#ccab7b
346,128,#d9ba8b
347,128,#b7986a
348,128,#ba966a
349,128,#bc9a6c
350,128,#9a8854
351,128,#baa26f
352,128,#c5a470
353,128,#b79a68
354,128,#8b8749
355,128,#696236
356,128,#63692f
357,128,#4c5a20
358,128,#4b5c22
359,128,#455c16
360,128,#3d5d0e
361,128,#385a0b
362,128,#536522
363,128,#525e1f
364,128,#5f6126
365,128,#646c36
366,128,#787449
367,128,#655333
368,128,#cebb95
369,128,#96774a
370,128,#9c7950
371,128,#656649
372,128,#b8a88b
373,128,#b6a07c
374,128,#deceab
425,128,#586e26
426,128,#57582d
427,128,#a3885e
428,128,#8d7747
429,128,#988157
430,128,#a79369
431,128,#7a7948
432,128,#7c7736
433,128,#75773c
454,128,#3f4f51
464,128,#53733b
465,128,#415014
466,128,#516524
468,128,#656f40
469,128,#546c39
470,128,#3a5416
471,128,#3c4f18
472,128,#3d4b10
473,128,#545831
474,128,#787341
475,128,#334909
476,128,#435c18
477,128,#44661a
478,128,#395910
479,128,#3b5710
480,128,#465113
481,128,#3c4f16
501,128,#415a20
505,128,#171f1f
506,128,#293d21
155,129,#5c6743
156,129,#717d41
157,129,#4b6b23
158,129,#628236
159,129,#57762a
160,129,#3b5923
179,129,#0a0519
180,129,#b5ab7c
181,129,#3a3834
184,129,#0a0a17
272,129,#485923
273,129,#515c22
274,129,#516223
275,129,#646d34
276,129,#737842
277,129,#666d34
278,129,#506d1d
279,129,#415f12
280,129,#47661a
281,129,#47621b
282,129,#435f14
283,129,#476415
284,129,#496319
285,129,#4b611e
286,129,#5f6b2b
287,129,#506221
288,129,#586724
289,129,#536525
290,129,#6b7236
291,129,#65642c
292,129,#505a1e
293,129,#646c30
294,129,#5b6727
295,129,#6e7032
296,129,#948a4c
297,129,#b2a861
298,129,#a99e5c
299,129,#90854c
300,129,#727739
301,129,#768042
302,129,#808142
303,129,#697031
304,129,#6c732f
305,129,#8c8242
306,129,#918246
307,129,#bda164
308,129,#aaa45e
309,129,#ac9859
310,129,#a0954e
311,129,#aaa95e
312,129,#a49d50
313,129,#8e7d35
314,129,#a29547
315,129,#ab9f52
316,129,#a69755
317,129,#b2ab67
318,129,#c1b875
319,129,#999a53
320,129,#889141
321,129,#a8a562
322,129,#95a24c
323,129,#7e9140
324,129,#808f3c
325,129,#728231
326,129,#8b954a
327,129,#909452
328,129,#a5a76b
329,129,#9e9e61
330,129,#6c702d
331,129,#687235
332,129,#627331
333,129,#63722d
334,129,#778339
335,129,#6b7c32
336,129,#6b7535
337,129,#a3a15f
338,129,#6b7a31
339,129,#535d1e
340,129,#968353
341,129,#cba27a
342,129,#c6af7a
343,129,#a89263
344,129,#ab9365
345,129,#b89e6d
346,129,#c9b37f
347,129,#c1a474
348,129,#a68e5e
349,129,#b19d6d
350,129,#656831
351,129,#5e692d
352,129,#7d7a43
353,129,#7d7a49
354,129,#697232
355,129,#6d6939
356,129,#535a24
357,129,#47671b
358,129,#3b6217
359,129,#3e6416
360,129,#3c5c10
361,129,#4e6a1e
362,129,#555a1b
363,129,#4a631a
364,129,#3f550e
365,129,#4f5324
366,129,#5a5d2a
367,129,#856d42
368,129,#ad916c
369,129,#8f724b
370,129,#664e26
371,129,#9d7450
389,129,#615155
390,129,#0b041d
425,129,#485e2c
426,129,#4a591f
427,129,#897b4e
428,129,#7c7645
429,129,#5b552d
430,129,#86774e
431,129,#797843
432,129,#7e743b
433,129,#0b091f
454,129,#324936
463,129,#457766
464,129,#546d36
465,129,#3e4e1a
466,129,#556a2b
470,129,#30462d
471,129,#3a4f19
472,129,#273d01
473,129,#445516
474,129,#555e27
475,129,#46510e
476,129,#465917
477,129,#44611c
478,129,#3f5a17
479,129,#3a5013
480,129,#314b11
481,129,#3b5218
503,129,#03091a
505,129,#425334
506,129,#0b1321
507,129,#344d1d
508,129,#335214
156,130,#415917
157,130,#06200b
158,130,#557626
159,130,#57712f
160,130,#4c6535
178,130,#26353d
179,130,#9f8857
180,130,#928553
181,130,#14454c
183,130,#847f55
272,130,#336f54
273,130,#506c3e
274,130,#51522a
275,130,#47581e
276,130,#575a2f
277,130,#546921
278,130,#466217
279,130,#455c19
280,130,#48621b
281,130,#415c17
282,130,#475c1b
283,130,#4f6220
284,130,#566724
285,130,#5d6627
286,130,#525f21
287,130,#505d1d
288,130,#5c6b2a
289,130,#697034
290,130,#5e6829
291,130,#4a581a
292,130,#626a2e
293,130,#616930
294,130,#5f692b
295,130,#788240
296,130,#6a7536
297,130,#707534
298,130,#8c8e47
299,130,#7e8144
300,130,#767a37
301,130,#556e26
302,130,#7a7f40
303,130,#626a2a
304,130,#657433
305,130,#767e36
306,130,#928749
307,130,#998c53
308,130,#7f7c43
309,130,#91854c
310,130,#85793d
311,130,#9e9955
312,130,#848439
313,130,#76782a
314,130,#867f30
315,130,#988f42
316,130,#a29750
317,130,#c1af6a
318,130,#a79b5e
319,130,#7f8936
320,130,#a0a95b
321,130,#787c3e
322,130,#6e7a2a
323,130,#748431
324,130,#587128
325,130,#7a9142
326,130,#758639
327,130,#6f8435
328,130,#8c934d
329,130,#556723
330,130,#647730
331,130,#536825
332,130,#516621
333,130,#5d6e2a
334,130,#536921
335,130,#506c1e
336,130,#5a712b
337,130,#6b8031
338,130,#74783b
339,130,#9a9659
340,130,#9f955f
341,130,#b9a271
342,130,#ab9b66
343,130,#b79d6c
344,130,#a99362
345,130,#a89663
346,130,#bba16d
347,130,#908650
348,130,#6a7333
349,130,#566627
350,130,#4e6423
351,130,#59722b
352,130,#525d22
353,130,#85844a
354,130,#6c7135
355,130,#716f40
356,130,#545e2a
357,130,#49641d
358,130,#40651d
359,130,#375612
360,130,#38530e
361,130,#465e16
362,130,#485c18
363,130,#627130
364,130,#4e561b
365,130,#5c5e33
366,130,#4c581d
367,130,#948157
368,130,#978259
369,130,#8b764f
370,130,#685634
371,130,#432f2e
383,130,#10081e
384,130,#d8b58c
385,130,#453c48
425,130,#040b1f
426,130,#3c5414
427,130,#6e6c39
428,130,#424517
429,130,#504f23
430,130,#4e5527
431,130,#666637
432,130,#666b32
454,130,#445944
463,130,#245445
464,130,#425f28
465,130,#38531a
471,130,#21362d
472,130,#30430a
473,130,#3a5116
474,130,#656726
475,130,#9f9953
476,130,#555e1a
477,130,#607224
478,130,#4f6421
479,130,#435820
480,130,#4e5e27
481,130,#556527
503,130,#384c21
508,130,#315214
157,131,#2b481c
158,131,#1f3a0e
159,131,#4a6225
160,131,#142235
176,131,#4a5d3f
177,131,#365924
178,131,#475c1d
179,131,#4e591e
180,131,#254626
181,131,#114d28
182,131,#af9067
183,131,#4a4519
184,131,#636723
185,131,#576426
193,131,#1b1e31
198,131,#15192c
272,131,#1d3c32
273,131,#245530
274,131,#4b642f
275,131,#454e1b
276,131,#5e5f2d
277,131,#445717
278,131,#475b19
279,131,#525f22
280,131,#415319
281,131,#435918
282,131,#576625
283,131,#505e20
284,131,#515e20
285,131,#566225
286,131,#4f601f
287,131,#636a2a
288,131,#686f33
289,131,#5d5e28
290,131,#696832
291,131,#596027
292,131,#7a7842
293,131,#72723e
294,131,#666b31
295,131,#868748
296,131,#747841
297,131,#717a3d
298,131,#767d3b
299,131,#858746
300,131,#7b7c38
301,131,#71773b
302,131,#657935
303,131,#586624
304,131,#707739
305,131,#5a6220
306,131,#586924
307,131,#959452
308,131,#858549
309,131,#837d43
310,131,#777739
311,131,#a39d61
312,131,#877f43
313,131,#787938
314,131,#606f25
315,131,#6c772f
316,131,#6b722a
317,131,#917f3e
318,131,#91924e
319,131,#526310
320,131,#677828
321,131,#6b7f35
322,131,#657528
323,131,#839240
324,131,#5a7023
325,131,#486219
326,131,#5e7127
327,131,#738846
328,131,#5d712f
329,131,#5e752f
330,131,#4f7023
331,131,#456b1d
332,131,#526b1c
333,131,#738b40
334,131,#3d5c13
335,131,#446a19
336,131,#3e6319
337,131,#4d631b
338,131,#636b27
339,131,#727236
340,131,#8c894a
341,131,#9a9556
342,131,#9b9657
343,131,#a2995c
344,131,#a69960
345,131,#a89261
346,131,#ba9b6c
347,131,#7d7f3f
348,131,#7d8743
349,131,#617633
350,131,#546725
351,131,#4a661c
352,131,#4a631a
353,131,#577728
354,131,#4a6b1f
355,131,#556a27
356,131,#4c6b24
357,131,#44641b
358,131,#2c4b09
359,131,#33500d
360,131,#33530e
361,131,#4b5a1b
362,131,#4c5a1d
363,131,#3a480d
364,131,#45501b
365,131,#454c1b
366,131,#3b490f
367,131,#a09660
368,131,#8b764d
369,131,#513b25
370,131,#9e7c58
371,131,#b1845d
372,131,#312d2b
378,131,#16121b
379,131,#3f3030
380,131,#d5c6a1
381,131,#d9bf96
382,131,#c3a373
383,131,#dfb176
384,131,#e5ba8d
385,131,#0a0717
426,131,#445a2c
427,131,#3d4817
428,131,#9b815e
429,131,#7b6b42
430,131,#6f653a
431,131,#847750
432,131,#63622e
463,131,#16273b
464,131,#507644
465,131,#41591c
472,131,#2d451b
473,131,#374b10
474,131,#827630
475,131,#7b7e3a
476,131,#615b15
477,131,#52601a
478,131,#4d6026
479,131,#384b16
480,131,#8a9264
503,131,#374f13
504,131,#3a561a
507,131,#546b3b
508,131,#11251d
509,131,#131a2a
157,132,#41560c
158,132,#3f5f10
159,132,#496418
160,132,#4f6c1b
174,132,#465420
175,132,#4c5e1c
176,132,#435d1e
177,132,#334510
178,132,#233306
179,132,#53651a
180,132,#696a41
181,132,#405a1a
182,132,#565128
183,132,#745f36
184,132,#404f10
185,132,#2d4404
186,132,#41561c
187,132,#3f4918
188,132,#54602c
189,132,#375113
190,132,#020b1c
192,132,#0f1a10
193,132,#303f1a
194,132,#374f0f
195,132,#3f5520
197,132,#607631
274,132,#172939
275,132,#2e4c3f
276,132,#5e6028
277,132,#4f5d1e
278,132,#56652a
279,132,#4b5920
280,132,#405319
281,132,#4b5c20
282,132,#465a1c
283,132,#475a1d
284,132,#626930
285,132,#4b591c
286,132,#455a19
287,132,#576629
288,132,#505c21
289,132,#706e3b
290,132,#787544
291,132,#706a38
292,132,#686d32
293,132,#686e34
294,132,#6d6e32
295,132,#747738
296,132,#697236
297,132,#6d743f
298,132,#8c8d54
299,132,#77733b
300,132,#626825
301,132,#86884a
302,132,#6e7538
303,132,#657136
304,132,#627032
305,132,#71783c
306,132,#647235
307,132,#5b612d
308,132,#8b8443
309,132,#757739
310,132,#7e8240
311,132,#7a823d
312,132,#918b44
313,132,#69732d
314,132,#727d39
315,132,#4a5914
316,132,#5a6b2a
317,132,#626227
318,132,#928753
319,132,#84843f
320,132,#617025
321,132,#647125
322,132,#6e7a2f
323,132,#737e2f
324,132,#6e782c
325,132,#617327
326,132,#425a0f
327,132,#688034
328,132,#637c33
329,132,#526926
330,132,#4d6625
331,132,#3e5d17
332,132,#576d2d
333,132,#3f5b18
334,132,#44621d
335,132,#496a1d
336,132,#516d1e
337,132,#4b6119
338,132,#4b6216
339,132,#455d1a
340,132,#4e5e1e
341,132,#87934d
342,132,#566926
343,132,#516726
344,132,#495e1b
345,132,#6e803c
346,132,#818342
347,132,#425c13
348,132,#445b14
349,132,#4a6016
350,132,#4e6a1e
351,132,#506920
352,132,#506a1d
353,132,#4a691b
354,132,#4d5b19
355,132,#556a23
356,132,#476b19
357,132,#456019
358,132,#42631e
359,132,#3b5416
360,132,#334807
361,132,#3c530d
362,132,#535519
363,132,#4e501d
364,132,#4c581e
365,132,#545b24
366,132,#414a14
367,132,#5c6825
368,132,#918053
369,132,#a7875b
370,132,#9a7c52
371,132,#c1a47c
372,132,#bb9a6c
373,132,#d2bb96
374,132,#857d70
375,132,#d1b589
376,132,#d1aa7d
377,132,#dbba86
378,132,#dab582
379,132,#f5c78f
380,132,#f0bf85
381,132,#f7d395
382,132,#f6e5a2
383,132,#fdd4a5
384,132,#f6d7ad
385,132,#9fa4a7
427,132,#405e20
428,132,#525926
429,132,#554e28
430,132,#6e5e3b
431,132,#83703b
432,132,#717236
463,132,#0c2e3c
464,132,#43600d
465,132,#141928
473,132,#114e3c
474,132,#354813
475,132,#3b4c0a
476,132,#415016
477,132,#4c5217
478,132,#335432
498,132,#1e3521
504,132,#172733
505,132,#3d4c28
506,132,#41581e
508,132,#32432d
157,133,#233726
158,133,#0c1f0d
159,133,#3f5412
160,133,#374a14
161,133,#394f0f
174,133,#3d5818
175,133,#465b1b
176,133,#475d1c
177,133,#546726
178,133,#27370a
179,133,#586924
181,133,#161e14
182,133,#4a501a
183,133,#54521f
184,133,#3e4d0b
185,133,#304b08
186,133,#384b0c
187,133,#475a17
188,133,#495e1d
189,133,#485f18
190,133,#435f13
191,133,#375415
192,133,#465818
193,133,#4c5b19
194,133,#425a17
195,133,#354c16
196,133,#334510
197,133,#384135
276,133,#0f3035
277,133,#576328
278,133,#495b1d
279,133,#3e5314
280,133,#496220
281,133,#435c1a
282,133,#39540e
283,133,#3e5715
284,133,#40511a
285,133,#3b5214
286,133,#385110
287,133,#556623
288,133,#4d5d1d
289,133,#65682f
290,133,#585d23
291,133,#5d6527
292,133,#696f34
293,133,#5f6a2b
294,133,#5a6629
295,133,#6d7836
296,133,#57682a
297,133,#546529
298,133,#6d7535
299,133,#8b8d4c
300,133,#747e37
301,133,#91934d
302,133,#828747
303,133,#647032
304,133,#687837
305,133,#6f783c
306,133,#58682a
307,133,#6f7b47
308,133,#7e8444
309,133,#617032
310,133,#7e8948
311,133,#95a053
312,133,#667a2b
313,133,#58681c
314,133,#808438
315,133,#606727
316,133,#596523
317,133,#606922
318,133,#7c7e3f
319,133,#5d6223
320,133,#767d39
321,133,#566720
322,133,#757e3e
323,133,#606d26
324,133,#617126
325,133,#68742c
326,133,#576928
327,133,#364b0f
328,133,#4d6126
329,133,#6a7a3e
330,133,#495d1e
331,133,#455f16
332,133,#456014
333,133,#4c681a
334,133,#426112
335,133,#446015
336,133,#4a6119
337,133,#3c5810
338,133,#415f16
339,133,#456319
340,133,#4a6c1b
341,133,#49691a
342,133,#50671f
343,133,#586a2c
344,133,#455820
345,133,#49611d
346,133,#3d5b12
347,133,#4f6723
348,133,#3d5614
349,133,#516623
350,133,#4b601b
351,133,#4d631b
352,133,#617c31
353,133,#486516
354,133,#53671e
355,133,#4a691d
356,133,#4a6b1c
357,133,#3f5716
358,133,#4d5c1e
359,133,#385210
360,133,#435a16
361,133,#3a4e0a
362,133,#435514
363,133,#5c652c
364,133,#666b31
365,133,#47511d
366,133,#454f1c
367,133,#75783c
368,133,#9e8e60
369,133,#bea275
370,133,#917c4d
371,133,#b09870
372,133,#bea47b
373,133,#eac190
374,133,#d7ab79
375,133,#d6b385
376,133,#c39168
377,133,#ebbd88
378,133,#f6cb92
379,133,#e8b37f
380,133,#fad19a
381,133,#fabd86
382,133,#e9b182
383,133,#f5c88e
384,133,#f6d896
427,133,#4b5e27
428,133,#3d4715
429,133,#7a6e42
430,133,#7c6735
431,133,#8f7b59
432,133,#0d6548
433,133,#475939
463,133,#19393a
464,133,#415722
474,133,#0b3429
475,133,#566728
476,133,#4b6a23
477,133,#485b2b
497,133,#213522
504,133,#445e16
505,133,#0a1113
506,133,#324616
507,133,#151e2a
508,133,#050e22
160,134,#455b24
161,134,#324417
162,134,#2f4a1a
165,134,#090e21
167,134,#415a1a
168,134,#485e2c
169,134,#38492f
173,134,#627c3b
174,134,#5d6d33
175,134,#495d17
176,134,#4a5c20
177,134,#43591e
178,134,#1e3405
179,134,#385411
180,134,#2e471b
181,134,#213c14
182,134,#4b5226
183,134,#314813
184,134,#415d13
185,134,#3f5b10
186,134,#435d16
187,134,#445a12
188,134,#446015
189,134,#4c6619
190,134,#556d20
191,134,#476319
192,134,#515919
193,134,#62621e
194,134,#726d2b
195,134,#394508
196,134,#465b17
197,134,#2b4611
198,134,#445319
277,134,#485930
278,134,#506425
279,134,#4e6322
280,134,#3c5212
281,134,#566f2d
282,134,#48661f
283,134,#546b27
284,134,#415d1a
285,134,#385411
286,134,#3f5210
287,134,#4c6019
288,134,#445918
289,134,#4d5821
290,134,#666b31
291,134,#51611e
292,134,#556727
293,134,#556b23
294,134,#465617
295,134,#546322
296,134,#4f6220
297,134,#667037
298,134,#757837
299,134,#626c26
300,134,#879246
301,134,#717b36
302,134,#586621
303,134,#657433
304,134,#79813e
305,134,#576728
306,134,#61672d
307,134,#66753d
308,134,#6a7a38
309,134,#646e2f
310,134,#7a8340
311,134,#606f30
312,134,#4c6316
313,134,#596825
314,134,#626e2d
315,134,#686c2f
316,134,#898649
317,134,#757f33
318,134,#738038
319,134,#727b3a
320,134,#7c8540
321,134,#51651d
322,134,#576a24
323,134,#5c7026
324,134,#65762f
325,134,#4a5b15
326,134,#666f31
327,134,#5b6829
328,134,#596a2b
329,134,#4c5e21
330,134,#566929
331,134,#465b18
332,134,#304f08
333,134,#3f5814
334,134,#3f5a17
335,134,#3b580f
336,134,#374f11
337,134,#34520b
338,134,#334f10
339,134,#344d0e
340,134,#33520e
341,134,#385912
342,134,#46691b
343,134,#566b29
344,134,#415517
345,134,#3e4e13
346,134,#475c1a
347,134,#4b5f1d
348,134,#456119
349,134,#435918
350,134,#3c5012
351,134,#415c15
352,134,#49681d
353,134,#496616
354,134,#496817
355,134,#4b6c1d
356,134,#45651a
357,134,#3e5411
358,134,#354d0b
359,134,#415116
360,134,#465d19
361,134,#3e4e0c
362,134,#3d5010
363,134,#4b5719
364,134,#4e581c
365,134,#3f4812
366,134,#575c28
367,134,#46521c
368,134,#3e4612
369,134,#48491c
370,134,#645c2d
371,134,#aa9770
372,134,#bf9870
373,134,#dca77c
374,134,#e9a77f
375,134,#df966b
376,134,#e29a71
377,134,#f8b889
378,134,#f7c892
379,134,#f0bf88
380,134,#ebbd7d
381,134,#f9c289
382,134,#e8b47d
383,134,#fac88f
384,134,#7e7369
427,134,#5a692c
428,134,#2d410d
429,134,#8a7951
430,134,#817546
431,134,#88876d
432,134,#0b403e
433,134,#374a25
434,134,#545d43
463,134,#0e2436
464,134,#3a4d1b
465,134,#4b672f
466,134,#235c3b
474,134,#152b1e
475,134,#3f4a0f
476,134,#5e6d30
496,134,#0c1327
504,134,#060c1c
505,134,#253122
509,134,#2b4124
160,135,#101b27
161,135,#2e4c19
162,135,#364c11
163,135,#47612c
164,135,#3e5125
165,135,#425a20
166,135,#486416
168,135,#121c30
169,135,#455d20
170,135,#47602e
172,135,#688e5b
173,135,#617326
174,135,#586e23
175,135,#3d5c0f
176,135,#3f5e16
177,135,#2e420d
178,135,#2a4111
179,135,#3d5a15
180,135,#416214
181,135,#414720
182,135,#3b4e16
183,135,#445f1a
184,135,#416117
185,135,#39590e
186,135,#416213
187,135,#3f5109
188,135,#797c3a
189,135,#646e27
190,135,#616f29
191,135,#4f601e
192,135,#7e7c3b
193,135,#7c7538
194,135,#4f4a19
195,135,#655f2d
196,135,#4e5921
197,135,#324504
198,135,#304005
199,135,#84865a
200,135,#161d26
277,135,#1c393c
278,135,#3b530d
279,135,#516517
280,135,#4c661f
281,135,#4a6321
282,135,#59722f
283,135,#476120
284,135,#3e591e
285,135,#3d5710
286,135,#475a16
287,135,#3f5910
288,135,#435a13
289,135,#687b3a
290,135,#5b6b2e
291,135,#445c19
292,135,#485f19
293,135,#4b601b
294,135,#455816
295,135,#54691f
296,135,#506319
297,135,#4c611b
298,135,#596a24
299,135,#77843c
300,135,#75853c
301,135,#4f641a
302,135,#6b793e
303,135,#5b6e2e
304,135,#61752f
305,135,#62732f
306,135,#596d25
307,135,#79864e
308,135,#536520
309,135,#5c712c
310,135,#5c692b
311,135,#7c8643
312,135,#5c6b2a
313,135,#6b712e
314,135,#687130
315,135,#868c44
316,135,#7a7c3f
317,135,#74722f
318,135,#6a732e
319,135,#656930
320,135,#546521
321,135,#3c530d
322,135,#4c661b
323,135,#50681e
324,135,#4a601c
325,135,#59692b
326,135,#526220
327,135,#4f5f23
328,135,#5c6c2d
329,135,#535e29
330,135,#556527
331,135,#4c631f
332,135,#3d5718
333,135,#3a4d0f
334,135,#324d0e
335,135,#2d4a0b
336,135,#354d12
337,135,#304e10
338,135,#374f13
339,135,#3c5414
340,135,#3d5412
341,135,#2f490a
342,135,#32520f
343,135,#395815
344,135,#3d5a17
345,135,#3c5b10
346,135,#576825
347,135,#3e5d13
348,135,#3a4d0f
349,135,#405819
350,135,#43501a
351,135,#42531a
352,135,#3c5b11
353,135,#476319
354,135,#416110
355,135,#3a5f11
356,135,#3a600d
357,135,#39500e
358,135,#344f0a
359,135,#405615
360,135,#3a5311
361,135,#3f540f
362,135,#556727
363,135,#4d5119
364,135,#494c1c
365,135,#535023
366,135,#6c7341
367,135,#565b28
368,135,#6a6538
369,135,#676334
370,135,#6d6534
371,135,#877745
372,135,#b48866
373,135,#e0a17b
374,135,#dc946e
375,135,#d58762
376,135,#cd7e5d
377,135,#e0a279
378,135,#fcd395
379,135,#fbd591
380,135,#f6d590
381,135,#ecd090
382,135,#f1b783
383,135,#ecbc88
427,135,#070e1d
428,135,#3d4e16
429,135,#8a724b
430,135,#090518
433,135,#2e470c
434,135,#3a5010
463,135,#202d35
464,135,#385013
465,135,#3f5e16
466,135,#426027
474,135,#545c50
475,135,#3e4e3c
495,135,#0e161e
496,135,#0a1423
508,135,#354b25
509,135,#385610
510,135,#0a1619
162,136,#0e1e1e
163,136,#263d11
164,136,#405f07
165,136,#4a6211
166,136,#050b1a
169,136,#354c2a
170,136,#3b571c
171,136,#304910
172,136,#5b7f3b
173,136,#658135
174,136,#4c671a
175,136,#34500b
176,136,#2e4306
177,136,#3d4b14
178,136,#2f380f
179,136,#374a10
180,136,#3f4716
181,136,#3f481e
182,136,#4c661d
183,136,#435d13
184,136,#425f0f
185,136,#446111
186,136,#3e5d11
187,136,#425a15
188,136,#4e5c1b
189,136,#5a561b
190,136,#746f31
191,136,#7d7436
192,136,#696a2b
193,136,#6a5f25
194,136,#6a6932
195,136,#3b460a
196,136,#294507
197,136,#263e0c
198,136,#294010
199,136,#27410c
200,136,#2f4713
201,136,#1b2a1b
278,136,#385018
279,136,#3c5613
280,136,#4b6622
281,136,#4a6425
282,136,#354d17
283,136,#384d16
284,136,#364a11
285,136,#3b5511
286,136,#435d17
287,136,#3b5a0f
288,136,#456114
289,136,#50681c
290,136,#536a22
291,136,#5e6f29
292,136,#5c7328
293,136,#475e18
294,136,#475e20
295,136,#435f15
296,136,#4b651e
297,136,#405b0e
298,136,#5b7322
299,136,#5a6e26
300,136,#697c37
301,136,#4c621f
302,136,#53682a
303,136,#6a793b
304,136,#6a7a39
305,136,#657839
306,136,#566731
307,136,#586d31
308,136,#4b6321
309,136,#465f1b
310,136,#455f17
311,136,#687b37
312,136,#607029
313,136,#636f2b
314,136,#6c7836
315,136,#606c28
316,136,#89894f
317,136,#6c7232
318,136,#50631f
319,136,#415e13
320,136,#46641c
321,136,#3d5c11
322,136,#37570c
323,136,#3b5a0f
324,136,#3b5913
325,136,#455f18
326,136,#48611f
327,136,#485a1e
328,136,#495d1e
329,136,#435b20
330,136,#43531c
331,136,#395113
332,136,#365711
333,136,#3c5614
334,136,#2a4109
335,136,#29410f
336,136,#243e0e
337,136,#294107
338,136,#35490e
339,136,#38510c
340,136,#36550e
341,136,#2d4b0d
342,136,#33500e
343,136,#2f4c0a
344,136,#385713
345,136,#35580e
346,136,#3a5f16
347,136,#495f1e
348,136,#4b6120
349,136,#415516
350,136,#38450b
351,136,#3b4912
352,136,#3d5c12
353,136,#47661e
354,136,#3c580d
355,136,#476a19
356,136,#3d6315
357,136,#3d5e11
358,136,#344e0d
359,136,#304608
360,136,#486221
361,136,#3d530f
362,136,#425716
363,136,#677232
364,136,#727836
365,136,#5b6526
366,136,#3b4f14
367,136,#85794d
368,136,#6c6338
369,136,#6d6738
370,136,#8b7a4a
371,136,#987c4c
372,136,#c5916c
373,136,#be7d5f
374,136,#cc8265
375,136,#cd7757
376,136,#c57859
377,136,#c1825e
378,136,#be8e63
379,136,#d19c6d
380,136,#f0bc88
381,136,#d8ab7a
382,136,#d7a26e
383,136,#282531
429,136,#595551
433,136,#465e11
434,136,#3e560d
435,136,#485719
464,136,#294838
465,136,#526d1a
466,136,#475315
495,136,#253543
504,136,#162024
505,136,#395909
506,136,#233613
507,136,#374d15
508,136,#344d12
509,136,#2d4a08
510,136,#2c4514
165,137,#4a602f
166,137,#25302c
170,137,#2f4615
171,137,#466623
172,137,#4c612a
173,137,#435826
174,137,#3d561d
175,137,#243e0b
176,137,#24390c
177,137,#355412
178,137,#404a1a
179,137,#535b2f
180,137,#405a12
181,137,#395610
182,137,#3c5711
183,137,#3e5110
184,137,#425915
185,137,#35520f
186,137,#374e0c
187,137,#36500f
188,137,#2a4207
189,137,#586527
190,137,#3d4a10
191,137,#576429
192,137,#566225
193,137,#455011
194,137,#696829
195,137,#33300e
196,137,#3f490b
197,137,#324c11
198,137,#254009
199,137,#2e430f
200,137,#273d0c
201,137,#2b420f
202,137,#362e29
279,137,#415d2a
280,137,#3e5818
281,137,#2e440c
282,137,#415519
283,137,#3e5218
284,137,#55682e
285,137,#394e19
286,137,#30440f
287,137,#455c17
288,137,#4e6520
289,137,#637b33
290,137,#455a17
291,137,#546e27
292,137,#54722a
293,137,#405c1e
294,137,#436118
295,137,#517321
296,137,#5c7927
297,137,#47641a
298,137,#426217
299,137,#3f5916
300,137,#3e5a21
301,137,#42591e
302,137,#4e621c
303,137,#566418
304,137,#6b7d35
305,137,#6f8835
306,137,#899f5b
307,137,#4f672b
308,137,#4b651f
309,137,#40581c
310,137,#4b621f
311,137,#5f692c
312,137,#5d6e2c
313,137,#566529
314,137,#797d40
315,137,#878547
316,137,#5c7028
317,137,#375512
318,137,#294706
319,137,#3d5d15
320,137,#344f0c
321,137,#3f5715
322,137,#3e571c
323,137,#344d08
324,137,#2f4c0e
325,137,#385611
326,137,#405a12
327,137,#405917
328,137,#344f0b
329,137,#344f0b
330,137,#375114
331,137,#324c0f
332,137,#38530f
333,137,#2b470b
334,137,#2b480f
335,137,#274307
336,137,#274107
337,137,#385310
338,137,#344e0c
339,137,#34510e
340,137,#2d4c09
341,137,#33510c
342,137,#2d4a08
343,137,#2c4b08
344,137,#284a07
345,137,#31540e
346,137,#304f0c
347,137,#36550d
348,137,#3a5714
349,137,#41581d
350,137,#415515
351,137,#425619
352,137,#3a5b11
353,137,#385a0f
354,137,#3a5a12
355,137,#426417
356,137,#3c640d
357,137,#3a600e
358,137,#314a0a
359,137,#415918
360,137,#425c1a
361,137,#4b6524
362,137,#516022
363,137,#5b632c
364,137,#546023
365,137,#59642c
366,137,#585f2c
367,137,#48571b
368,137,#81734b
369,137,#766c42
370,137,#b19165
371,137,#b48662
372,137,#a27d59
373,137,#bd9165
374,137,#a36e50
375,137,#af6f53
376,137,#c37555
377,137,#bb7857
378,137,#c87758
379,137,#d1916f
380,137,#cd8e6d
381,137,#ce996e
382,137,#b4a28b
433,137,#4d621f
434,137,#36490a
435,137,#41521f
436,137,#24292f
465,137,#173426
466,137,#304a0d
495,137,#1d2f3b
503,137,#375125
504,137,#131b26
507,137,#354c17
508,137,#3c551e
509,137,#304d12
510,137,#203a03
171,138,#58703b
172,138,#556d35
173,138,#333f12
174,138,#3b4813
175,138,#2e430d
176,138,#2f480e
177,138,#42521d
178,138,#454318
179,138,#797e4e
180,138,#4c6422
181,138,#3a5813
182,138,#3b5513
183,138,#445415
184,138,#566224
185,138,#5e5e26
186,138,#7a723b
187,138,#6f6933
188,138,#545c28
189,138,#394814
190,138,#374d15
191,138,#2e430f
192,138,#344c12
193,138,#415619
194,138,#54591a
195,138,#293e0d
196,138,#324a12
197,138,#224007
198,138,#26400b
199,138,#2f4715
200,138,#2c4411
201,138,#2c4114
202,138,#535614
203,138,#0c1116
281,138,#3e581a
282,138,#466217
283,138,#4b6528
284,138,#516b29
285,138,#364e15
286,138,#374c13
287,138,#586e2d
288,138,#5c7232
289,138,#4f6620
290,138,#506c1e
291,138,#5f7d33
292,138,#5c7a33
293,138,#516b2d
294,138,#4b661f
295,138,#35500d
296,138,#4e6423
297,138,#506623
298,138,#49631b
299,138,#4e6222
300,138,#445c20
301,138,#4f6223
302,138,#546520
303,138,#64752e
304,138,#7c8c48
305,138,#587325
306,138,#5c762e
307,138,#546e2c
308,138,#496325
309,138,#4d6a28
310,138,#536f28
311,138,#517024
312,138,#475c19
313,138,#60752e
314,138,#7c9044
315,138,#6d8132
316,138,#284704
317,138,#2d4b07
318,138,#496322
319,138,#394f11
320,138,#304a09
321,138,#3e5413
322,138,#375514
323,138,#2a410d
324,138,#3f541b
325,138,#3d4f11
326,138,#364a0d
327,138,#364e13
328,138,#2f490a
329,138,#3b5513
330,138,#344e0f
331,138,#2b4508
332,138,#334d0b
333,138,#304c0f
334,138,#29470a
335,138,#2b4808
336,138,#304a0b
337,138,#37520f
338,138,#37520f
339,138,#304d0a
340,138,#33530b
341,138,#314e0c
342,138,#354e13
343,138,#345111
344,138,#32510d
345,138,#2c4f0b
346,138,#30510c
347,138,#2d530a
348,138,#3a5915
349,138,#526828
350,138,#3c5511
351,138,#394f0f
352,138,#3d5b11
353,138,#47621c
354,138,#415b18
355,138,#3e5f13
356,138,#416216
357,138,#3d5c11
358,138,#36540f
359,138,#4f6e26
360,138,#2d4a08
361,138,#36540f
362,138,#50611c
363,138,#7a7e42
364,138,#3e5d10
365,138,#405114
366,138,#54612d
367,138,#505924
368,138,#706b40
369,138,#a48a5f
370,138,#bb9b6a
371,138,#d2ab7e
372,138,#9b7d53
373,138,#a4865e
374,138,#956d4e
375,138,#a97554
376,138,#ba7855
377,138,#d19571
378,138,#dda57a
379,138,#e58d68
380,138,#d58d66
381,138,#ebad79
433,138,#3d5318
434,138,#354517
435,138,#3b4a18
436,138,#2d3239
456,138,#4f5956
466,138,#36571e
467,138,#345206
468,138,#3d502d
494,138,#334a28
495,138,#1e392f
507,138,#445c29
508,138,#2f4608
510,138,#0f1a19
171,139,#6c8354
172,139,#536b3c
173,139,#3b4419
174,139,#344415
175,139,#2a430b
176,139,#344d09
177,139,#304514
178,139,#363c09
179,139,#54532b
180,139,#495717
181,139,#3a4f13
182,139,#4e5721
183,139,#495219
184,139,#5e6529
185,139,#4a5117
186,139,#575b20
187,139,#60632e
188,139,#223803
189,139,#31480f
190,139,#2c3e09
191,139,#445627
192,139,#445519
193,139,#2f460a
194,139,#384b14
195,139,#324211
196,139,#253c11
197,139,#28430e
198,139,#2d3e0e
199,139,#263d0b
200,139,#243f0c
201,139,#2e4512
202,139,#2e4918
203,139,#425420
204,139,#3c4721
207,139,#122929
208,139,#152c25
209,139,#0c212e
282,139,#586d3f
283,139,#4c661e
284,139,#425924
285,139,#354c17
286,139,#495d29
287,139,#51662c
288,139,#495f23
289,139,#4f6522
290,139,#48631c
291,139,#506b24
292,139,#516e27
293,139,#506b29
294,139,#4f6624
295,139,#4d6623
296,139,#395211
297,139,#415a15
298,139,#425d18
299,139,#43581c
300,139,#586923
301,139,#67762f
302,139,#71795f
303,139,#1a2423
307,139,#4c583e
308,139,#4d6123
309,139,#5a7234
310,139,#5d7734
311,139,#74883c
312,139,#657a30
313,139,#9fb65d
314,139,#708f3e
315,139,#2c4905
316,139,#304a0f
317,139,#445a1b
318,139,#334c08
319,139,#2e4a08
320,139,#2f490a
321,139,#455b1a
322,139,#3b5412
323,139,#3c510f
324,139,#2f470b
325,139,#415514
326,139,#3c5013
327,139,#284006
328,139,#2e4807
329,139,#37520c
330,139,#304b07
331,139,#344e0f
332,139,#2c4607
333,139,#294508
334,139,#31500d
335,139,#304d0b
336,139,#35500e
337,139,#344f0d
338,139,#324d0a
339,139,#35520f
340,139,#304d0a
341,139,#31500d
342,139,#2e4d0b
343,139,#2b4909
344,139,#264509
345,139,#294906
346,139,#2f5309
347,139,#31510c
348,139,#36550f
349,139,#3a5a11
350,139,#3c5a11
351,139,#425d17
352,139,#395910
353,139,#36520f
354,139,#425b1f
355,139,#445b18
356,139,#485c1c
357,139,#3e590c
358,139,#39570c
359,139,#3b520e
360,139,#3b550e
361,139,#3e5616
362,139,#44460e
363,139,#4d5f18
364,139,#415616
365,139,#2f4209
366,139,#4f5a20
367,139,#74713d
368,139,#6b5e34
369,139,#9b774e
370,139,#cea270
371,139,#c49d6a
372,139,#daa96f
373,139,#ba8d64
374,139,#b27c55
375,139,#ae7a55
376,139,#b87855
377,139,#cf7f5c
378,139,#e0a07a
379,139,#e1936a
380,139,#f5bd8e
381,139,#b99369
433,139,#415921
434,139,#32420a
435,139,#6b715c
466,139,#274340
467,139,#3e5615
468,139,#2b460d
469,139,#3f5519
470,139,#0e1722
493,139,#101629
494,139,#2c4211
495,139,#304a14
496,139,#0c2726
507,139,#355106
508,139,#395114
509,139,#0d1521
171,140,#546f33
172,140,#4f6e3d
173,140,#394b1c
174,140,#3f4a1c
175,140,#3f5516
176,140,#30460b
177,140,#424915
178,140,#7c784c
179,140,#36450e
180,140,#465d17
181,140,#46541a
182,140,#4e581d
183,140,#535c25
184,140,#4a5219
185,140,#525921
186,140,#606128
187,140,#30440e
188,140,#29410d
189,140,#394918
190,140,#304313
191,140,#3e4e21
192,140,#41541d
193,140,#364410
194,140,#334710
195,140,#263606
196,140,#24330d
197,140,#555527
198,140,#354719
199,140,#273809
200,140,#213909
201,140,#253d0c
202,140,#2d3f0b
203,140,#40551c
204,140,#354d12
205,140,#2d4b0b
206,140,#40521e
207,140,#263c0a
208,140,#263c08
209,140,#253c07
210,140,#405b30
211,140,#121b2d
283,140,#485c41
284,140,#465823
285,140,#485c2c
286,140,#3e501d
287,140,#4c6424
288,140,#4e662a
289,140,#465b22
290,140,#5a7429
291,140,#516d23
292,140,#455e1d
293,140,#3b4f16
294,140,#4d6228
295,140,#495f14
296,140,#445c0d
297,140,#516c1c
298,140,#415f16
299,140,#69793c
300,140,#2e2e2e
308,140,#506535
309,140,#4f6229
310,140,#607636
311,140,#70834a
312,140,#678632
313,140,#2a450b
314,140,#284101
315,140,#5d7631
316,140,#374b0d
317,140,#33480a
318,140,#395210
319,140,#33500d
320,140,#344e0f
321,140,#2f440c
322,140,#4a631d
323,140,#425913
324,140,#3b4f10
325,140,#3e5914
326,140,#374f11
327,140,#2e470a
328,140,#324c0d
329,140,#304a0d
330,140,#2d4709
331,140,#364f0d
332,140,#3e5716
333,140,#2d4a0a
334,140,#314a09
335,140,#3d5811
336,140,#2e4d08
337,140,#345110
338,140,#2d4a0a
339,140,#2e4a0d
340,140,#2c4907
341,140,#2c4705
342,140,#32550f
343,140,#294509
344,140,#2c4a0e
345,140,#264404
346,140,#2e530e
347,140,#2c4a0a
348,140,#304f0c
349,140,#31520e
350,140,#3c5c10
351,140,#334e09
352,140,#3a580d
353,140,#3f5a14
354,140,#4e6122
355,140,#4a661c
356,140,#4d5e22
357,140,#4d571d
358,140,#5b5f25
359,140,#657234
360,140,#364a0d
361,140,#435317
362,140,#535e1f
363,140,#415716
364,140,#576d2f
365,140,#58682d
366,140,#5a6628
367,140,#605a27
368,140,#968250
369,140,#837044
370,140,#7a6337
371,140,#c89a6f
372,140,#d6ac7c
373,140,#c69769
374,140,#bf8b62
375,140,#966a45
376,140,#b07454
377,140,#ce835d
378,140,#e29971
379,140,#f7c995
380,140,#e6b586
381,140,#292523
458,140,#17251e
467,140,#3e5918
468,140,#324b17
469,140,#28400c
470,140,#273e0b
493,140,#21330c
494,140,#273c12
495,140,#253d03
496,140,#27400d
497,140,#112625
501,140,#11182a
508,140,#0c1722
171,141,#4f682d
172,141,#698a48
173,141,#2f4710
174,141,#272f04
175,141,#4a5f24
176,141,#546129
177,141,#454e21
178,141,#36450d
179,141,#486120
180,141,#536324
181,141,#4b581a
182,141,#535d20
183,141,#5a5f27
184,141,#64652c
185,141,#626828
186,141,#54521d
187,141,#2c430c
188,141,#25380a
189,141,#24370a
190,141,#223a08
191,141,#334614
192,141,#293e0a
193,141,#31480f
194,141,#354612
195,141,#2e4011
196,141,#202f07
197,141,#393806
198,141,#484d20
199,141,#353f10
200,141,#31420f
201,141,#2f4612
202,141,#354a12
203,141,#2a410d
204,141,#243b0d
205,141,#21380d
206,141,#273d0e
207,141,#223a07
208,141,#1d340a
209,141,#233a0d
210,141,#2d4111
211,141,#293d0e
212,141,#171d2a
284,141,#364240
285,141,#384c1a
286,141,#3e5315
287,141,#3c551d
288,141,#496121
289,141,#637938
290,141,#5b6f30
291,141,#354329
292,141,#141b2d
293,141,#0e1318
294,141,#27351a
295,141,#5e7339
296,141,#4e6522
297,141,#60753c
298,141,#121a2b
309,141,#6e843d
310,141,#5d722d
311,141,#4b621c
312,141,#738d44
313,141,#455c16
314,141,#546929
315,141,#394e15
316,141,#4d6028
317,141,#3a5412
318,141,#3d5813
319,141,#40581a
320,141,#344e12
321,141,#30450c
322,141,#465c1b
323,141,#3b5410
324,141,#314b0a
325,141,#3c5712
326,141,#344c0e
327,141,#344d0f
328,141,#304a0b
329,141,#2f490c
330,141,#324e12
331,141,#294304
332,141,#39550f
333,141,#304a09
334,141,#35500b
335,141,#33520d
336,141,#264502
337,141,#2e4309
338,141,#2c4109
339,141,#2f430e
340,141,#2c430b
341,141,#314b0e
342,141,#2c500b
343,141,#2d4d0d
344,141,#2d460f
345,141,#264309
346,141,#2a480c
347,141,#294c0a
348,141,#2b4b0a
349,141,#284608
350,141,#34530e
351,141,#33510b
352,141,#3e5d11
353,141,#446216
354,141,#50651d
355,141,#566326
356,141,#596a2a
357,141,#686438
358,141,#877650
359,141,#9f8e61
360,141,#5b5423
361,141,#605b26
362,141,#57591e
363,141,#746f3b
364,141,#5b5929
365,141,#656835
366,141,#68612d
367,141,#867a46
368,141,#897045
369,141,#a27654
370,141,#cf9e79
371,141,#bf8667
372,141,#ecb180
373,141,#e5b379
374,141,#d2a46c
375,141,#b9895d
376,141,#b27a54
377,141,#d08867
378,141,#d89877
379,141,#bc9165
380,141,#dfd1ab
459,141,#28400c
460,141,#394c1f
461,141,#3f5224
462,141,#132515
467,141,#2e480d
468,141,#283f0a
469,141,#243a08
470,141,#284407
471,141,#243d02
492,141,#2f4917
493,141,#2d460e
494,141,#293c0e
495,141,#172d07
496,141,#28400c
497,141,#28400c
498,141,#2a3b29
500,141,#283430
171,142,#5e7b3d
172,142,#485e20
173,142,#3c4d0c
174,142,#3a4110
175,142,#4c5d20
176,142,#505821
177,142,#475d1c
178,142,#495815
179,142,#4f581a
180,142,#5c6124
181,142,#5b6421
182,142,#5c6727
183,142,#48531d
184,142,#47581e
185,142,#3a4c15
186,142,#30410d
187,142,#2b440d
188,142,#212f04
189,142,#233509
190,142,#3b5122
191,142,#394716
192,142,#28380c
193,142,#2f410f
194,142,#293a10
195,142,#25370a
196,142,#25380a
197,142,#233c09
198,142,#505624
199,142,#706c37
200,142,#585e2b
201,142,#384d1a
202,142,#284008
203,142,#30470f
204,142,#243a0c
205,142,#273f10
206,142,#23390a
207,142,#2b410f
208,142,#23380b
209,142,#2c430f
210,142,#29400b
211,142,#304315
212,142,#233a09
213,142,#30460a
214,142,#3b4539
287,142,#474d4e
309,142,#24342f
310,142,#4f6134
311,142,#5d6b4c
312,142,#0b0f21
315,142,#33470e
316,142,#3b5119
317,142,#445e1b
318,142,#4a6522
319,142,#405b16
320,142,#324a0c
321,142,#384d12
322,142,#435814
323,142,#415715
324,142,#445d15
325,142,#304f07
326,142,#2c4608
327,142,#283e0d
328,142,#29430c
329,142,#325111
330,142,#365012
331,142,#284601
332,142,#315007
333,142,#395410
334,142,#445c15
335,142,#3f5c11
336,142,#344f0d
337,142,#2d4306
338,142,#2d4206
339,142,#2f440c
340,142,#29400b
341,142,#263d0a
342,142,#203c05
343,142,#2e5210
344,142,#26450c
345,142,#264509
346,142,#223f07
347,142,#28470a
348,142,#2b4b08
349,142,#31540b
350,142,#33520f
351,142,#2b490c
352,142,#416316
353,142,#325409
354,142,#48611d
355,142,#4b5f22
356,142,#626934
357,142,#937d55
358,142,#977654
359,142,#7f6736
360,142,#d1be8b
361,142,#987852
362,142,#666025
363,142,#867549
364,142,#6c5728
365,142,#7d663a
366,142,#635527
367,142,#7d6941
368,142,#8b6f48
369,142,#c88a6b
370,142,#ca926c
371,142,#a06f52
372,142,#91663d
373,142,#966b4d
374,142,#9f7e53
375,142,#c09565
376,142,#a17c4b
377,142,#c18360
378,142,#c9a172
379,142,#f7e0b4
459,142,#132424
460,142,#32500d
461,142,#2d3912
462,142,#263d10
463,142,#2a4026
467,142,#3e6233
468,142,#3d4c0f
469,142,#233b0e
470,142,#213906
471,142,#22350a
490,142,#163206
491,142,#1a340a
492,142,#152903
493,142,#213412
494,142,#283d12
495,142,#2e4510
496,142,#294411
497,142,#375646
511,142,#273337
171,143,#48602e
172,143,#37490f
173,143,#515827
174,143,#4a541e
175,143,#4d581d
176,143,#535128
177,143,#415412
178,143,#545e1f
179,143,#4f5819
180,143,#4e5a1c
181,143,#546426
182,143,#35490d
183,143,#374915
184,143,#394e16
185,143,#2f4610
186,143,#304013
187,143,#384614
188,143,#2f3c10
189,143,#283d0e
190,143,#203307
191,143,#2c3b10
192,143,#304212
193,143,#293b0b
194,143,#37491b
195,143,#2a3e09
196,143,#30470f
197,143,#575b24
198,143,#544f18
199,143,#606127
200,143,#73763f
201,143,#34410c
202,143,#3e541c
203,143,#2a4109
204,143,#243a09
205,143,#213609
206,143,#283e0f
207,143,#263b0a
208,143,#2d4312
209,143,#29400c
210,143,#2a410d
211,143,#26390b
212,143,#2b420e
213,143,#36491b
214,143,#2f410e
316,143,#4f642b
317,143,#5d7238
318,143,#42571c
319,143,#415619
320,143,#314910
321,143,#32450e
322,143,#3f4e13
323,143,#36480f
324,143,#35490c
325,143,#3c5313
326,143,#334810
327,143,#27370f
328,143,#1d3005
329,143,#2b420d
330,143,#293e0a
331,143,#3a500e
332,143,#344f09
333,143,#395210
334,143,#324905
335,143,#2b3f0b
336,143,#31460e
337,143,#3b5112
338,143,#2f440d
339,143,#394d18
340,143,#2f4310
341,143,#2b420c
342,143,#26410a
343,143,#29460a
344,143,#274309
345,143,#1e3d05
346,143,#27460d
347,143,#2c4b09
348,143,#395916
349,143,#2b4b08
350,143,#37590e
351,143,#355110
352,143,#3f5713
353,143,#3c5714
354,143,#344e0d
355,143,#46581c
356,143,#515821
357,143,#a88864
358,143,#a07e5b
359,143,#a08767
360,143,#b99f7e
361,143,#9e6d4d
362,143,#9c7d4f
363,143,#665b23
364,143,#837145
365,143,#806840
366,143,#795e37
367,143,#7e5d3c
368,143,#c6936f
369,143,#cd7f5e
370,143,#d59873
371,143,#a67857
372,143,#8e6741
373,143,#7c5b38
374,143,#916c45
375,143,#9c7649
376,143,#936e3a
377,143,#ae8c5f
378,143,#f1e193
460,143,#162134
461,143,#1b3411
462,143,#202e0a
463,143,#2a4308
464,143,#304033
468,143,#2b420a
469,143,#203403
470,143,#314618
471,143,#263b08
480,143,#1b2d24
489,143,#304c1a
490,143,#24410c
491,143,#253c10
492,143,#263a13
493,143,#182c06
494,143,#32471a
495,143,#31440d
496,143,#142119
171,144,#355216
172,144,#38520d
173,144,#53522a
174,144,#565922
175,144,#4c5826
176,144,#4c5c27
177,144,#506021
178,144,#505c1e
179,144,#415111
180,144,#344409
181,144,#32450e
182,144,#2e430b
183,144,#2c3f07
184,144,#3d4e17
185,144,#304210
186,144,#344815
187,144,#253804
188,144,#2f4413
189,144,#2e4511
190,144,#2e3f15
191,144,#1d310a
192,144,#293b09
193,144,#293a0d
194,144,#2f410d
195,144,#2e420d
196,144,#2e480b
197,144,#445212
198,144,#79783c
199,144,#766d37
200,144,#4b541e
201,144,#394b17
202,144,#374b16
203,144,#31460d
204,144,#2d410d
205,144,#273a0d
206,144,#2c3f11
207,144,#2b3e10
208,144,#2d410d
209,144,#2a3e0b
210,144,#283f0b
211,144,#2a3d0f
212,144,#2a3c09
213,144,#344616
214,144,#394e15
314,144,#262a2f
316,144,#19221f
317,144,#3e5217
318,144,#44581d
319,144,#3c4f17
320,144,#3a5012
321,144,#374910
322,144,#4b581f
323,144,#45521d
324,144,#394811
325,144,#45521c
326,144,#29390b
327,144,#21330a
328,144,#25360c
329,144,#2e3f12
330,144,#172e02
331,144,#31460d
332,144,#3d540f
333,144,#354b0b
334,144,#304607
335,144,#273906
336,144,#2e400e
337,144,#2f4409
338,144,#2f4212
339,144,#2c400d
340,144,#273905
341,144,#25380a
342,144,#263e0e
343,144,#233407
344,144,#334918
345,144,#203709
346,144,#1e3808
347,144,#28470d
348,144,#2a480a
349,144,#2a4704
350,144,#355308
351,144,#516024
352,144,#375411
353,144,#365511
354,144,#3a5311
355,144,#385112
356,144,#48561a
357,144,#837453
358,144,#ddba8e
359,144,#c1a67c
360,144,#757c52
361,144,#8b7648
362,144,#8e7147
363,144,#9f805a
364,144,#695f2c
365,144,#766136
366,144,#8b613e
367,144,#986e56
368,144,#a66f52
369,144,#8e5840
370,144,#b98764
371,144,#86613e
372,144,#745d33
373,144,#6b642f
374,144,#8b6e3c
375,144,#aa8a4b
376,144,#a47f44
377,144,#aca05a
462,144,#1b2e06
463,144,#263805
464,144,#344a09
465,144,#365112
466,144,#070f22
468,144,#254d32
469,144,#27350a
470,144,#283d09
471,144,#20310f
488,144,#364d22
489,144,#2a420d
490,144,#1e340c
491,144,#203610
492,144,#152b05
493,144,#1a300a
494,144,#20370b
495,144,#213609
169,145,#182029
170,145,#455c3d
171,145,#445c24
172,145,#505020
173,145,#5a613c
174,145,#556027
175,145,#333f0e
176,145,#2d4008
177,145,#2b4006
178,145,#3a4c0e
179,145,#3e4d12
180,145,#34480b
181,145,#30440a
182,145,#3b4a11
183,145,#32430e
184,145,#344612
185,145,#394d17
186,145,#2e4210
187,145,#293d08
188,145,#2b3f0a
189,145,#283c07
190,145,#253b0b
191,145,#21360b
192,145,#2f4011
193,145,#2c390b
194,145,#304212
195,145,#263d06
196,145,#31460b
197,145,#374c0c
198,145,#77763b
199,145,#4d5c21
200,145,#5a581f
201,145,#525b21
202,145,#364712
203,145,#334511
204,145,#253808
205,145,#283c09
206,145,#293c0e
207,145,#26370b
208,145,#283c09
209,145,#283f0b
210,145,#273f0d
211,145,#29410d
212,145,#2e420d
213,145,#304210
214,145,#2e420f
215,145,#4f5b35
316,145,#26312a
317,145,#44561c
318,145,#516027
319,145,#3a470f
320,145,#314309
321,145,#394f11
322,145,#485a20
323,145,#3e4d16
324,145,#33420b
325,145,#233503
326,145,#233608
327,145,#1f3006
328,145,#273a0a
329,145,#2f460f
330,145,#283b0b
331,145,#2e430b
332,145,#31460a
333,145,#2d4207
334,145,#32480c
335,145,#283b04
336,145,#354a0f
337,145,#2d4205
338,145,#2c4109
339,145,#324515
340,145,#263d09
341,145,#2a410e
342,145,#21360b
343,145,#2e4113
344,145,#34451d
345,145,#1d320b
346,145,#2a4415
347,145,#213c08
348,145,#1c3403
349,145,#2e4510
350,145,#2d4b08
351,145,#3e4d14
352,145,#3e6016
353,145,#38580d
354,145,#374d0f
355,145,#415618
356,145,#3e5018
357,145,#787144
358,145,#c9a580
359,145,#efcda3
360,145,#c2a988
361,145,#7b623f
362,145,#f3d0ad
363,145,#8f734e
364,145,#514317
365,145,#a27f57
366,145,#905d3c
367,145,#a56f51
368,145,#966044
369,145,#835c3c
370,145,#88673e
371,145,#81653e
372,145,#7c6334
373,145,#7b6a2f
374,145,#977e46
375,145,#8b863e
376,145,#98893d
459,145,#1d2a34
462,145,#172e22
463,145,#2a3f04
464,145,#34392e
465,145,#2e4410
466,145,#2d4c08
467,145,#0b212f
468,145,#031d19
469,145,#4a5e26
470,145,#3a5215
471,145,#314311
472,145,#263a27
485,145,#314136
486,145,#1f3f0c
487,145,#2b4110
488,145,#2e4511
489,145,#283d10
490,145,#22370c
491,145,#1c300d
492,145,#193008
493,145,#294016
494,145,#2a4117
495,145,#243c12
496,145,#1d2b36
169,146,#456123
170,146,#3b562a
171,146,#2f3e0a
172,146,#797646
173,146,#3c4c14
174,146,#202f08
175,146,#445b1d
176,146,#3d5314
177,146,#334b11
178,146,#354b0d
179,146,#33480d
180,146,#33470d
181,146,#2e400e
182,146,#3b4c15
183,146,#2c3e0e
184,146,#223508
185,146,#344711
186,146,#2d3f0e
187,146,#384c19
188,146,#2a3d0d
189,146,#293c0e
190,146,#2a3d0f
191,146,#1e3105
192,146,#273a0a
193,146,#293c0c
194,146,#384819
195,146,#2c3f08
196,146,#324911
197,146,#324a0b
198,146,#314c0f
199,146,#33460e
200,146,#505b21
201,146,#35440d
202,146,#334410
203,146,#2f410f
204,146,#243709
205,146,#2c400d
206,146,#253407
207,146,#2b3d0d
208,146,#263a05
209,146,#304313
210,146,#293f0e
211,146,#2f4612
212,146,#314411
213,146,#2f4111
214,146,#2a3d0d
215,146,#4d521a
216,146,#615e2b
316,146,#324213
317,146,#455418
318,146,#404f14
319,146,#425116
320,146,#3b4d13
321,146,#455419
322,146,#3e4a12
323,146,#43541d
324,146,#2e420d
325,146,#2a3d0d
326,146,#26370b
327,146,#223309
328,146,#24370b
329,146,#1c3105
330,146,#283c08
331,146,#233608
332,146,#24360c
333,146,#2a3f06
334,146,#2c3f0e
335,146,#344911
336,146,#2d4105
337,146,#3a4e0f
338,146,#354810
339,146,#2b3d0d
340,146,#27380b
341,146,#26380e
342,146,#1b2f0a
343,146,#24360e
344,146,#28390c
345,146,#1e330a
346,146,#1c320c
347,146,#1c300d
348,146,#182909
349,146,#1c2c08
350,146,#2b440a
351,146,#465711
352,146,#314e11
353,146,#36510d
354,146,#455818
355,146,#495a15
356,146,#3c4d0a
357,146,#4e5319
358,146,#3f3d11
359,146,#9c7f5a
360,146,#715c39
361,146,#412f0d
362,146,#8d6b47
363,146,#776037
364,146,#a77b58
365,146,#ad7b53
366,146,#ae6e50
367,146,#895d3a
368,146,#826238
369,146,#786734
370,146,#8a7740
371,146,#7f6a37
372,146,#66631b
373,146,#5d6221
374,146,#68681d
375,146,#c1af7a
376,146,#0d041f
463,146,#273e2e
464,146,#33440e
465,146,#2a3a10
466,146,#334c11
467,146,#526534
468,146,#214617
469,146,#0c1c2b
470,146,#395036
471,146,#2b4106
472,146,#20360d
485,146,#28411b
486,146,#2a4710
487,146,#1a3103
488,146,#253d09
489,146,#1e3507
490,146,#203607
491,146,#1b3009
492,146,#253a0e
493,146,#253a0f
494,146,#21360f
495,146,#1f3a04
496,146,#274412
513,146,#122332
168,147,#384b34
169,147,#70884d
170,147,#677e45
171,147,#525029
172,147,#404b29
173,147,#415022
174,147,#44531b
175,147,#405417
176,147,#43571c
177,147,#2d400a
178,147,#34450e
179,147,#32450d
180,147,#364a0d
181,147,#31440d
182,147,#2a4009
183,147,#2e4412
184,147,#29400b
185,147,#2c450e
186,147,#2c430b
187,147,#30420f
188,147,#344716
189,147,#1a2e07
190,147,#243606
191,147,#304212
192,147,#293a0c
193,147,#223508
194,147,#2b420c
195,147,#274007
196,147,#2b3f0b
197,147,#2b3b06
198,147,#323f0e
199,147,#28400d
200,147,#213808
201,147,#2c3f12
202,147,#233507
203,147,#2f3f10
204,147,#304211
205,147,#293d0f
206,147,#303e0d
207,147,#2a420a
208,147,#2c4009
209,147,#293e12
210,147,#2c3f0f
211,147,#26390a
212,147,#2c3d10
213,147,#283b0b
214,147,#283a07
215,147,#3d430e
216,147,#263f09
217,147,#a28944
315,147,#060c17
316,147,#394713
317,147,#39480f
318,147,#384710
319,147,#47561d
320,147,#425113
321,147,#526022
322,147,#394a12
323,147,#42541a
324,147,#354515
325,147,#27380a
326,147,#23320a
327,147,#233507
328,147,#1f3606
329,147,#26390b
330,147,#2b420d
331,147,#2c400b
332,147,#22380a
333,147,#253a0d
334,147,#2c410b
335,147,#3a4d15
336,147,#32460c
337,147,#2d410a
338,147,#263909
339,147,#304210
340,147,#2c3c0d
341,147,#2e3e11
342,147,#132a03
343,147,#1d310e
344,147,#2b3b15
345,147,#293e15
346,147,#1a2f06
347,147,#22380a
348,147,#2d3e11
349,147,#2d430e
350,147,#3f5721
351,147,#293c2b
352,147,#354909
353,147,#3d4e10
354,147,#112007
355,147,#253319
356,147,#54611e
357,147,#49591e
358,147,#6b6f38
359,147,#79764e
360,147,#715535
361,147,#927555
362,147,#8c744d
363,147,#b3855d
364,147,#b78f66
365,147,#c39c72
366,147,#bd8663
367,147,#aa8a53
368,147,#84753a
369,147,#6f662b
370,147,#73732f
371,147,#615f27
372,147,#50581b
373,147,#837d45
462,147,#091622
464,147,#0a1421
465,147,#2b420b
466,147,#49521c
467,147,#26420a
468,147,#41591a
469,147,#233b0c
470,147,#25410d
471,147,#1a3e1d
472,147,#38570e
473,147,#20491f
481,147,#040c1e
482,147,#173408
483,147,#27400f
484,147,#2e4a11
485,147,#294513
486,147,#193005
487,147,#1f3708
488,147,#1f3508
489,147,#25370f
490,147,#1b3208
491,147,#23360c
492,147,#334616
493,147,#22370e
494,147,#29410e
495,147,#283f10
496,147,#2a4803
497,147,#152720
507,147,#172726
508,147,#1a261f
512,147,#223d0d
513,147,#0c2218
514,147,#1d2b33
167,148,#3c5c22
168,148,#416023
169,148,#30450b
170,148,#7a7848
171,148,#67653c
172,148,#2d3f09
173,148,#384b14
174,148,#374a12
175,148,#354810
176,148,#2c3f08
177,148,#2a3c08
178,148,#33440e
179,148,#2f420a
180,148,#2c3f08
181,148,#2f420c
182,148,#294009
183,148,#1f3506
184,148,#283f0c
185,148,#25400e
186,148,#243b0d
187,148,#273f0e
188,148,#213510
189,148,#213206
190,148,#1d2c05
191,148,#21350b
192,148,#1e380d
193,148,#20350a
194,148,#2b3b0f
195,148,#1a3003
196,148,#243509
197,148,#32420f
198,148,#2c3d0c
199,148,#243b07
200,148,#2f460f
201,148,#2c3f0f
202,148,#26390b
203,148,#2b3b0c
204,148,#263909
205,148,#273d0e
206,148,#27380a
207,148,#293d0a
208,148,#2d3d0d
209,148,#293a0d
210,148,#2e3e11
211,148,#2a3a0d
212,148,#26380c
213,148,#283b0b
214,148,#303d0b
215,148,#314915
216,148,#2b3b03
217,148,#916e2e
218,148,#786c3b
315,148,#04091d
316,148,#4b5828
317,148,#394810
318,148,#293703
319,148,#3f4e17
320,148,#32430a
321,148,#465419
322,148,#36480d
323,148,#364711
324,148,#243308
325,148,#22370e
326,148,#1e3308
327,148,#2e3f0e
328,148,#2c430f
329,148,#233b07
330,148,#263b0c
331,148,#2b3f0b
332,148,#273b0b
333,148,#2c3f0f
334,148,#2b3e07
335,148,#2e400c
336,148,#2c3e0c
337,148,#2a3f07
338,148,#2a3e0b
339,148,#30420e
340,148,#33440e
341,148,#30410d
342,148,#1b3205
343,148,#1d310b
344,148,#24360e
345,148,#1e320d
346,148,#273c13
347,148,#233711
348,148,#1f3205
349,148,#253809
350,148,#344e11
351,148,#254003
352,148,#2e4808
353,148,#354a0f
354,148,#364d0b
355,148,#3e5215
356,148,#45541d
357,148,#344c0e
358,148,#3c4f13
359,148,#5f6539
360,148,#5e6333
361,148,#756640
362,148,#a17655
363,148,#967950
364,148,#d2a37f
365,148,#d4ac7c
366,148,#bd9468
367,148,#9b7751
368,148,#8e7245
369,148,#8d7641
370,148,#69692f
371,148,#4b570e
372,148,#7c8248
462,148,#223e1f
465,148,#1e380d
466,148,#203403
467,148,#364e12
468,148,#36480a
469,148,#31460f
470,148,#2c410c
471,148,#353f09
472,148,#4b662f
473,148,#264912
474,148,#193c34
481,148,#222d26
482,148,#284609
483,148,#1b3401
484,148,#294410
485,148,#2b470c
486,148,#233a0d
487,148,#18340a
488,148,#203910
489,148,#1e330b
490,148,#1e3506
491,148,#394c1f
492,148,#182f07
493,148,#27410f
494,148,#2f4e0a
495,148,#2d4b0d
496,148,#36502d
497,148,#2c4528
500,148,#213620
501,148,#244009
502,148,#112c09
503,148,#1b3409
504,148,#293d0b
505,148,#2d4415
506,148,#192b16
507,148,#1c320b
512,148,#15291d
513,148,#142a06
147,149,#0a0c1d
167,149,#8aab76
168,149,#253c0b
169,149,#535521
170,149,#373717
171,149,#344813
172,149,#2b3b0c
173,149,#334316
174,149,#2c3d0b
175,149,#2e400c
176,149,#2b3d0b
177,149,#233408
178,149,#29390c
179,149,#2e3f10
180,149,#243708
181,149,#263909
182,149,#293f0f
183,149,#1d3208
184,149,#1d3109
185,149,#193209
186,149,#1f380e
187,149,#1d310c
188,149,#243b0e
189,149,#152b06
190,149,#182e07
191,149,#1a3105
192,149,#1d360a
193,149,#20350a
194,149,#26370d
195,149,#323d13
196,149,#2a390e
197,149,#28370d
198,149,#24390c
199,149,#25380a
200,149,#233607
201,149,#2b420e
202,149,#223808
203,149,#293a0d
204,149,#253a0d
205,149,#203508
206,149,#21370b
207,149,#243a0b
208,149,#223307
209,149,#2b410e
210,149,#1e3306
211,149,#263b0e
212,149,#1d3207
213,149,#273a0a
214,149,#424a16
215,149,#42450c
216,149,#605f2a
217,149,#776929
218,149,#8d6d24
219,149,#0f1219
315,149,#202928
316,149,#44511e
317,149,#2d3b07
318,149,#364413
319,149,#354310
320,149,#424c17
321,149,#66753a
322,149,#3a4c16
323,149,#2a3a0d
324,149,#243405
325,149,#2d400e
326,149,#283b0d
327,149,#23380a
328,149,#233a0c
329,149,#243409
330,149,#23380e
331,149,#2a3d0e
332,149,#283b0b
333,149,#2b3c0f
334,149,#2e400f
335,149,#2b4008
336,149,#233705
337,149,#2a3e0b
338,149,#2c3f11
339,149,#2c3e0e
340,149,#2e3f09
341,149,#394a16
342,149,#2f4514
343,149,#1e3308
344,149,#1d3209
345,149,#1c300d
346,149,#152808
347,149,#1c300d
348,149,#364f15
349,149,#516232
350,149,#2c450c
351,149,#324611
352,149,#3c4e20
353,149,#3c4d16
354,149,#3b4f19
355,149,#14220d
356,149,#485731
357,149,#415517
358,149,#3e5213
359,149,#444519
360,149,#454212
361,149,#726035
362,149,#866e48
363,149,#655f35
364,149,#8a6b43
365,149,#ab7b5a
366,149,#b78d60
367,149,#8d7242
368,149,#85703b
369,149,#817a3b
370,149,#555f1e
371,149,#56581e
465,149,#293d25
466,149,#263d0b
467,149,#31450f
468,149,#395115
469,149,#2c4109
470,149,#213908
471,149,#384818
472,149,#495921
474,149,#123336
482,149,#28430b
483,149,#324912
484,149,#344d14
485,149,#2b450a
486,149,#2c4714
487,149,#193306
488,149,#1f360a
489,149,#314416
490,149,#172d02
491,149,#2b3d16
492,149,#263d0c
493,149,#3f5817
494,149,#36500f
495,149,#2f4b13
500,149,#060b1e
505,149,#0f1623
506,149,#0a0f21
147,150,#17131a
148,150,#292a25
166,150,#61703a
167,150,#b2d3b7
168,150,#2a430a
169,150,#5f5427
170,150,#4d592f
171,150,#31460d
172,150,#2e4507
173,150,#2e420e
174,150,#2d3f0d
175,150,#31460e
176,150,#364a15
177,150,#2c3e0a
178,150,#26370b
179,150,#253609
180,150,#22340b
181,150,#1f3207
182,150,#22370b
183,150,#1c3106
184,150,#1e330b
185,150,#193004
186,150,#1f3706
187,150,#243e0e
188,150,#223a09
189,150,#1b3006
190,150,#152e04
191,150,#233912
192,150,#1f360b
193,150,#162a09
194,150,#273912
195,150,#223807
196,150,#263909
197,150,#283f0c
198,150,#263c0b
199,150,#273d0c
200,150,#253b0a
201,150,#24390c
202,150,#213309
203,150,#25380a
204,150,#283b0e
205,150,#233609
206,150,#213309
207,150,#293c0c
208,150,#253808
209,150,#324613
210,150,#2c400b
211,150,#2b3e10
212,150,#2d3f0b
213,150,#32490f
214,150,#3d470b
215,150,#515d25
216,150,#2a3d03
217,150,#3f4d08
218,150,#494d07
219,150,#455a2f
315,150,#232e1e
316,150,#354716
317,150,#3e4e1d
318,150,#2f3c0e
319,150,#333f0a
320,150,#44511a
321,150,#303d09
322,150,#2d3f04
323,150,#354211
324,150,#303e0d
325,150,#1e3002
326,150,#2d410c
327,150,#243a10
328,150,#203304
329,150,#24390d
330,150,#22370e
331,150,#253609
332,150,#23380b
333,150,#213309
334,150,#27380b
335,150,#2a3e09
336,150,#2c400b
337,150,#25380a
338,150,#233608
339,150,#26390a
340,150,#2c400d
341,150,#2e3e0f
342,150,#263806
343,150,#273a0d
344,150,#25380b
345,150,#23390c
346,150,#172a0a
347,150,#14290b
348,150,#40511c
349,150,#040b1c
350,150,#2c410b
351,150,#49571c
352,150,#3c4b13
353,150,#1b2429
357,150,#1a2906
358,150,#3e5415
359,150,#475620
360,150,#3c4b10
361,150,#59562b
362,150,#333b0a
363,150,#95825a
364,150,#84643b
365,150,#c59b73
366,150,#a57e53
367,150,#725f25
368,150,#776f2c
369,150,#444f1a
370,150,#495412
466,150,#2a3b2a
467,150,#3a4f16
468,150,#203303
469,150,#243805
470,150,#293d09
471,150,#28430d
472,150,#434a17
473,150,#0c1c2b
474,150,#306645
482,150,#203c0b
483,150,#2e4614
484,150,#2f4c0d
485,150,#2a4308
486,150,#3b5513
487,150,#243f0c
488,150,#20370d
489,150,#2a400f
490,150,#2c4211
491,150,#1c3008
492,150,#365411
493,150,#364a10
494,150,#365112
495,150,#416019
499,150,#101c21
503,150,#121729
512,150,#0a1c1b
517,150,#182d0e
518,150,#26341c
147,151,#262b1a
148,151,#1a1e1b
166,151,#616c2d
167,151,#b2c7be
168,151,#616336
169,151,#4d4a20
170,151,#2d3d10
171,151,#314512
172,151,#32460b
173,151,#33460e
174,151,#2d410e
175,151,#2f410d
176,151,#394c14
177,151,#344613
178,151,#263808
179,151,#2c3d13
180,151,#24360b
181,151,#273a0b
182,151,#192d06
183,151,#1f3408
184,151,#263d09
185,151,#253c10
186,151,#233a0e
187,151,#102906
188,151,#1d370c
189,151,#243b11
190,151,#1b340c
191,151,#22390f
192,151,#253d0b
193,151,#273c0e
194,151,#283a12
195,151,#2a3f14
196,151,#283b0f
197,151,#2a400f
198,151,#263d07
199,151,#293f10
200,151,#1d3303
201,151,#203508
202,151,#22340c
203,151,#25380b
204,151,#213309
205,151,#25380a
206,151,#273a0c
207,151,#233606
208,151,#2b3e0e
209,151,#283c09
210,151,#2a3d0d
211,151,#243707
212,151,#2f430e
213,151,#2c4408
214,151,#32470e
215,151,#2d480f
216,151,#26400d
217,151,#3b4811
218,151,#4a5819
219,151,#57612c
220,151,#314a01
221,151,#2b4407
222,151,#355928
314,151,#272e2a
315,151,#3a480f
316,151,#3b4722
317,151,#37410f
318,151,#293607
319,151,#27380b
320,151,#47551e
321,151,#2a3b07
322,151,#3b4d13
323,151,#666934
324,151,#505220
325,151,#33400a
326,151,#2d410c
327,151,#263d0b
328,151,#374917
329,151,#2b3c10
330,151,#26380c
331,151,#2a3709
332,151,#203309
333,151,#23350d
334,151,#233408
335,151,#2c400d
336,151,#243707
337,151,#253808
338,151,#233608
339,151,#23350b
340,151,#263c0b
341,151,#293a0e
342,151,#27390e
343,151,#1e330a
344,151,#24390d
345,151,#182d04
346,151,#1b2f0a
347,151,#132702
348,151,#2c4205
349,151,#3d4f10
350,151,#4d571b
351,151,#4b5519
352,151,#3d4816
357,151,#44541b
358,151,#49571c
359,151,#273305
360,151,#4f5520
361,151,#424518
362,151,#6e6232
363,151,#695630
364,151,#735835
365,151,#926f45
366,151,#997448
367,151,#645e23
368,151,#5a6225
369,151,#42580c
467,151,#314712
468,151,#273b08
469,151,#3b5016
470,151,#273a0a
471,151,#284007
472,151,#3f4a24
473,151,#042117
474,151,#0a3b30
475,151,#03273b
482,151,#123202
483,151,#1c3603
484,151,#1e3508
485,151,#213909
486,151,#2b420b
487,151,#2b4010
488,151,#23390a
489,151,#334a13
490,151,#2f480e
491,151,#364f16
492,151,#2c440f
493,151,#253d0b
494,151,#2f4e0a
495,151,#3b4e22
499,151,#2f4516
500,151,#091211
502,151,#1d291f
503,151,#1e2c1b
504,151,#2b3c1c
505,151,#3d501e
512,151,#0a0f22
513,151,#071a17
517,151,#1c282a
519,151,#273f18
520,151,#1a340a
521,151,#1c320b
522,151,#284014
523,151,#071122
526,151,#304026
165,152,#53563e
166,152,#4f5629
167,152,#cfdac6
168,152,#4b4d1f
169,152,#50532b
170,152,#293b08
171,152,#374611
172,152,#2b3f0d
173,152,#273b06
174,152,#263a09
175,152,#293d08
176,152,#2c3f11
177,152,#203306
178,152,#2b3f0a
179,152,#334511
180,152,#273b09
181,152,#2c400d
182,152,#233a06
183,152,#2f470e
184,152,#263b0f
185,152,#283d0f
186,152,#233908
187,152,#162b07
188,152,#1a3009
189,152,#20370d
190,152,#162f07
191,152,#263d11
192,152,#1c320d
193,152,#1d3408
194,152,#1d3308
195,152,#253c09
196,152,#283d14
197,152,#283d13
198,152,#29400c
199,152,#283d11
200,152,#0b1e02
201,152,#20350c
202,152,#1f350b
203,152,#243b08
204,152,#273a0d
205,152,#213208
206,152,#2a3c0f
207,152,#2e4305
208,152,#2b420d
209,152,#2f4c0d
210,152,#3b5014
211,152,#283701
212,152,#3f4d15
213,152,#3b4e14
214,152,#284011
215,152,#2a410f
216,152,#253a08
217,152,#2e3d0b
218,152,#3c4e15
219,152,#304b0a
220,152,#334d0b
221,152,#344f08
222,152,#344a0a
223,152,#284409
224,152,#4c6427
225,152,#44623b
315,152,#37402e
316,152,#2c3c12
317,152,#344316
318,152,#283507
319,152,#4f5925
320,152,#25360a
321,152,#27380b
322,152,#3a4714
323,152,#656532
324,152,#5e652f
325,152,#3a4710
326,152,#364711
327,152,#2d400d
328,152,#213205
329,152,#2f400e
330,152,#20300f
331,152,#243708
332,152,#24370a
333,152,#26370c
334,152,#24370a
335,152,#25380a
336,152,#26380e
337,152,#283d0f
338,152,#22370a
339,152,#22370c
340,152,#233609
341,152,#213309
342,152,#21360a
343,152,#1f340a
344,152,#1b2f0c
345,152,#1b2f0a
346,152,#1a2e08
347,152,#1e300c
348,152,#2f3f1a
349,152,#414625
350,152,#49521b
351,152,#3e4510
352,152,#575b30
356,152,#4f5936
357,152,#56682b
358,152,#64602c
359,152,#595022
360,152,#6f5d2a
361,152,#666326
362,152,#646130
363,152,#53471a
364,152,#705a31
365,152,#a4805c
366,152,#8d773e
367,152,#515e24
368,152,#2a430b
369,152,#071214
464,152,#0d1526
467,152,#1b2431
468,152,#35481a
469,152,#334d0a
470,152,#3a5119
471,152,#3f571a
472,152,#48621d
473,152,#1a3001
474,152,#1f4133
475,152,#0d232c
476,152,#3d5b2d
483,152,#0e2f03
484,152,#1f3608
485,152,#233b07
486,152,#2c3d0b
487,152,#405417
488,152,#31460c
489,152,#1f3808
490,152,#233f0c
491,152,#284311
492,152,#193403
493,152,#294609
499,152,#1f390e
500,152,#25381b
501,152,#233414
502,152,#273c09
503,152,#2d3734
505,152,#0e1c18
512,152,#1e330f
513,152,#121a21
518,152,#0e1726
519,152,#33491f
520,152,#2e4609
521,152,#1e350b
522,152,#132d08
523,152,#141c25
529,152,#2f4622
530,152,#0e2023
165,153,#aaac9f
166,153,#464e1d
167,153,#f7fefd
168,153,#4c5220
169,153,#434b22
170,153,#2c3d10
171,153,#304212
172,153,#2a3e0b
173,153,#2b4008
174,153,#304411
175,153,#283c07
176,153,#2c400d
177,153,#2a400f
178,153,#2c400b
179,153,#293d0a
180,153,#23380b
181,153,#213609
182,153,#263d0a
183,153,#2f4610
184,153,#203508
185,153,#1f330e
186,153,#21360b
187,153,#1f360b
188,153,#1b3206
189,153,#223a0a
190,153,#29440f
191,153,#294111
192,153,#1f360a
193,153,#21380c
194,153,#1a3009
195,153,#273e13
196,153,#20370b
197,153,#293e14
198,153,#24390e
199,153,#253b08
200,153,#22370b
201,153,#1f3407
202,153,#233909
203,153,#25370d
204,153,#2e400d
205,153,#2b3c0c
206,153,#3e4a1a
207,153,#2b3805
208,153,#3c4515
209,153,#373c08
210,153,#31420e
211,153,#334511
212,153,#304511
213,153,#2f4310
214,153,#2c3f0f
215,153,#273f0b
216,153,#29400c
217,153,#213304
218,153,#374c11
219,153,#294304
220,153,#324a0c
221,153,#37500f
222,153,#314707
223,153,#39520e
224,153,#324a0e
225,153,#324e0b
226,153,#072f27
316,153,#2b4004
317,153,#2a3608
318,153,#2d3a0c
319,153,#2e3f12
320,153,#4d5a26
321,153,#344210
322,153,#2e410d
323,153,#4d5621
324,153,#4e5c27
325,153,#434e18
326,153,#4a5221
327,153,#3a4918
328,153,#2f3f0e
329,153,#3e4f19
330,153,#16250a
331,153,#2e4113
332,153,#25380b
333,153,#27380c
334,153,#25380b
335,153,#233609
336,153,#23350b
337,153,#22370a
338,153,#22370a
339,153,#203508
340,153,#374a1d
341,153,#1f3107
342,153,#223508
343,153,#23380b
344,153,#162c07
345,153,#142a04
346,153,#162b0a
347,153,#334313
348,153,#141b20
349,153,#525926
350,153,#3e4911
351,153,#47521a
352,153,#434c15
355,153,#303427
356,153,#515331
357,153,#5b5d28
358,153,#675b2e
359,153,#544e22
360,153,#786632
361,153,#625322
362,153,#68572d
363,153,#67552c
364,153,#715731
365,153,#96754b
366,153,#7f6534
367,153,#3b5306
368,153,#121e2a
468,153,#233a06
469,153,#243608
470,153,#3b5315
471,153,#3e5717
472,153,#2e490a
473,153,#3a5319
474,153,#2d4713
475,153,#294635
476,153,#2f4311
483,153,#233e16
484,153,#3d5514
485,153,#374d0c
486,153,#344a0c
487,153,#364f0c
488,153,#223c05
489,153,#233e0b
490,153,#213c09
491,153,#1f3a04
492,153,#324a0d
493,153,#2d4711
498,153,#1c2a26
499,153,#1b3409
500,153,#23380c
501,153,#394e13
502,153,#1e2b2b
509,153,#0a101c
517,153,#131d2d
520,153,#30471b
521,153,#2a4210
522,153,#30471d
523,153,#0b1414
527,153,#0c1822
528,153,#223b13
529,153,#193504
530,153,#213e0b
531,153,#233e0d
544,153,#273625
545,153,#131b28
166,154,#485d30
167,154,#2f3919
168,154,#525223
169,154,#333f11
170,154,#213404
171,154,#223908
172,154,#273b07
173,154,#31460d
174,154,#2c4109
175,154,#233609
176,154,#293c0c
177,154,#2a420e
178,154,#2d440e
179,154,#213706
180,154,#1a3105
181,154,#223a0a
182,154,#243a09
183,154,#263c0d
184,154,#263c0d
185,154,#263c0a
186,154,#283e0d
187,154,#243b11
188,154,#2b4214
189,154,#1f3608
190,154,#2c4712
191,154,#304816
192,154,#263e0a
193,154,#20370c
194,154,#1a3009
195,154,#19320a
196,154,#1c3609
197,154,#243a08
198,154,#162a08
199,154,#23380b
200,154,#273d0e
201,154,#223809
202,154,#293a1a
203,154,#2a3c0d
204,154,#23340b
205,154,#3b4b1a
206,154,#293f0a
207,154,#283d0e
208,154,#344714
209,154,#2e4109
210,154,#203a07
211,154,#253b0c
212,154,#334a0e
213,154,#314812
214,154,#284108
215,154,#28410a
216,154,#253d0b
217,154,#344d14
218,154,#364e12
219,154,#364b10
220,154,#354a11
221,154,#364b10
222,154,#293f10
223,154,#4e611e
224,154,#3b5114
225,154,#344205
226,154,#494d14
227,154,#3a491c
228,154,#4d5a36
229,154,#3b5129
230,154,#1e3e44
232,154,#185c5d
233,154,#072f43
316,154,#181d2e
317,154,#374310
318,154,#333d0b
319,154,#4a5421
320,154,#37450f
321,154,#2c3401
322,154,#35420a
323,154,#585822
324,154,#5f6532
325,154,#535b2a
326,154,#5f6636
327,154,#353e11
328,154,#2f3c08
329,154,#3a4910
330,154,#2e400c
331,154,#283b0b
332,154,#223508
333,154,#2b3c10
334,154,#25380b
335,154,#25380b
336,154,#22340a
337,154,#24390e
338,154,#213609
339,154,#223809
340,154,#273a0d
341,154,#213309
342,154,#283a0b
343,154,#223807
344,154,#1a330a
345,154,#213b0e
346,154,#162e0e
347,154,#454c23
348,154,#3a4508
349,154,#444b17
350,154,#454813
351,154,#3f4610
352,154,#6a6839
353,154,#535a23
354,154,#7a7652
355,154,#6d6938
356,154,#7a7450
357,154,#4b4a12
358,154,#8c774f
359,154,#887647
360,154,#89804b
361,154,#857243
362,154,#7b663e
363,154,#665930
364,154,#7a5636
365,154,#977546
366,154,#5c5c1e
468,154,#1e2e2a
469,154,#162b09
470,154,#20340a
471,154,#324a0c
472,154,#384d10
473,154,#30480b
474,154,#394e0d
475,154,#315216
476,154,#1c4d27
477,154,#275620
479,154,#2f451f
480,154,#1e3136
483,154,#1b3318
484,154,#2c460b
485,154,#34470f
486,154,#354e16
487,154,#304e0c
488,154,#1b3806
489,154,#1b3609
490,154,#2f480e
491,154,#334c12
492,154,#1f3809
493,154,#2f4a13
498,154,#29460c
499,154,#223203
500,154,#3d5617
502,154,#0c1a13
503,154,#0a0e16
520,154,#203621
521,154,#24381f
522,154,#2e4414
523,154,#1e360d
526,154,#070e22
527,154,#193605
528,154,#274111
529,154,#2f480e
530,154,#385012
531,154,#283e0d
532,154,#1d3806
533,154,#29430f
534,154,#294214
535,154,#273926
551,154,#2f3c32
166,155,#10121e
167,155,#383711
168,155,#3c3f14
169,155,#364416
170,155,#233a06
171,155,#22390d
172,155,#213708
173,155,#2a410a
174,155,#273d0c
175,155,#21380a
176,155,#1b3206
177,155,#1b3505
178,155,#263e0a
179,155,#1e3406
180,155,#1f3608
181,155,#233b0b
182,155,#243a09
183,155,#24390e
184,155,#1d3206
185,155,#2c430e
186,155,#2f4610
187,155,#243b0f
188,155,#233a0c
189,155,#203709
190,155,#183203
191,155,#273d0c
192,155,#1c3705
193,155,#253f0d
194,155,#1f350d
195,155,#152b08
196,155,#243b0d
197,155,#283f15
198,155,#0d1f05
199,155,#2f3c14
200,155,#2c3d0b
201,155,#29390b
202,155,#273906
203,155,#2c3f11
204,155,#23380a
205,155,#253b0a
206,155,#243a09
207,155,#253a0d
208,155,#2b420e
209,155,#273e0a
210,155,#283e0b
211,155,#2b410f
212,155,#445a19
213,155,#354a11
214,155,#34490e
215,155,#284203
216,155,#253c0e
217,155,#294009
218,155,#294107
219,155,#283f09
220,155,#304910
221,155,#30440a
222,155,#2b420c
223,155,#445416
224,155,#273d03
225,155,#394d15
226,155,#2c4108
227,155,#33460c
228,155,#404d17
229,155,#35470b
230,155,#33490b
231,155,#374e12
232,155,#4a5f1f
233,155,#51601d
234,155,#577050
317,155,#2c3b21
318,155,#30350b
319,155,#3f4215
320,155,#505220
321,155,#3f4912
322,155,#525e29
323,155,#384611
324,155,#474e1b
325,155,#48511c
326,155,#434b1a
327,155,#35410e
328,155,#404b12
329,155,#424a16
330,155,#404914
331,155,#394614
332,155,#27390c
333,155,#25380a
334,155,#283b0d
335,155,#203607
336,155,#1e3306
337,155,#24390b
338,155,#263c0b
339,155,#2d430f
340,155,#293a0b
341,155,#1f3103
342,155,#2f3f0d
343,155,#20370b
344,155,#21350a
345,155,#20370e
346,155,#182c09
347,155,#1c2e0b
348,155,#3f4c23
349,155,#4f4b1b
350,155,#4e511c
351,155,#4d521a
352,155,#535923
353,155,#5b572c
354,155,#645c35
355,155,#645732
356,155,#88744c
357,155,#63532f
358,155,#776337
359,155,#4d4417
360,155,#614e1c
361,155,#302d0a
362,155,#323709
363,155,#856542
364,155,#8d6b48
365,155,#876641
366,155,#3a4c0d
469,155,#3b503d
470,155,#293d14
471,155,#31490c
472,155,#2c440a
473,155,#33480d
474,155,#405216
475,155,#2a470e
476,155,#2b4a0f
477,155,#083848
479,155,#21404b
484,155,#205047
485,155,#0e2825
486,155,#29411f
487,155,#3c5118
489,155,#304a1c
490,155,#283d05
491,155,#324506
492,155,#273d01
493,155,#22430e
498,155,#2c3f12
499,155,#3c4f18
500,155,#3c4d29
502,155,#2e401a
503,155,#314b1e
510,155,#192c0d
511,155,#2c4112
512,155,#1b2122
513,155,#061812
514,155,#21341d
515,155,#253915
516,155,#2c411f
517,155,#203825
521,155,#2a3e19
522,155,#223c11
523,155,#162a0d
524,155,#1b310d
526,155,#153006
527,155,#182d0a
528,155,#193405
529,155,#445d25
530,155,#354e19
531,155,#314710
532,155,#1f380b
533,155,#273a0a
534,155,#283e0f
535,155,#283f14
536,155,#294310
537,155,#26391a
165,156,#798255
166,156,#384a10
167,156,#393b11
168,156,#2e390b
169,156,#29390a
170,156,#3e521b
171,156,#294012
172,156,#1d3808
173,156,#203c0b
174,156,#1f3b0a
175,156,#1d380b
176,156,#1b310a
177,156,#223808
178,156,#1f3409
179,156,#1e350b
180,156,#1d3406
181,156,#21390a
182,156,#2b4217
183,156,#243b0d
184,156,#253d0d
185,156,#1e3307
186,156,#213609
187,156,#1d3407
188,156,#223a0a
189,156,#294111
190,156,#223a0a
191,156,#2a4011
192,156,#1e3306
193,156,#304618
194,156,#2a3c15
195,156,#2b4312
196,156,#2d4510
197,156,#233708
198,156,#24390e
199,156,#21380a
200,156,#1b3605
201,156,#32471c
202,156,#23380c
203,156,#213609
204,156,#20350a
205,156,#273d0f
206,156,#243b07
207,156,#253a0e
208,156,#2f4612
209,156,#324913
210,156,#2e450e
211,156,#29400a
212,156,#273e09
213,156,#2a4109
214,156,#2d4507
215,156,#334d0c
216,156,#273d0d
217,156,#384c15
218,156,#2c4107
219,156,#2a3d0d
220,156,#34450f
221,156,#253707
222,156,#253a02
223,156,#3f5115
224,156,#3b4d13
225,156,#283f07
226,156,#30420e
227,156,#34470f
228,156,#30430c
229,156,#314007
230,156,#405319
231,156,#36440f
232,156,#4a5f1a
233,156,#535f30
234,156,#45551e
235,156,#384f09
318,156,#798058
319,156,#434b11
320,156,#4c4e1f
321,156,#52511e
322,156,#353f08
323,156,#464d19
324,156,#494d1b
325,156,#4d4e22
326,156,#3e461a
327,156,#374410
328,156,#35430e
329,156,#3b420e
330,156,#48511c
331,156,#3e4814
332,156,#1d3404
333,156,#213607
334,156,#26370b
335,156,#253507
336,156,#344417
337,156,#20360b
338,156,#283b0d
339,156,#334211
340,156,#44501a
341,156,#3b440f
342,156,#354516
343,156,#1f3005
344,156,#22380d
345,156,#23370b
346,156,#21320d
347,156,#3e4c1b
348,156,#17242b
349,156,#585429
350,156,#424711
351,156,#394309
352,156,#3f4713
353,156,#5c5930
354,156,#79714c
355,156,#836e4b
356,156,#8a734a
357,156,#aa9363
358,156,#796431
359,156,#76673e
360,156,#605026
361,156,#6f5930
362,156,#6e5d31
363,156,#78663e
364,156,#70512d
365,156,#68682c
366,156,#182124
470,156,#37482d
471,156,#38511c
472,156,#364d15
473,156,#3b5015
474,156,#37490b
475,156,#3d5314
476,156,#294f1c
477,156,#083f4d
491,156,#405617
492,156,#0a141a
493,156,#2f471f
499,156,#41551a
500,156,#394e22
502,156,#203707
503,156,#2a3f12
511,156,#10192d
517,156,#0d1f21
521,156,#253328
522,156,#0f1e28
523,156,#1a281b
524,156,#1b3010
525,156,#173003
526,156,#172607
527,156,#1c250c
528,156,#1b220b
529,156,#262b11
530,156,#1b2105
531,156,#252f0c
532,156,#1d320b
533,156,#243b0c
534,156,#3a4d1d
535,156,#273f0d
536,156,#384c18
537,156,#2f450f
538,156,#42541b
539,156,#2f4111
540,156,#1f380a
554,156,#131e1c
164,157,#868165
165,157,#737332
166,157,#3d5415
167,157,#494d2a
168,157,#2d3b09
169,157,#334414
170,157,#394f1a
171,157,#173209
172,157,#203b0c
173,157,#24410a
174,157,#223e0d
175,157,#274312
176,157,#263d0f
177,157,#233a0b
178,157,#203709
179,157,#1e3509
180,157,#1b310a
181,157,#1d340a
182,157,#1b340b
183,157,#193209
184,157,#192f08
185,157,#1d3408
186,157,#22390b
187,157,#1f3707
188,157,#233b0b
189,157,#243b0c
190,157,#203808
191,157,#223a08
192,157,#20370b
193,157,#1d3408
194,157,#20360d
195,157,#1c3709
196,157,#203a0c
197,157,#203608
198,157,#1c3107
199,157,#1f340b
200,157,#1d3503
201,157,#162c07
202,157,#21390a
203,157,#223a0a
204,157,#253d0c
205,157,#253e06
206,157,#263e0b
207,157,#253b0b
208,157,#253c0a
209,157,#233a07
210,157,#1e3404
211,157,#29400c
212,157,#283f0a
213,157,#294009
214,157,#2a4109
215,157,#26400d
216,157,#2a420c
217,157,#0d1d00
218,157,#324b0a
219,157,#3b5016
220,157,#3b4e12
221,157,#3d4a0e
222,157,#304410
223,157,#34480c
224,157,#374712
225,157,#374811
226,157,#273b07
227,157,#2a3d07
228,157,#394913
229,157,#47511c
230,157,#3d4b17
231,157,#3c4819
232,157,#415118
233,157,#414c17
234,157,#46501b
235,157,#455619
236,157,#595d26
237,157,#1a4b4e
319,157,#242823
320,157,#2e3b09
321,157,#425113
322,157,#454a1c
323,157,#555329
324,157,#44491c
325,157,#3b4911
326,157,#45511c
327,157,#434f1e
328,157,#444d19
329,157,#434c13
330,157,#4d551d
331,157,#3e4a12
332,157,#49541c
333,157,#283f0f
334,157,#1d2f07
335,157,#2e420f
336,157,#213403
337,157,#253705
338,157,#1f350d
339,157,#1a2c08
340,157,#3b481b
341,157,#43451b
342,157,#293705
343,157,#343e0a
344,157,#424f1a
345,157,#384413
346,157,#3a471b
347,157,#40460f
348,157,#1d2a26
349,157,#55562a
350,157,#504d1d
351,157,#404a11
352,157,#3c4411
353,157,#61613a
354,157,#5a552f
355,157,#766a44
356,157,#78683b
357,157,#81673c
358,157,#62582c
359,157,#6d6034
360,157,#61562a
361,157,#5f5027
362,157,#6e592f
363,157,#666333
364,157,#5b562e
365,157,#293d18
472,157,#23380b
473,157,#31470b
474,157,#374a09
475,157,#4e5e23
476,157,#39571f
499,157,#3c5216
500,157,#3b5122
502,157,#3c4d23
503,157,#0c1c1c
504,157,#10232c
526,157,#132327
527,157,#314910
528,157,#3b5216
529,157,#496023
530,157,#566f2e
531,157,#4c5926
532,157,#2f3d12
533,157,#363b1c
534,157,#344219
535,157,#1d3308
536,157,#2d4214
537,157,#152f04
538,157,#1f3709
539,157,#173305
540,157,#203e0c
541,157,#1d3908
552,157,#0c151f
553,157,#243c0b
554,157,#243226
165,158,#ac9a5f
166,158,#69682f
167,158,#3a4117
168,158,#3f511d
169,158,#283b0b
170,158,#2c3e0f
171,158,#1d360c
172,158,#1b340a
173,158,#253f0d
174,158,#1f390c
175,158,#1a3405
176,158,#253d0c
177,158,#22390a
178,158,#1e3507
179,158,#21380c
180,158,#1e350b
181,158,#1c3309
182,158,#19320a
183,158,#1a330b
184,158,#1e340d
185,158,#233a10
186,158,#21380a
187,158,#243c0a
188,158,#22390b
189,158,#21380c
190,158,#253d0d
191,158,#243c0c
192,158,#20370b
193,158,#1e3509
194,158,#1c3307
195,158,#1f390a
196,158,#1e3507
197,158,#213708
198,158,#22370a
199,158,#24390e
200,158,#1e3509
201,158,#1e350d
202,158,#263e0e
203,158,#243c0c
204,158,#21380a
205,158,#233b0c
206,158,#21380c
207,158,#263c09
208,158,#2a410b
209,158,#283f09
210,158,#293f0e
211,158,#253c08
212,158,#283f0c
213,158,#283f09
214,158,#2a410b
215,158,#2d460c
216,158,#283f07
217,158,#44561d
218,158,#304311
219,158,#384808
220,158,#3e5312
221,158,#46551a
222,158,#253808
223,158,#2f420a
224,158,#3a4d16
225,158,#34450f
226,158,#33460f
227,158,#314009
228,158,#53602a
229,158,#4a501c
230,158,#424f1a
231,158,#494e23
232,158,#4c4f1c
233,158,#4a511d
234,158,#4c531f
235,158,#5b5c26
236,158,#6b6f35
237,158,#5f6531
238,158,#6f6639
239,158,#6b633f
240,158,#465a32
320,158,#50611f
321,158,#535a25
322,158,#3e4715
323,158,#494c1d
324,158,#414918
325,158,#414c16
326,158,#464f1e
327,158,#354410
328,158,#38420e
329,158,#3b460e
330,158,#4e5720
331,158,#47531d
332,158,#4c501e
333,158,#283404
334,158,#323e0d
335,158,#1f3205
336,158,#2c3e0c
337,158,#1c3405
338,158,#1b3007
339,158,#212f09
340,158,#354014
341,158,#4d4e25
342,158,#3e4419
343,158,#4c4f24
344,158,#353d0e
345,158,#3d4618
346,158,#323c14
347,158,#3b4216
348,158,#141c23
349,158,#0f130f
350,158,#474c1c
351,158,#484e1e
352,158,#494b1c
353,158,#605c34
354,158,#5b532f
355,158,#61552f
356,158,#695e32
357,158,#5d5224
358,158,#615c2d
359,158,#595324
360,158,#73683b
361,158,#4f4b1e
362,158,#534e23
363,158,#424c11
364,158,#30490c
366,158,#333d2f
473,158,#1d3207
474,158,#2b3d06
475,158,#475419
476,158,#356040
499,158,#324803
500,158,#1f2d22
504,158,#0f1f19
529,158,#5e7132
530,158,#4c5d2c
531,158,#4c632a
532,158,#3b591a
533,158,#495d2a
534,158,#3a4d1d
535,158,#2d3d11
536,158,#2d3d10
537,158,#213209
538,158,#1a270d
539,158,#182a03
540,158,#132901
541,158,#193408
542,158,#1d3708
552,158,#253a0e
553,158,#030c1f
557,158,#2b3630
165,159,#e8e3bd
166,159,#7b703a
167,159,#5b5b2d
168,159,#404715
169,159,#3f481b
170,159,#2e3e0f
171,159,#213706
172,159,#193003
173,159,#233c06
174,159,#203809
175,159,#334b17
176,159,#243f0c
177,159,#22390c
178,159,#203709
179,159,#20370b
180,159,#1c3307
181,159,#1f360c
182,159,#19320a
183,159,#173008
184,159,#1b310a
185,159,#1a3009
186,159,#1e3507
187,159,#213907
188,159,#1f3608
189,159,#1c320b
190,159,#233a0c
191,159,#22390b
192,159,#233a0d
193,159,#1e3507
194,159,#203709
195,159,#243b0d
196,159,#22370a
197,159,#273d0d
198,159,#213708
199,159,#22370a
200,159,#1e3509
201,159,#1c3309
202,159,#233b09
203,159,#22390b
204,159,#1b3208
205,159,#1f390c
206,159,#1d370a
207,159,#243c0a
208,159,#243c0b
209,159,#243c0d
210,159,#253b0a
211,159,#243b07
212,159,#223807
213,159,#273e0a
214,159,#304713
215,159,#253b0b
216,159,#293d08
217,159,#3d5315
218,159,#364e0e
219,159,#3a4913
220,159,#3c4a0f
221,159,#38470e
222,159,#3b4913
223,159,#3c4816
224,159,#333d0f
225,159,#374512
226,159,#394a13
227,159,#36450f
228,159,#31430b
229,159,#515924
230,159,#3c4612
231,159,#4c5425
232,159,#686532
233,159,#424c14
234,159,#49541c
235,159,#6e6d35
236,159,#63622f
237,159,#676235
238,159,#705e3e
239,159,#78704e
240,159,#50501c
241,159,#34514f
320,159,#606648
321,159,#3f4b19
322,159,#48511e
323,159,#46501c
324,159,#4a5420
325,159,#4c4f20
326,159,#3a3f14
327,159,#3a4813
328,159,#3e4413
329,159,#4d501f
330,159,#484a19
331,159,#4e5021
332,159,#5c5c2e
333,159,#474b1c
334,159,#36400f
335,159,#253905
336,159,#283809
337,159,#35440f
338,159,#4c5524
339,159,#313c10
340,159,#2f370d
341,159,#4a4722
342,159,#494620
343,159,#58552c
344,159,#474c1c
345,159,#424a16
346,159,#424919
347,159,#3b4013
348,159,#3d4615
350,159,#49511e
351,159,#3c4214
352,159,#44481b
353,159,#4b4c1f
354,159,#5b5a36
355,159,#4c4c23
356,159,#575029
357,159,#4b481e
358,159,#625528
359,159,#635428
360,159,#6e5e33
361,159,#49491b
362,159,#2c3b07
363,159,#354109
364,159,#3a5424
365,159,#192530
474,159,#122526
475,159,#132a35
476,159,#1b3d3f
499,159,#303632
504,159,#141925
506,159,#121e2d
520,159,#1e2b3a
521,159,#142432
524,159,#2c4c2d
530,159,#4a5425
531,159,#4a5e2b
532,159,#3f501f
533,159,#475a26
534,159,#485f29
535,159,#4d672e
536,159,#445b23
537,159,#21310d
538,159,#232d0b
539,159,#1d2706
540,159,#354215
541,159,#37471e
542,159,#2b3f12
543,159,#405224
544,159,#0a1120
546,159,#151f1e
547,159,#1c2f13
548,159,#243d08
549,159,#1f350e
550,159,#24400c
551,159,#1f3804
558,159,#111a1f
165,160,#c3c3ce
166,160,#cfc087
167,160,#313a09
168,160,#4c5324
169,160,#3e451c
170,160,#373d13
171,160,#27370a
172,160,#263d08
173,160,#253b0b
174,160,#23390a
175,160,#213e08
176,160,#253d0d
177,160,#20360a
178,160,#20370b
179,160,#1d3408
180,160,#1e3509
181,160,#1c3309
182,160,#1f360c
183,160,#21380e
184,160,#1c3309
185,160,#162f07
186,160,#284010
187,160,#24390c
188,160,#1d3209
189,160,#1d3208
190,160,#20370b
191,160,#20370b
192,160,#213b0e
193,160,#1b3508
194,160,#1a3309
195,160,#1e3809
196,160,#2a4212
197,160,#203709
198,160,#22390b
199,160,#1f360a
200,160,#1e3509
201,160,#1b3206
202,160,#203808
203,160,#1e3509
204,160,#1f350e
205,160,#1e350b
206,160,#203709
207,160,#223a08
208,160,#233a0c
209,160,#213907
210,160,#22390b
211,160,#2d460f
212,160,#263f07
213,160,#3d5519
214,160,#43581f
215,160,#253a0b
216,160,#1d3302
217,160,#37500e
218,160,#475c19
219,160,#46581c
220,160,#404b13
221,160,#445117
222,160,#415016
223,160,#535323
224,160,#464316
225,160,#393f0f
226,160,#30400c
227,160,#38450e
228,160,#3e4811
229,160,#3f4811
230,160,#3b4510
231,160,#44461e
232,160,#535125
233,160,#524f22
234,160,#5c622e
235,160,#7a7848
236,160,#646232
237,160,#726642
238,160,#655832
239,160,#5f5a2d
240,160,#6b5d30
241,160,#4f5229
320,160,#141829
321,160,#4a5220
322,160,#404c17
323,160,#434d19
324,160,#3a4314
325,160,#41461b
326,160,#2f3809
327,160,#333d0a
328,160,#2f3707
329,160,#424818
330,160,#4c4d21
331,160,#595727
332,160,#565127
333,160,#4f4e22
334,160,#424b1c
335,160,#2f3d0b
336,160,#354111
337,160,#434d18
338,160,#49511e
339,160,#5e6132
340,160,#3e4217
341,160,#47451e
342,160,#484720
343,160,#454217
344,160,#4d5323
345,160,#3b440f
346,160,#454718
347,160,#444919
348,160,#3e4116
349,160,#111927
350,160,#3b4917
351,160,#3e4108
352,160,#3f4818
353,160,#4d4c26
354,160,#4b4721
355,160,#55532a
356,160,#4d491f
357,160,#554a1e
358,160,#7a6d33
359,160,#907145
360,160,#7a623c
361,160,#6b6a3e
362,160,#435519
363,160,#364408
364,160,#354c20
365,160,#34513c
476,160,#233f18
477,160,#474f1d
478,160,#495a1f
479,160,#2d4426
480,160,#253a2f
523,160,#243918
524,160,#244617
530,160,#24312a
531,160,#495d27
532,160,#3d5219
533,160,#394b1b
534,160,#475925
535,160,#475f27
536,160,#3a5519
537,160,#223a10
538,160,#28381c
539,160,#324012
540,160,#2c3b10
541,160,#223108
542,160,#3f4c1e
543,160,#44521e
544,160,#233007
545,160,#27390c
549,160,#26322f
550,160,#303b3d
558,160,#18300d
559,160,#121e1f
167,161,#575a30
168,161,#454f19
169,161,#554c27
170,161,#353916
171,161,#1e2f0e
172,161,#2e450b
173,161,#1f3508
174,161,#1c3105
175,161,#263e0e
176,161,#213609
177,161,#213909
178,161,#21380a
179,161,#1d3408
180,161,#1d340a
181,161,#1f360a
182,161,#20370b
183,161,#21380c
184,161,#1e3509
185,161,#1e3809
186,161,#22390d
187,161,#1c300a
188,161,#1c300d
189,161,#192d07
190,161,#213907
191,161,#243c0a
192,161,#22390c
193,161,#1d3408
194,161,#1e350b
195,161,#213b0c
196,161,#1e3507
197,161,#263d0f
198,161,#203709
199,161,#1f360a
200,161,#1b3208
201,161,#1f360a
202,161,#1c3607
203,161,#354b1a
204,161,#20380b
205,161,#253c0e
206,161,#1e3606
207,161,#2d4510
208,161,#213909
209,161,#233b0b
210,161,#263e0c
211,161,#253e07
212,161,#263e0c
213,161,#374f13
214,161,#465c1b
215,161,#3c5419
216,161,#405615
217,161,#3d4f14
218,161,#364f0d
219,161,#3e5012
220,161,#4a4b1b
221,161,#464818
222,161,#565d28
223,161,#4c4e1f
224,161,#545529
225,161,#494d1b
226,161,#4a4e1c
227,161,#575425
228,161,#4c4b1d
229,161,#4a4d20
230,161,#4a4d22
231,161,#514e23
232,161,#74623c
233,161,#676135
234,161,#565628
235,161,#5b5828
236,161,#6e6740
237,161,#5f582e
238,161,#98885d
239,161,#625827
240,161,#51561a
241,161,#4a5318
321,161,#4d5522
322,161,#37450e
323,161,#464e1d
324,161,#3a4517
325,161,#4e4d21
326,161,#3c4413
327,161,#2d3706
328,161,#2d3607
329,161,#4b5123
330,161,#3b4113
331,161,#3a380e
332,161,#504d24
333,161,#454219
334,161,#46481d
335,161,#3d4615
336,161,#404819
337,161,#3a4211
338,161,#3f4517
339,161,#525329
340,161,#49471e
341,161,#4c4a23
342,161,#504b25
343,161,#47481c
344,161,#3f4515
345,161,#3e4b13
346,161,#3c470f
347,161,#373f0c
348,161,#424610
349,161,#0b0d1c
351,161,#555229
352,161,#3e4312
353,161,#4b4d23
354,161,#4f4b25
355,161,#5b5630
356,161,#584c26
357,161,#5e5327
358,161,#504b1b
359,161,#695e31
360,161,#5c4622
361,161,#35390a
362,161,#525721
363,161,#3e531d
364,161,#415211
365,161,#575d35
475,161,#1d3130
476,161,#2a422d
477,161,#24380b
478,161,#344518
479,161,#314105
480,161,#43541a
481,161,#425b28
482,161,#2d3c31
483,161,#1a2427
484,161,#405514
485,161,#545d22
486,161,#4c5f3a
487,161,#384c46
488,161,#192433
489,161,#253633
523,161,#223a2d
524,161,#3d7763
531,161,#375610
532,161,#2a4010
533,161,#384c19
534,161,#30420e
535,161,#425224
536,161,#384a18
537,161,#304911
538,161,#253c12
539,161,#445b27
540,161,#324413
541,161,#374d20
542,161,#24300c
543,161,#23340c
544,161,#334a1a
559,161,#1b2a29
561,161,#232f2a
167,162,#bbb791
168,162,#6a6837
169,162,#585623
170,162,#574d29
171,162,#212b0c
172,162,#233709
173,162,#23380d
174,162,#223a0a
175,162,#23390d
176,162,#23380b
177,162,#253a0d
178,162,#304712
179,162,#1e3307
180,162,#20350a
181,162,#20350a
182,162,#23380d
183,162,#1f3409
184,162,#20350a
185,162,#1f360a
186,162,#1e320c
187,162,#1d3408
188,162,#1b3208
189,162,#243b0e
190,162,#233a0c
191,162,#233a0c
192,162,#1e350a
193,162,#22370b
194,162,#223405
195,162,#1f3506
196,162,#1e380b
197,162,#1f3409
198,162,#20350a
199,162,#20350c
200,162,#1c3306
201,162,#20370b
202,162,#1d350a
203,162,#21370a
204,162,#223a0a
205,162,#274112
206,162,#213b0c
207,162,#1e3607
208,162,#223a07
209,162,#22390a
210,162,#263e0a
211,162,#28400e
212,162,#243f07
213,162,#2d430f
214,162,#263c0d
215,162,#3a5315
216,162,#394d14
217,162,#3a4b0f
218,162,#445716
219,162,#595a28
220,162,#444b17
221,162,#424b16
222,162,#4b511d
223,162,#4a511f
224,162,#404618
225,162,#414516
226,162,#46481c
227,162,#484b21
228,162,#47431e
229,162,#4a4b27
230,162,#4d4922
231,162,#5f5932
232,162,#645431
233,162,#594e23
234,162,#5b4e27
235,162,#464616
236,162,#504b22
237,162,#4f562b
238,162,#53562d
239,162,#615f2f
240,162,#43520c
241,162,#455318
322,162,#484f21
323,162,#3e4917
324,162,#303b10
325,162,#474b20
326,162,#404515
327,162,#49461c
328,162,#4d4920
329,162,#46481d
330,162,#313b0e
331,162,#404318
332,162,#3a4112
333,162,#3e4014
334,162,#3f4117
335,162,#525027
336,162,#453f1f
337,162,#3a4016
338,162,#33350d
339,162,#47451e
340,162,#4b4721
341,162,#524c28
342,162,#4b482a
343,162,#40480e
344,162,#434a1e
345,162,#3c4912
346,162,#404815
347,162,#3e4c10
348,162,#38410b
349,162,#4d4a20
351,162,#353e19
352,162,#6d7141
353,162,#36390d
354,162,#484c22
355,162,#3f4315
356,162,#494718
357,162,#5a4e26
358,162,#5a4f23
359,162,#867247
360,162,#4a471f
361,162,#303d11
362,162,#34440d
363,162,#495317
364,162,#35440d
365,162,#374d27
366,162,#0d1821
479,162,#30412a
480,162,#253e08
481,162,#3a4f21
482,162,#2e4716
483,162,#2e400c
484,162,#444e19
485,162,#394714
486,162,#415112
487,162,#42550a
518,162,#1d3b19
528,162,#19444a
529,162,#164840
530,162,#27430a
531,162,#2a3a11
532,162,#213107
533,162,#24360d
534,162,#273e0b
535,162,#2a4111
536,162,#334811
537,162,#394c1f
538,162,#2e460f
539,162,#2f411e
540,162,#4c592e
541,162,#5e713e
542,162,#38510f
543,162,#203a06
544,162,#172409
545,162,#2f3f22
564,162,#182a24
168,163,#786f51
169,163,#5b5427
170,163,#4b411c
171,163,#222204
172,163,#2d410d
173,163,#253b0d
174,163,#243b0d
175,163,#2d450c
176,163,#223a07
177,163,#223809
178,163,#253b0a
179,163,#1f3408
180,163,#223809
181,163,#243a0b
182,163,#2e4415
183,163,#23390a
184,163,#243a0b
185,163,#20370b
186,163,#23380f
187,163,#223a0b
188,163,#20370b
189,163,#263e0e
190,163,#1f3608
191,163,#21380a
192,163,#1f380e
193,163,#273e11
194,163,#253a0e
195,163,#203809
196,163,#24350b
197,163,#22350b
198,163,#1c3106
199,163,#1e330a
200,163,#1b3208
201,163,#253c10
202,163,#1f3608
203,163,#233a0c
204,163,#253d0d
205,163,#2b4110
206,163,#273d0c
207,163,#274008
208,163,#274008
209,163,#22390b
210,163,#253d09
211,163,#263e0c
212,163,#29440c
213,163,#2b3f0a
214,163,#283f0b
215,163,#415718
216,163,#45561d
217,163,#3b4911
218,163,#4d6121
219,163,#565c29
220,163,#4f5320
221,163,#444815
222,163,#464a18
223,163,#444718
224,163,#4d5023
225,163,#494c21
226,163,#414417
227,163,#37410f
228,163,#59592d
229,163,#4f5328
230,163,#4b4c1e
231,163,#5b572f
232,163,#5b512b
233,163,#53481e
234,163,#67592d
235,163,#5c5426
236,163,#776e43
237,163,#605a2f
238,163,#585a2b
239,163,#445117
240,163,#4a5f15
241,163,#3e560e
322,163,#404e17
323,163,#2b3b0b
324,163,#384416
325,163,#42481f
326,163,#555129
327,163,#3c4717
328,163,#3d4214
329,163,#3c4214
330,163,#34390e
331,163,#414218
332,163,#3e3d11
333,163,#4d461e
334,163,#46411b
335,163,#3c3d15
336,163,#44421b
337,163,#3f4018
338,163,#48451e
339,163,#48431d
340,163,#554d28
341,163,#4c4420
342,163,#464e15
343,163,#42441e
344,163,#364718
345,163,#3d4211
346,163,#3d4313
347,163,#444820
348,163,#393e13
349,163,#393a0b
350,163,#3b4110
352,163,#51501d
353,163,#837f4f
354,163,#4c4c1b
355,163,#595730
356,163,#464314
357,163,#5a5423
358,163,#555126
359,163,#665c36
360,163,#364410
361,163,#2f400a
362,163,#455119
363,163,#444f17
364,163,#333d08
365,163,#34490e
484,163,#334023
485,163,#39490f
486,163,#44531b
487,163,#374a0b
488,163,#3a4b1f
489,163,#3b4e18
490,163,#20320a
491,163,#181f29
496,163,#334026
504,163,#141824
506,163,#16192b
507,163,#29302b
512,163,#111727
513,163,#171e24
514,163,#272c40
527,163,#0b2a3b
528,163,#427861
529,163,#395328
530,163,#2f4a11
531,163,#344c17
532,163,#2f3b3a
533,163,#243d04
534,163,#334216
535,163,#303d0c
536,163,#28380a
537,163,#30450c
538,163,#495821
539,163,#61693e
540,163,#121c2c
543,163,#3d5039
544,163,#293a0e
545,163,#283512
546,163,#2d461d
562,163,#243814
565,163,#2e421c
567,163,#060c1f
168,164,#08061b
169,164,#675a3c
170,164,#4a3e1e
171,164,#534626
172,164,#1c2e04
173,164,#283e0d
174,164,#263f07
175,164,#32470f
176,164,#2b430f
177,164,#253b0a
178,164,#23390a
179,164,#23380b
180,164,#223809
181,164,#213708
182,164,#22370a
183,164,#23380b
184,164,#253a0d
185,164,#1f360a
186,164,#1c3106
187,164,#2e4510
188,164,#273d0e
189,164,#263c0d
190,164,#24390c
191,164,#2b4013
192,164,#26380a
193,164,#465823
194,164,#23340d
195,164,#1f3608
196,164,#24360c
197,164,#1e3207
198,164,#1c3106
199,164,#1f340b
200,164,#1b310a
201,164,#21380b
202,164,#253d0b
203,164,#223a0a
204,164,#21380a
205,164,#1d3505
206,164,#213909
207,164,#263e0d
208,164,#2c4510
209,164,#21390a
210,164,#263e0a
211,164,#253d0b
212,164,#1d3805
213,164,#304313
214,164,#263c0b
215,164,#2f460d
216,164,#2c3f0d
217,164,#4e5224
218,164,#46531b
219,164,#454b18
220,164,#444e1a
221,164,#4c501e
222,164,#525226
223,164,#525327
224,164,#444519
225,164,#52542d
226,164,#434a1e
227,164,#374112
228,164,#4f4c21
229,164,#49471e
230,164,#554d28
231,164,#645332
232,164,#5b522c
233,164,#594c27
234,164,#836e43
235,164,#817348
236,164,#67562b
237,164,#5a5825
238,164,#525a24
239,164,#667331
240,164,#38540e
241,164,#375323
322,164,#536728
323,164,#2f4311
324,164,#354113
325,164,#434619
326,164,#404819
327,164,#3b3f10
328,164,#36380c
329,164,#343a0a
330,164,#414218
331,164,#424118
332,164,#46471d
333,164,#433f19
334,164,#423f19
335,164,#403b16
336,164,#494218
337,164,#44451d
338,164,#44421b
339,164,#4c4721
340,164,#4d4822
341,164,#58522e
342,164,#4d4a24
343,164,#314212
344,164,#383b12
345,164,#514922
346,164,#3f4517
347,164,#3d452c
348,164,#364118
349,164,#252211
350,164,#434918
351,164,#3c4224
352,164,#544f26
353,164,#554d25
354,164,#49461b
355,164,#59562b
356,164,#766b42
357,164,#816d42
358,164,#403b17
359,164,#2e3608
360,164,#485b24
361,164,#2d3c06
362,164,#484f16
363,164,#35410d
364,164,#4b501c
365,164,#435418
490,164,#0c151d
492,164,#272f38
493,164,#465923
494,164,#172311
495,164,#253a0c
496,164,#2f3c21
497,164,#303f16
498,164,#191e21
499,164,#2d3723
500,164,#34451c
501,164,#3f4c1e
502,164,#2c390b
503,164,#2e3820
508,164,#394128
509,164,#3d431f
510,164,#374717
511,164,#212b21
534,164,#2b3a11
535,164,#343c0d
536,164,#333f0d
537,164,#2e4111
538,164,#38450f
539,164,#303d38
544,164,#2b3f0c
545,164,#23320f
546,164,#2c3e11
563,164,#1c252c
169,165,#cbc599
170,165,#6a613b
171,165,#443918
172,165,#2a3510
173,165,#2c4212
174,165,#293b0c
175,165,#2a4011
176,165,#1c3609
177,165,#263d0f
178,165,#2b4110
179,165,#25370d
180,165,#253808
181,165,#233608
182,165,#1e3407
183,165,#21380a
184,165,#21380a
185,165,#1f3506
186,165,#253808
187,165,#273b07
188,165,#26390a
189,165,#293c0c
190,165,#243a09
191,165,#213608
192,165,#2c4310
193,165,#1f3407
194,165,#2c400d
195,165,#273d0e
196,165,#22370a
197,165,#1f3408
198,165,#213609
199,165,#23380b
200,165,#1a3109
201,165,#1c3203
202,165,#1f360a
203,165,#233b09
204,165,#273f0d
205,165,#243f0c
206,165,#243f0a
207,165,#1c3907
208,165,#354610
209,165,#253e0e
210,165,#223d08
211,165,#213b0c
212,165,#233b0b
213,165,#2a4011
214,165,#374e18
215,165,#1e3001
216,165,#3b4c1d
217,165,#464a1d
218,165,#454d1a
219,165,#47491a
220,165,#404914
221,165,#515024
222,165,#4c4b1d
223,165,#4c4e26
224,165,#48461d
225,165,#4e4f27
226,165,#363d0f
227,165,#40441a
228,165,#54512e
229,165,#5c5430
230,165,#5f5632
231,165,#766b47
232,165,#72643b
233,165,#8a7a51
234,165,#624d26
235,165,#736036
236,165,#686732
237,165,#666f26
238,165,#51681b
239,165,#495b18
240,165,#405c12
322,165,#566227
323,165,#334b13
324,165,#2e3a0a
325,165,#48501d
326,165,#464e1b
327,165,#3e4112
328,165,#42481a
329,165,#545126
330,165,#3d4315
331,165,#3c4415
332,165,#4d4923
333,165,#4c4922
334,165,#534c28
335,165,#49441e
336,165,#48411a
337,165,#413f16
338,165,#3d3e16
339,165,#3b3b15
340,165,#413f19
341,165,#3e3d14
342,165,#404618
343,165,#3f4311
344,165,#424317
345,165,#4d4f25
346,165,#4b462a
347,165,#06100c
348,165,#353f0e
349,165,#3d4713
350,165,#424518
351,165,#454418
352,165,#4f4c20
353,165,#47471b
354,165,#5b5630
355,165,#48441e
356,165,#36420b
357,165,#5f562e
358,165,#423e18
359,165,#354311
360,165,#2d3f0c
361,165,#3a430e
362,165,#363f0c
363,165,#48531f
364,165,#4c4e1d
365,165,#34420f
499,165,#090713
507,165,#596424
508,165,#313c15
534,165,#0e1f30
535,165,#647d61
536,165,#466741
537,165,#203a16
538,165,#1d4137
544,165,#051325
545,165,#2e4114
546,165,#101f0a
547,165,#26420e
548,165,#1b2f11
550,165,#2d392f
554,165,#0e1c24
568,165,#303e2b
169,166,#463b42
170,166,#453b18
171,166,#5a4f2a
172,166,#352f0d
173,166,#51582e
174,166,#213a0b
175,166,#1b3304
176,166,#283d12
177,166,#22390e
178,166,#203508
179,166,#263a07
180,166,#273b08
181,166,#273a0a
182,166,#243a0b
183,166,#253b0c
184,166,#253b0c
185,166,#263c0d
186,166,#32470e
187,166,#3e5416
188,166,#324611
189,166,#2e420e
190,166,#23380a
191,166,#23390a
192,166,#213609
193,166,#253b09
194,166,#314510
195,166,#374c13
196,166,#32470f
197,166,#22370b
198,166,#20350a
199,166,#20350c
200,166,#1b3208
201,166,#283e0d
202,166,#233b0b
203,166,#314a12
204,166,#2a4309
205,166,#2f440c
206,166,#485e21
207,166,#2e4309
208,166,#415319
209,166,#273e09
210,166,#2c4410
211,166,#253c0e
212,166,#283c0d
213,166,#243b0d
214,166,#344516
215,166,#304212
216,166,#323d12
217,166,#434d1b
218,166,#4c5421
219,166,#3d4316
220,166,#3f4517
221,166,#605833
222,166,#5d572d
223,166,#54502a
224,166,#716743
225,166,#454d1c
226,166,#444921
227,166,#4c492a
228,166,#524c2b
229,166,#726543
230,166,#6e633d
231,166,#65603a
232,166,#7e6a41
233,166,#655228
234,166,#726338
235,166,#584d1e
236,166,#5c5f24
237,166,#4e6a17
238,166,#51691d
239,166,#40540d
240,166,#091727
322,166,#4e5d1f
323,166,#32490f
324,166,#48511c
325,166,#535a27
326,166,#48521e
327,166,#3a4012
328,166,#31390d
329,166,#454a1f
330,166,#454b1d
331,166,#3e4512
332,166,#45421b
333,166,#484720
334,166,#423d18
335,166,#4e4c25
336,166,#403f16
337,166,#3f3e14
338,166,#43441a
339,166,#393e15
340,166,#373c13
341,166,#353e0f
342,166,#373f0b
343,166,#434418
344,166,#5c542f
345,166,#4d4c21
346,166,#3d3e1b
347,166,#273106
348,166,#454e18
349,166,#43451a
350,166,#45461c
351,166,#48451c
352,166,#494618
353,166,#454016
354,166,#524e28
355,166,#5d5936
356,166,#48543a
357,166,#484622
358,166,#3c3d12
359,166,#3b4415
360,166,#36410c
361,166,#434a14
362,166,#3e410f
363,166,#444d1a
364,166,#3f4814
365,166,#3a461b
499,166,#292b20
500,166,#4f5319
506,166,#45511c
507,166,#465329
536,166,#167e8c
537,166,#155a6e
538,166,#051d31
546,166,#344d0c
547,166,#1c350f
548,166,#172a09
549,166,#202923
551,166,#171e2f
567,166,#253421
170,167,#9a9183
171,167,#68573a
172,167,#6b6537
173,167,#443e1d
174,167,#2b370b
175,167,#23390a
176,167,#273712
177,167,#25390c
178,167,#25380b
179,167,#2b3e10
180,167,#2c430e
181,167,#283b0b
182,167,#273a0a
183,167,#2c3f0e
184,167,#243705
185,167,#2b400a
186,167,#354a12
187,167,#253b0b
188,167,#253a0d
189,167,#273a0d
190,167,#253b0a
191,167,#233a0b
192,167,#223a09
193,167,#263d0a
194,167,#253907
195,167,#3b5314
196,167,#3d5211
197,167,#354b1c
198,167,#1f360a
199,167,#1b320a
200,167,#1e3306
201,167,#253c0f
202,167,#1d3503
203,167,#304815
204,167,#2a4212
205,167,#223a07
206,167,#324711
207,167,#4c5e21
208,167,#3c4a15
209,167,#243d0c
210,167,#1f3608
211,167,#1c3303
212,167,#4b5824
213,167,#394916
214,167,#243409
215,167,#253409
216,167,#3d461b
217,167,#3f4618
218,167,#4a4b1e
219,167,#505326
220,167,#3d4818
221,167,#74683e
222,167,#6a5d34
223,167,#4f4c26
224,167,#3c4417
225,167,#3d4418
226,167,#434722
227,167,#554f2c
228,167,#4e4925
229,167,#5f4b2c
230,167,#675433
231,167,#4b3e1b
232,167,#3c4612
233,167,#545421
234,167,#555920
235,167,#55551d
236,167,#5e622c
237,167,#495d1f
238,167,#3f5215
322,167,#0b0e1f
323,167,#32450e
324,167,#43441a
325,167,#3f4416
326,167,#3f4216
327,167,#434a1b
328,167,#3e441a
329,167,#31350e
330,167,#38410f
331,167,#343c09
332,167,#4b4922
333,167,#4e4b25
334,167,#42471f
335,167,#42481d
336,167,#404419
337,167,#444319
338,167,#3d4217
339,167,#353b11
340,167,#3e4219
341,167,#3a3d15
342,167,#423e1a
343,167,#48441c
344,167,#45411b
345,167,#404318
346,167,#3d4416
347,167,#3e4512
348,167,#464823
349,167,#4a4919
350,167,#46471d
351,167,#42411b
352,167,#3f411c
353,167,#585029
354,167,#45481d
355,167,#3e4518
356,167,#544f29
357,167,#373a3f
358,167,#423612
359,167,#555320
360,167,#484d1d
361,167,#3f4813
362,167,#3f4311
363,167,#424b16
364,167,#545327
365,167,#444a20
366,167,#3d4712
367,167,#10232a
502,167,#1a1e2a
505,167,#51584f
550,167,#223615
551,167,#1c242f
569,167,#233422
570,167,#05131b
170,168,#070618
171,168,#9d9070
172,168,#6f6436
173,168,#605632
174,168,#29320c
175,168,#2a3a0f
176,168,#23390b
177,168,#22370d
178,168,#253a0d
179,168,#273e0a
180,168,#253b0b
181,168,#25380a
182,168,#283b0e
183,168,#203305
184,168,#263909
185,168,#344b14
186,168,#243a0a
187,168,#213908
188,168,#263c0b
189,168,#2d410e
190,168,#263e0c
191,168,#223a08
192,168,#21380c
193,168,#253a0d
194,168,#2c3f11
195,168,#31460d
196,168,#455815
197,168,#3a4e18
198,168,#324818
199,168,#1f360c
200,168,#1a3508
201,168,#263c0e
202,168,#314510
203,168,#364b13
204,168,#3a4f15
205,168,#2b3f0b
206,168,#2d4010
207,168,#2e420f
208,168,#2c3e0d
209,168,#324515
210,168,#21380c
211,168,#213709
212,168,#3d4c20
213,168,#4d592b
214,168,#3f431e
215,168,#424920
216,168,#323f13
217,168,#40481b
218,168,#4e4f25
219,168,#4a4d22
220,168,#414717
221,168,#47471b
222,168,#6c5f39
223,168,#4e461f
224,168,#404419
225,168,#3c4518
226,168,#4b4926
227,168,#5a4a2c
228,168,#665d3a
229,168,#60522f
230,168,#725a35
231,168,#604b2a
232,168,#3a410c
233,168,#645e2c
234,168,#56551f
235,168,#605b26
236,168,#52561a
237,168,#485713
323,168,#3a4516
324,168,#524f20
325,168,#414117
326,168,#454119
327,168,#424417
328,168,#3e4116
329,168,#394112
330,168,#3b4310
331,168,#353d0e
332,168,#3d4017
333,168,#45461e
334,168,#46441e
335,168,#4d4923
336,168,#474720
337,168,#44461c
338,168,#373e12
339,168,#393a12
340,168,#525029
341,168,#3b3d15
342,168,#3e3e17
343,168,#3b3c12
344,168,#3e3f17
345,168,#3d4015
346,168,#42451a
347,168,#44441e
348,168,#504e1c
349,168,#111111
350,168,#27290c
351,168,#484921
352,168,#554a26
353,168,#3c4013
354,168,#48491f
355,168,#4d4c1f
356,168,#575324
357,168,#101225
358,168,#4c4b1c
359,168,#404a13
360,168,#49531f
361,168,#424818
362,168,#555627
363,168,#504f23
364,168,#524e28
365,168,#535b2a
366,168,#384112
367,168,#203c45
517,168,#092f42
518,168,#164847
519,168,#03413d
520,168,#224f3e
521,168,#0f2d3f
527,168,#233c4f
536,168,#022b3a
537,168,#2b400e
171,169,#9e9494
172,169,#5a4c2b
173,169,#826f4a
174,169,#695e3b
175,169,#343412
176,169,#24390a
177,169,#1e3506
178,169,#213909
179,169,#233a0c
180,169,#21360b
181,169,#293c0f
182,169,#213309
183,169,#24360c
184,169,#2a3d10
185,169,#243b0b
186,169,#203806
187,169,#22390a
188,169,#263c0d
189,169,#304313
190,169,#263c0b
191,169,#283e0d
192,169,#20370b
193,169,#243a0b
194,169,#253908
195,169,#3d501b
196,169,#44531a
197,169,#3f5316
198,169,#2b3f09
199,169,#1d3205
200,169,#1d3406
201,169,#2d4217
202,169,#263d0a
203,169,#374d1a
204,169,#2d4313
205,169,#243b0b
206,169,#38481b
207,169,#424d21
208,169,#24370a
209,169,#253a0f
210,169,#1f360a
211,169,#23380d
212,169,#25370f
213,169,#414f20
214,169,#50592b
215,169,#474c24
216,169,#3c491d
217,169,#3f4717
218,169,#4f5122
219,169,#545728
220,169,#474f1c
221,169,#4b4e23
222,169,#615632
223,169,#74653e
224,169,#514e27
225,169,#4b4c22
226,169,#4d4725
227,169,#584e30
228,169,#484721
229,169,#48441c
230,169,#715939
231,169,#3e4617
232,169,#4a5418
233,169,#65612d
234,169,#5b5a27
235,169,#595e26
236,169,#465015
237,169,#142b34
323,169,#3e491c
324,169,#454319
325,169,#524f28
326,169,#4b421e
327,169,#514422
328,169,#453c1b
329,169,#3e3e15
330,169,#3f4515
331,169,#3d461b
332,169,#3c3b14
333,169,#40421a
334,169,#3f3d17
335,169,#504a28
336,169,#463b1b
337,169,#47451d
338,169,#363b10
339,169,#363b12
340,169,#42431b
341,169,#48461f
342,169,#3d4013
343,169,#3a3c14
344,169,#3a3d10
345,169,#57512b
346,169,#3e3f17
347,169,#363d0e
348,169,#4e4921
349,169,#3a3f1d
350,169,#4c5127
351,169,#4b4923
352,169,#414318
353,169,#535325
354,169,#54542c
355,169,#5a5425
356,169,#2b2c01
358,169,#3a420e
359,169,#444d20
360,169,#464b20
361,169,#474a1b
362,169,#464d19
363,169,#5a512b
364,169,#53562b
365,169,#414a1b
366,169,#3d4917
367,169,#122a3a
517,169,#363b1d
518,169,#354e29
519,169,#3d7f78
520,169,#0d3842
521,169,#42420b
522,169,#0c2d16
523,169,#0a2632
524,169,#0a283a
525,169,#14394c
526,169,#133c3e
527,169,#123244
536,169,#0b2928
537,169,#353e0c
538,169,#042e35
172,170,#634e30
173,170,#433a15
174,170,#6e5c37
175,170,#423d1b
176,170,#142403
177,170,#21300a
178,170,#24370a
179,170,#22310e
180,170,#263810
181,170,#233706
182,170,#213708
183,170,#203508
184,170,#1f3505
185,170,#253c0d
186,170,#253d0d
187,170,#213608
188,170,#364514
189,170,#293706
190,170,#374713
191,170,#2e3b08
192,170,#223a09
193,170,#233a04
194,170,#283c0c
195,170,#233a08
196,170,#2c3f09
197,170,#283d05
198,170,#304516
199,170,#203206
200,170,#2d400a
201,170,#263b0e
202,170,#263d0b
203,170,#334713
204,170,#283e10
205,170,#314313
206,170,#5d6335
207,170,#3e451b
208,170,#1f3709
209,170,#2a3b0f
210,170,#23380b
211,170,#2d4215
212,170,#30340e
213,170,#3c491b
214,170,#30390f
215,170,#343c13
216,170,#353f15
217,170,#505124
218,170,#535526
219,170,#444718
220,170,#3c4815
221,170,#494c21
222,170,#57572a
223,170,#645b34
224,170,#534c2a
225,170,#43441c
226,170,#45451c
227,170,#4a4220
228,170,#5b5130
229,170,#5a532e
230,170,#504522
231,170,#434817
232,170,#4a531c
233,170,#5b5923
234,170,#4a5819
235,170,#485b0d
236,170,#3d4a12
322,170,#39432f
323,170,#485017
324,170,#44411e
325,170,#4f4823
326,170,#544e28
327,170,#5b4e2b
328,170,#534825
329,170,#42451b
330,170,#44461e
331,170,#3c3e17
332,170,#3e4416
333,170,#40481f
334,170,#43451d
335,170,#433d1b
336,170,#3c3113
337,170,#43441d
338,170,#3d4219
339,170,#373912
340,170,#3b4017
341,170,#404318
342,170,#4a4922
343,170,#42401a
344,170,#46441e
345,170,#42431d
346,170,#4e4c26
347,170,#42471d
348,170,#44451b
349,170,#3d3d1b
350,170,#46441d
351,170,#45441d
352,170,#394312
353,170,#635830
354,170,#44461c
355,170,#6a5b33
356,170,#3d3d14
358,170,#464e15
359,170,#3a430d
360,170,#384114
361,170,#3d4512
362,170,#444a1c
363,170,#555428
364,170,#47481c
365,170,#494f21
366,170,#444a1a
367,170,#152129
381,170,#09081c
517,170,#114039
518,170,#314c2c
519,170,#5a714b
520,170,#35522b
521,170,#4a461e
522,170,#58512c
523,170,#4a471e
524,170,#3e4013
525,170,#324a1d
526,170,#445733
527,170,#2d3f1b
536,170,#34401d
537,170,#434112
538,170,#1e372e
172,171,#88795a
173,171,#5e482a
174,171,#7c693d
175,171,#695c35
176,171,#5b512d
177,171,#273910
178,171,#1d2e06
179,171,#2f360f
180,171,#28330f
181,171,#284510
182,171,#1f3406
183,171,#22370c
184,171,#203508
185,171,#2b3e10
186,171,#354113
187,171,#293a09
188,171,#414b17
189,171,#424916
190,171,#243103
191,171,#4d5524
192,171,#3e4418
193,171,#2e3e0d
194,171,#243e0f
195,171,#2d3f0f
196,171,#25380b
197,171,#3c5019
198,171,#2e450c
199,171,#2a3b07
200,171,#2a410d
201,171,#283809
202,171,#283709
203,171,#374011
204,171,#273a0d
205,171,#374919
206,171,#54562a
207,171,#393f15
208,171,#2c4113
209,171,#304115
210,171,#213609
211,171,#26370a
212,171,#3a471c
213,171,#485024
214,171,#484d25
215,171,#3b4419
216,171,#4b5228
217,171,#515228
218,171,#525329
219,171,#55582d
220,171,#51532b
221,171,#4b4e23
222,171,#494a1d
223,171,#736842
224,171,#58522e
225,171,#54522b
226,171,#4f4c27
227,171,#6f5d40
228,171,#5a4c2f
229,171,#634f2f
230,171,#5c5128
231,171,#4d5325
232,171,#544a1f
233,171,#4e4e1a
234,171,#506420
235,171,#1b340e
236,171,#151a1e
321,171,#100a20
322,171,#494e1c
323,171,#4e5121
324,171,#3b3e10
325,171,#494520
326,171,#645a37
327,171,#4f4c25
328,171,#40411a
329,171,#3f461a
330,171,#50522a
331,171,#3f411a
332,171,#40451a
333,171,#3c4119
334,171,#40451a
335,171,#66603c
336,171,#594e2e
337,171,#4d4a27
338,171,#313910
339,171,#353a11
340,171,#374013
341,171,#394016
342,171,#3d3f17
343,171,#3d3f17
344,171,#383a12
345,171,#3a3c15
346,171,#403c17
347,171,#525028
348,171,#3d4217
349,171,#3c3e10
350,171,#4f4e25
351,171,#544b25
352,171,#555528
353,171,#524d22
354,171,#47481e
355,171,#554d1c
356,171,#574e1f
358,171,#3c3c0d
359,171,#40461c
360,171,#334012
361,171,#434b18
362,171,#494c1f
363,171,#4a5022
364,171,#4b5022
365,171,#43491b
366,171,#4f5525
367,171,#12191c
381,171,#2b322a
382,171,#716944
517,171,#4f542f
518,171,#5b512d
519,171,#615d3f
520,171,#544729
521,171,#58542f
522,171,#6f603f
523,171,#625533
524,171,#574f2b
525,171,#5f512e
526,171,#524121
527,171,#1d312f
536,171,#353d15
537,171,#434514
538,171,#293202
12,172,#284220
173,172,#786237
174,172,#706140
175,172,#6b582f
176,172,#615330
177,172,#564f28
178,172,#484422
179,172,#554927
180,172,#4d3e21
181,172,#5c4d23
182,172,#293a0e
183,172,#22350b
184,172,#21350f
185,172,#21370a
186,172,#203808
187,172,#1f3909
188,172,#3b4714
189,172,#3f4216
190,172,#424514
191,172,#4a5420
192,172,#45501e
193,172,#3a4413
194,172,#303c10
195,172,#2c3709
196,172,#374c1f
197,172,#223508
198,172,#2e400f
199,172,#324814
200,172,#414e1c
201,172,#57522a
202,172,#393c11
203,172,#6f6840
204,172,#273507
205,172,#2d3b0f
206,172,#40481d
207,172,#3b4115
208,172,#4b5729
209,172,#3c471c
210,172,#384314
211,172,#494f20
212,172,#58502b
213,172,#414317
214,172,#434820
215,172,#4b5526
216,172,#4c5020
217,172,#514f28
218,172,#505129
219,172,#484e25
220,172,#4a4d22
221,172,#505129
222,172,#4f4b23
223,172,#655a37
224,172,#56502c
225,172,#5d5c36
226,172,#524c2f
227,172,#615b3e
228,172,#534a26
229,172,#645735
230,172,#4f421e
231,172,#3d3a11
232,172,#4d4b21
233,172,#3c4916
234,172,#2f4410
321,172,#796744
322,172,#545e26
323,172,#424715
324,172,#4b4620
325,172,#4e4823
326,172,#4e4924
327,172,#484920
328,172,#40431a
329,172,#41461b
330,172,#43481d
331,172,#3f441b
332,172,#55562e
333,172,#42421c
334,172,#44471f
335,172,#4c5229
336,172,#695e3b
337,172,#5a4d2d
338,172,#464821
339,172,#383e14
340,172,#3e431a
341,172,#3b4015
342,172,#3f451a
343,172,#404318
344,172,#3b4015
345,172,#3c3d17
346,172,#46421d
347,172,#4c4c1f
348,172,#433d14
349,172,#4d4822
350,172,#4d4923
351,172,#48491f
352,172,#4b4e21
353,172,#4c451c
354,172,#54461f
355,172,#66582d
356,172,#67542c
357,172,#11141c
358,172,#373c0e
359,172,#394308
360,172,#3b4312
361,172,#3d4314
362,172,#3f4317
363,172,#444519
364,172,#5f5b2e
365,172,#46491a
366,172,#585a2d
367,172,#1b2025
380,172,#152113
381,172,#51512a
382,172,#4e4a1f
516,172,#353530
517,172,#504923
518,172,#5c502d
519,172,#625331
520,172,#60542f
521,172,#5f5532
522,172,#5c4e28
523,172,#615330
524,172,#5d4e2f
525,172,#575123
526,172,#436742
527,172,#102c32
535,172,#113840
536,172,#554e27
537,172,#514920
538,172,#4b4a22
539,172,#134144
173,173,#d6be95
174,173,#917d5d
175,173,#947e55
176,173,#76643c
177,173,#5a502c
178,173,#615633
179,173,#766949
180,173,#5f522f
181,173,#6e5c36
182,173,#987f5c
183,173,#574c29
184,173,#2b360f
185,173,#1b2d05
186,173,#1c3107
187,173,#243b07
188,173,#455219
189,173,#394713
190,173,#404a16
191,173,#47511d
192,173,#30430f
193,173,#334513
194,173,#263b0c
195,173,#293d0c
196,173,#1c3607
197,173,#1e380f
198,173,#2e3f13
199,173,#3f4d19
200,173,#2a3d08
201,173,#57522a
202,173,#6c5533
203,173,#5c572f
204,173,#545229
205,173,#4c4f24
206,173,#3c4117
207,173,#42441c
208,173,#50552a
209,173,#5a592d
210,173,#605d34
211,173,#545728
212,173,#585830
213,173,#42451a
214,173,#585632
215,173,#5b5c30
216,173,#535226
217,173,#56542d
218,173,#4a4b23
219,173,#464820
220,173,#4f4f29
221,173,#54512e
222,173,#57552c
223,173,#736a46
224,173,#55522d
225,173,#615432
226,173,#5f5136
227,173,#5b4b31
228,173,#897651
229,173,#5b4c28
230,173,#644b2c
231,173,#7a6243
232,173,#51401a
233,173,#3c5018
234,173,#2b3f0c
320,173,#2e2537
321,173,#a68b55
322,173,#646b38
323,173,#5a5b2d
324,173,#49451f
325,173,#4e4f25
326,173,#44451d
327,173,#3e3f17
328,173,#4c4e26
329,173,#44461e
330,173,#45461e
331,173,#41421a
332,173,#474921
333,173,#464821
334,173,#454a21
335,173,#444920
336,173,#514926
337,173,#6b5a39
338,173,#59512d
339,173,#3f411a
340,173,#323b10
341,173,#46491e
342,173,#44451e
343,173,#4c4a23
344,173,#45451d
345,173,#3e4019
346,173,#3e441c
347,173,#4b3f1b
348,173,#463e19
349,173,#494822
350,173,#4f5125
351,173,#454416
352,173,#6e613c
353,173,#685f38
354,173,#47471d
355,173,#5a572c
356,173,#695a33
357,173,#37362c
358,173,#24211b
359,173,#363512
360,173,#3a4115
361,173,#40471d
362,173,#414419
363,173,#4d4e22
364,173,#524f22
365,173,#4f5624
366,173,#4a4c1d
367,173,#262c1a
379,173,#0e1622
380,173,#2e3f02
381,173,#404921
382,173,#374816
383,173,#1a2924
509,173,#0d2f3f
510,173,#37472d
511,173,#62613e
512,173,#494f40
515,173,#10363e
516,173,#444c1d
517,173,#6c5d39
518,173,#665430
519,173,#685333
520,173,#6c5938
521,173,#675837
522,173,#655632
523,173,#60522f
524,173,#615231
525,173,#4e4628
526,173,#465842
527,173,#495232
535,173,#13414f
536,173,#4f4422
537,173,#594824
538,173,#4c4720
539,173,#2f4b3b
540,173,#143c3b
173,174,#635d50
174,174,#ad997b
175,174,#77603e
176,174,#543c16
177,174,#806e43
178,174,#978153
179,174,#887149
180,174,#5e4d21
181,174,#64572a
182,174,#7f6b43
183,174,#6b5a35
184,174,#726541
185,174,#242e07
186,174,#233009
187,174,#1e3609
188,174,#3a4b18
189,174,#27380c
190,174,#374a12
191,174,#394515
192,174,#324713
193,174,#253808
194,174,#22390b
195,174,#213909
196,174,#273e10
197,174,#1f340a
198,174,#243308
199,174,#374718
200,174,#3b4a17
201,174,#444b1f
202,174,#404e1d
203,174,#434e1e
204,174,#494e21
205,174,#4c5222
206,174,#55582d
207,174,#515625
208,174,#525429
209,174,#584f2c
210,174,#5c5a33
211,174,#4e5225
212,174,#51552c
213,174,#4e5528
214,174,#4e4e28
215,174,#5a592d
216,174,#54542e
217,174,#47461f
218,174,#504e27
219,174,#494720
220,174,#625f37
221,174,#59532f
222,174,#6e6840
223,174,#625432
224,174,#6e6642
225,174,#53522c
226,174,#554c2f
227,174,#615138
228,174,#6e603d
229,174,#4c4622
230,174,#5c4b2a
231,174,#6a5032
232,174,#474a1b
233,174,#48561f
234,174,#27420a
320,174,#69533f
321,174,#726d40
322,174,#554f23
323,174,#6e673e
324,174,#736b46
325,174,#4d5025
326,174,#494a20
327,174,#484a23
328,174,#4d4d27
329,174,#6a6842
330,174,#494623
331,174,#696741
332,174,#57542d
333,174,#45431d
334,174,#46471f
335,174,#474b22
336,174,#57512c
337,174,#7e7752
338,174,#4d4320
339,174,#5c5735
340,174,#535029
341,174,#5c572f
342,174,#4a4621
343,174,#564e2a
344,174,#4a4420
345,174,#46401c
346,174,#58502d
347,174,#594c29
348,174,#46421a
349,174,#5e5b31
350,174,#49481c
351,174,#545028
352,174,#433e18
353,174,#3e4219
354,174,#484a22
355,174,#3b4317
356,174,#414117
357,174,#655734
358,174,#424018
359,174,#5c5b2f
360,174,#424418
361,174,#494921
362,174,#404016
363,174,#4b4c20
364,174,#555426
365,174,#3e4411
366,174,#525020
367,174,#555a23
379,174,#666244
380,174,#615431
381,174,#453c19
382,174,#3a4b1c
383,174,#2c4215
508,174,#37504a
509,174,#625b36
510,174,#645a34
511,174,#72603a
512,174,#756039
513,174,#425532
514,174,#587753
515,174,#787e51
516,174,#78603a
517,174,#705e33
518,174,#6d5a35
519,174,#675332
520,174,#685836
521,174,#635433
522,174,#615230
523,174,#685938
524,174,#675936
525,174,#696c3a
526,174,#09323b
535,174,#083e4d
536,174,#625531
537,174,#5f5431
538,174,#5a502d
539,174,#56512d
540,174,#605231
541,174,#3c5028
577,174,#162731
174,175,#21161a
175,175,#998058
176,175,#997c5c
177,175,#544a2d
178,175,#978462
179,175,#9f885e
180,175,#887046
181,175,#7d673e
182,175,#755e38
183,175,#4e4034
184,175,#6e5f31
185,175,#2a2f0b
186,175,#25340a
187,175,#243a0a
188,175,#1d3207
189,175,#20350b
190,175,#34420f
191,175,#414f1a
192,175,#334810
193,175,#283e0e
194,175,#284010
195,175,#1f3608
196,175,#1f3606
197,175,#28390c
198,175,#364814
199,175,#3f511d
200,175,#3f4b19
201,175,#425118
202,175,#46541d
203,175,#495525
204,175,#3f4b1d
205,175,#3c4510
206,175,#55582d
207,175,#505127
208,175,#4d4b24
209,175,#595530
210,175,#595730
211,175,#53522c
212,175,#565a31
213,175,#585931
214,175,#5c5d35
215,175,#575428
216,175,#4b4d28
217,175,#454f1e
218,175,#505028
219,175,#656339
220,175,#54522c
221,175,#564926
222,175,#615431
223,175,#504c26
224,175,#4c4721
225,175,#54502b
226,175,#534e2c
227,175,#64583c
228,175,#5e5833
229,175,#4c4d25
230,175,#4d4a1d
231,175,#514a22
232,175,#4f571d
233,175,#46531d
234,175,#2f440c
320,175,#bba57e
321,175,#897651
322,175,#656334
323,175,#55512a
324,175,#41431b
325,175,#565830
326,175,#4e4e28
327,175,#484826
328,175,#5c5833
329,175,#585632
330,175,#54502d
331,175,#665e3a
332,175,#615733
333,175,#544e2a
334,175,#4d4926
335,175,#464521
336,175,#6c5d3e
337,175,#6c603e
338,175,#5f6431
339,175,#675c3c
340,175,#56502c
341,175,#4c4622
342,175,#594b27
343,175,#47431d
344,175,#504824
345,175,#504924
346,175,#5c4f2c
347,175,#615532
348,175,#4e4c25
349,175,#393b14
350,175,#565c2d
351,175,#3e4116
352,175,#3c4318
353,175,#384718
354,175,#45481d
355,175,#404318
356,175,#303d0f
357,175,#403c16
358,175,#5c592e
359,175,#3d3913
360,175,#47471b
361,175,#48451c
362,175,#48471b
363,175,#394010
364,175,#434715
365,175,#5a572f
366,175,#424a19
367,175,#565f4c
377,175,#07071a
378,175,#505434
379,175,#60512c
380,175,#544c27
381,175,#66562e
382,175,#2d3f16
383,175,#1d3406
507,175,#21453b
508,175,#595637
509,175,#645637
510,175,#5a4f2f
511,175,#6a5736
512,175,#8a6c44
513,175,#7a693f
514,175,#70613d
515,175,#64542d
516,175,#876f43
517,175,#745d32
518,175,#735c35
519,175,#6c5835
520,175,#6b5c35
521,175,#685938
522,175,#755f3a
523,175,#695a39
524,175,#605132
525,175,#5f5632
526,175,#56593e
535,175,#01323c
536,175,#6b5f39
537,175,#5e512e
538,175,#5b5030
539,175,#4f4426
540,175,#594e30
541,175,#474427
577,175,#081626
578,175,#23382a
176,176,#948972
177,176,#b08f61
178,176,#826d4c
179,176,#95836f
180,176,#766342
181,176,#a68757
182,176,#816b41
183,176,#352622
185,176,#615238
186,176,#363d1c
187,176,#1c2d02
188,176,#1d2f09
189,176,#1a2e09
190,176,#35481a
191,176,#364711
192,176,#2a3c0c
193,176,#374917
194,176,#2d410c
195,176,#273c0b
196,176,#2c3d0c
197,176,#3d4b16
198,176,#35420c
199,176,#3d4418
200,176,#3b4513
201,176,#4b5520
202,176,#49531f
203,176,#4a5324
204,176,#3e4718
205,176,#454b1d
206,176,#4d5025
207,176,#484c20
208,176,#505328
209,176,#43471c
210,176,#61623a
211,176,#4c4a24
212,176,#4f4e27
213,176,#5c5a33
214,176,#5d5933
215,176,#646237
216,176,#4e4f25
217,176,#58582b
218,176,#4c5427
219,176,#5e592b
220,176,#574f28
221,176,#594b26
222,176,#645c37
223,176,#605833
224,176,#635e38
225,176,#5e5632
226,176,#544b2a
227,176,#685737
228,176,#5b5531
229,176,#44461e
230,176,#46481b
231,176,#3a3d10
232,176,#3f4511
233,176,#495418
234,176,#3b4d16
319,176,#5a5561
320,176,#bd9a6d
321,176,#b89c74
322,176,#5c6035
323,176,#4f4d27
324,176,#6c6a44
325,176,#4c4e26
326,176,#58542f
327,176,#59522f
328,176,#665c37
329,176,#746c46
330,176,#5f5a34
331,176,#7a704b
332,176,#625d37
333,176,#6a603d
334,176,#706142
335,176,#635d3b
336,176,#706343
337,176,#585131
338,176,#302f09
339,176,#605737
340,176,#615935
341,176,#5b532f
342,176,#5a5130
343,176,#56512b
344,176,#605b33
345,176,#313e16
346,176,#626339
347,176,#3e3f15
348,176,#57552c
349,176,#4f4c21
350,176,#43411a
351,176,#4d4d1f
352,176,#5c5623
353,176,#504b1d
354,176,#5f5430
355,176,#5e5a34
356,176,#3f451c
357,176,#3e4316
358,176,#565728
359,176,#48431d
360,176,#3e4315
361,176,#414918
362,176,#424c1a
363,176,#364210
364,176,#424312
365,176,#4c4b18
366,176,#46510d
375,176,#0a0f23
376,176,#4c542d
377,176,#7f6d43
378,176,#534924
379,176,#61552f
380,176,#61512b
381,176,#735938
382,176,#2f471d
383,176,#2f3e26
504,176,#062537
505,176,#123142
507,176,#434927
508,176,#735a3c
509,176,#5f572f
510,176,#594a2f
511,176,#7a6643
512,176,#8a714a
513,176,#8d7048
514,176,#745f3a
515,176,#705e36
516,176,#755f3a
517,176,#796236
518,176,#826c42
519,176,#836c43
520,176,#6d5d3a
521,176,#524421
522,176,#6d5b32
523,176,#70603f
524,176,#5b4a2c
525,176,#715d41
526,176,#655532
527,176,#7a6e41
528,176,#145047
535,176,#164f4c
536,176,#716a3b
537,176,#5d4f30
538,176,#645735
539,176,#50421f
540,176,#49401c
541,176,#5d5332
178,177,#645f58
179,177,#c0a574
180,177,#dac29f
181,177,#564830
182,177,#9b7e53
183,177,#75582b
184,177,#8b7348
185,177,#91775b
186,177,#977e50
187,177,#2a3610
188,177,#484f2a
189,177,#182d07
190,177,#293b0d
191,177,#283d08
192,177,#233c0c
193,177,#2c410b
194,177,#40541e
195,177,#394b15
196,177,#374512
197,177,#38430c
198,177,#3b4812
199,177,#30410d
200,177,#32440d
201,177,#36410c
202,177,#2e380d
203,177,#3d4818
204,177,#475220
205,177,#404d17
206,177,#374514
207,177,#444b21
208,177,#52562b
209,177,#57612d
210,177,#5a5933
211,177,#595530
212,177,#59552f
213,177,#53542c
214,177,#5c5a33
215,177,#51522a
216,177,#5c5f2e
217,177,#5c5d31
218,177,#595628
219,177,#666234
220,177,#545227
221,177,#736642
222,177,#5e5531
223,177,#59512c
224,177,#58542e
225,177,#615c36
226,177,#55512b
227,177,#48451f
228,177,#3e431e
229,177,#4d4928
230,177,#605a35
231,177,#3f4616
232,177,#515920
233,177,#404d14
234,177,#3a4708
319,177,#453a3a
320,177,#c7a371
321,177,#ac9574
322,177,#534f21
323,177,#6c623e
324,177,#5d552e
325,177,#7b6c47
326,177,#746643
327,177,#68623e
328,177,#6c623b
329,177,#6c633f
330,177,#645e36
331,177,#756943
332,177,#5f5531
333,177,#756b48
334,177,#685b3b
335,177,#645939
336,177,#726844
337,177,#7a6a47
338,177,#968862
339,177,#6f6240
340,177,#685c36
341,177,#665736
342,177,#615830
343,177,#6b5b35
344,177,#725e3c
345,177,#5b502a
346,177,#5a5a24
347,177,#080714
348,177,#574e2f
349,177,#5e542c
350,177,#4b4521
351,177,#524622
352,177,#666036
353,177,#6e633d
354,177,#3c3c16
355,177,#58582d
356,177,#494c25
357,177,#4c4e21
358,177,#4d5623
359,177,#313e0e
360,177,#32410e
361,177,#313d0c
362,177,#3c470b
363,177,#3b4812
364,177,#32430e
365,177,#3e4a15
373,177,#012423
374,177,#574c22
375,177,#5d512e
376,177,#625331
377,177,#5b5626
378,177,#886e4d
379,177,#6d4f31
380,177,#755535
381,177,#303d16
382,177,#24430c
504,177,#1b2920
505,177,#0b3e3a
506,177,#6d5531
507,177,#70613d
508,177,#634d2e
509,177,#866f50
510,177,#6c5837
511,177,#826648
512,177,#8f714f
513,177,#896d48
514,177,#695326
515,177,#83683a
516,177,#846c42
517,177,#7c6543
518,177,#846c3e
519,177,#856b45
520,177,#4b4325
521,177,#625231
522,177,#564823
523,177,#514828
524,177,#564a2a
525,177,#71603e
526,177,#6c5938
527,177,#72613e
528,177,#635436
529,177,#685d3e
530,177,#19403d
531,177,#155457
532,177,#226257
534,177,#053a48
535,177,#687d5b
536,177,#67593e
537,177,#655639
538,177,#645234
539,177,#7b6441
540,177,#836b46
541,177,#6e5e3a
542,177,#133336
597,177,#193526
598,177,#284808
599,177,#1a2c2d
180,178,#a0967b
181,178,#c5aa8e
182,178,#775f3c
183,178,#8e754d
184,178,#907145
185,178,#a88a5a
186,178,#a3805d
187,178,#7b6243
188,178,#504625
189,178,#7e6d4e
190,178,#28340c
191,178,#233707
192,178,#31470d
193,178,#576c31
194,178,#48571e
195,178,#4a551f
196,178,#545a27
197,178,#374610
198,178,#384613
199,178,#2d3d0c
200,178,#313e09
201,178,#32400d
202,178,#262a0c
203,178,#28300a
204,178,#334415
205,178,#31440d
206,178,#3d4617
207,178,#4b5329
208,178,#54562c
209,178,#555126
210,178,#5d5733
211,178,#5a5631
212,178,#55502a
213,178,#57532d
214,178,#625a35
215,178,#665c36
216,178,#5d562c
217,178,#54572a
218,178,#585a29
219,178,#535526
220,178,#585127
221,178,#594f29
222,178,#625633
223,178,#605531
224,178,#615733
225,178,#625d33
226,178,#615a30
227,178,#55502b
228,178,#3a3a14
229,178,#4e4a25
230,178,#484c21
231,178,#3a4712
232,178,#505920
233,178,#485911
234,178,#364a1a
319,178,#6e6559
320,178,#c09c6d
321,178,#7c6847
322,178,#817444
323,178,#6c5d34
324,178,#7c6b45
325,178,#8a7655
326,178,#645332
327,178,#635c38
328,178,#837953
329,178,#706b45
330,178,#696039
331,178,#766a44
332,178,#5d5530
333,178,#726a46
334,178,#696341
335,178,#66623f
336,178,#665c39
337,178,#6c6642
338,178,#6a613a
339,178,#695a39
340,178,#6c5b3d
341,178,#584b29
342,178,#5c532a
343,178,#63532f
344,178,#6e5e3c
345,178,#3c3a12
346,178,#3f422d
347,178,#5d5126
348,178,#604f2c
349,178,#594c2b
350,178,#4b411d
351,178,#524523
352,178,#5c5131
353,178,#6e5e3d
354,178,#796c46
355,178,#413f16
356,178,#3f4016
357,178,#4e4d21
358,178,#4a521f
359,178,#495321
360,178,#34430d
361,178,#364310
362,178,#304207
363,178,#526230
364,178,#192228
373,178,#495534
374,178,#736041
375,178,#695334
376,178,#675430
377,178,#8d704b
378,178,#6b5331
379,178,#705335
380,178,#6a4d2c
381,178,#1c2d03
382,178,#08151c
503,178,#18302b
504,178,#6e6034
505,178,#5f6143
506,178,#938d51
507,178,#73633b
508,178,#7b6841
509,178,#7e6640
510,178,#735c3a
511,178,#826442
512,178,#7f633e
513,178,#866c47
514,178,#867042
515,178,#745c2e
516,178,#8c734a
517,178,#8e7245
518,178,#927442
519,178,#846b41
520,178,#665231
521,178,#594931
522,178,#68552d
523,178,#6c5d3c
524,178,#5d5236
525,178,#675a35
526,178,#796541
527,178,#7d6a46
528,178,#6b5735
529,178,#705c3a
530,178,#5c5c39
531,178,#614d23
532,178,#094d49
533,178,#124155
534,178,#0b4b51
535,178,#7b663a
536,178,#7c673a
537,178,#5f5437
538,178,#635433
539,178,#6c5a36
540,178,#735f3c
541,178,#4c3b1a
542,178,#162804
543,178,#051b2e
50,179,#050c20
181,179,#c0a586
182,179,#b1916a
183,179,#8a6842
184,179,#9e7c4f
185,179,#a5855b
186,179,#a68258
187,179,#b18d5c
188,179,#846a45
189,179,#735f3c
190,179,#867050
191,179,#605a3b
192,179,#354015
193,179,#26390a
194,179,#49531c
195,179,#515a21
196,179,#484a19
197,179,#364a10
198,179,#35460f
199,179,#33410e
200,179,#283807
201,179,#2a3a0d
202,179,#273a09
203,179,#24370a
204,179,#314615
205,179,#4c5327
206,179,#54522f
207,179,#4e5029
208,179,#4c5128
209,179,#5d5933
210,179,#3f431b
211,179,#595731
212,179,#58562f
213,179,#51522a
214,179,#655d38
215,179,#615832
216,179,#5a4d2b
217,179,#585a2d
218,179,#585a29
219,179,#656436
220,179,#5c582d
221,179,#5f582e
222,179,#6b653f
223,179,#675e3a
224,179,#5b4f2c
225,179,#6c623c
226,179,#4d4824
227,179,#484822
228,179,#383a12
229,179,#474c21
230,179,#424a1b
231,179,#4e5521
232,179,#565919
233,179,#4c5513
234,179,#233c0e
319,179,#5f5451
320,179,#ebc08d
321,179,#9b845c
322,179,#88724a
323,179,#7c6a44
324,179,#b29b72
325,179,#b29664
326,179,#b39967
327,179,#978760
328,179,#897958
329,179,#776d47
330,179,#726842
331,179,#786a45
332,179,#6e603d
333,179,#726744
334,179,#67613f
335,179,#635d39
336,179,#5f5937
337,179,#595031
338,179,#746a46
339,179,#6d603e
340,179,#746946
341,179,#171a02
342,179,#605530
343,179,#5e502d
344,179,#504522
345,179,#564e37
346,179,#584e21
347,179,#726443
348,179,#514922
349,179,#65613b
350,179,#746541
351,179,#5a502d
352,179,#796646
353,179,#5a4b2a
354,179,#5a4d2d
355,179,#42471d
356,179,#46471b
357,179,#424a1a
358,179,#4e5b25
359,179,#3d4a15
360,179,#32410e
361,179,#4f5b22
373,179,#525427
374,179,#56432b
375,179,#685a32
376,179,#6c5835
377,179,#6f5834
378,179,#6c4e32
379,179,#74603f
380,179,#543f1a
381,179,#182a03
503,179,#303b2e
504,179,#756440
505,179,#84653f
506,179,#6b5b35
507,179,#72633a
508,179,#89764b
509,179,#8d734e
510,179,#806641
511,179,#866941
512,179,#81683f
513,179,#7e6640
514,179,#8c754b
515,179,#7d663a
516,179,#7c633b
517,179,#7e683d
518,179,#90754b
519,179,#886f46
520,179,#736038
521,179,#7c6440
522,179,#7f7049
523,179,#7c663d
524,179,#77633d
525,179,#6a532c
526,179,#715b36
527,179,#5f4f2e
528,179,#725f3c
529,179,#685235
530,179,#786532
531,179,#605a3e
532,179,#b6996a
533,179,#8a9d67
534,179,#a2895c
535,179,#5e532e
536,179,#695a39
537,179,#70603e
538,179,#6e5e3c
539,179,#64522e
540,179,#82694a
541,179,#695739
542,179,#0e1f01
580,179,#263a20
595,179,#091a21
596,179,#314a11
597,179,#17311d
182,180,#b4ab96
183,180,#a3825d
184,180,#8f7551
185,180,#846930
186,180,#b08d63
187,180,#d9aa7d
188,180,#8e6741
189,180,#8d7959
190,180,#4d3f22
191,180,#58502f
192,180,#55522b
193,180,#424b26
194,180,#3c4214
195,180,#424916
196,180,#444c19
197,180,#364b0e
198,180,#364710
199,180,#3d4919
200,180,#384611
201,180,#2a3a09
202,180,#2e3e0d
203,180,#2d410e
204,180,#1f2907
205,180,#0b1101
206,180,#32360f
207,180,#494b22
208,180,#595f33
209,180,#61613a
210,180,#575a2f
211,180,#5c5b34
212,180,#5f5a35
213,180,#5d5934
214,180,#5d5733
215,180,#615c34
216,180,#665a34
217,180,#5f5931
218,180,#494c21
219,180,#55572c
220,180,#57562d
221,180,#5f532d
222,180,#605831
223,180,#5b512b
224,180,#5a5329
225,180,#5f532d
226,180,#5b5531
227,180,#454b23
228,180,#414520
229,180,#4d4923
230,180,#5d5429
231,180,#565225
232,180,#575c1d
233,180,#364c0e
319,180,#110923
320,180,#e5bf8c
321,180,#9f8157
322,180,#938049
323,180,#7b683d
324,180,#92794b
325,180,#9c8660
326,180,#a08f54
327,180,#ad9d62
328,180,#877557
329,180,#7e714f
330,180,#6d6040
331,180,#857150
332,180,#887353
333,180,#716442
334,180,#695e3b
335,180,#6f623f
336,180,#5d5331
337,180,#786a46
338,180,#7e704b
339,180,#7f714a
340,180,#706340
341,180,#655b38
342,180,#695d36
343,180,#615130
344,180,#665a3c
345,180,#5e5a35
346,180,#635832
347,180,#7e6b47
348,180,#5e512e
349,180,#544b2c
350,180,#554c2d
351,180,#5b4e2e
352,180,#5f5031
353,180,#625334
354,180,#504827
355,180,#3e461b
356,180,#484c1b
357,180,#3a4615
358,180,#33400f
359,180,#3c4817
360,180,#394d17
361,180,#141f1e
373,180,#4b4c23
374,180,#47390c
375,180,#4f4924
376,180,#5d4f2e
377,180,#765f39
378,180,#715635
379,180,#7b6645
380,180,#554f2d
381,180,#193106
503,180,#6b6f5b
504,180,#8b754c
505,180,#81653f
506,180,#87664b
507,180,#766335
508,180,#7d663d
509,180,#857345
510,180,#8d734a
511,180,#8e6c46
512,180,#8d754c
513,180,#836938
514,180,#7f683a
515,180,#6f5d33
516,180,#816944
517,180,#6e5534
518,180,#82623e
519,180,#81643c
520,180,#8a7045
521,180,#8f774e
522,180,#7c6642
523,180,#6d4f1f
524,180,#3a3408
525,180,#8c763f
526,180,#885f3e
527,180,#766032
528,180,#87714b
529,180,#93774f
530,180,#90744c
531,180,#735b32
532,180,#8a7043
533,180,#8f7143
534,180,#8d7443
535,180,#7f6e45
536,180,#796742
537,180,#79613d
538,180,#806b42
539,180,#7e6642
540,180,#655231
541,180,#55472a
542,180,#393b17
543,180,#13301b
596,180,#17272a
597,180,#050e20
182,181,#151129
183,181,#d1ae9a
184,181,#8d6a47
185,181,#a58751
186,181,#a68252
187,181,#c09c5c
188,181,#bdb574
189,181,#957a59
190,181,#907959
191,181,#4e401e
192,181,#48431e
193,181,#25330a
194,181,#4d5124
195,181,#474a1f
196,181,#474a1b
197,181,#3c4a11
198,181,#3c4913
199,181,#414d1b
200,181,#374510
201,181,#344712
202,181,#273f0b
203,181,#415220
204,181,#1b2602
205,181,#414324
206,181,#52512c
207,181,#46471f
208,181,#51552a
209,181,#595931
210,181,#616137
211,181,#5f5b35
212,181,#625d37
213,181,#5e5a34
214,181,#54552d
215,181,#595633
216,181,#615b39
217,181,#605832
218,181,#625a33
219,181,#605b33
220,181,#4e4a21
221,181,#58532b
222,181,#635e36
223,181,#5b582f
224,181,#625930
225,181,#5d5026
226,181,#5e562f
227,181,#333c11
228,181,#3c431a
229,181,#524f27
230,181,#5c5428
231,181,#5d562c
232,181,#4f4e16
233,181,#3f4c1f
320,181,#0e0609
321,181,#9a794b
322,181,#887044
323,181,#7a6337
324,181,#b39366
325,181,#bb9e6f
326,181,#675548
327,181,#180c20
328,181,#635c2d
329,181,#615435
330,181,#6e6141
331,181,#806d4d
332,181,#8b7754
333,181,#80714f
334,181,#877756
335,181,#6d6040
336,181,#6c6546
337,181,#504a25
338,181,#84784e
339,181,#7b714d
340,181,#7b6d47
341,181,#736b47
342,181,#6b613c
343,181,#514c26
344,181,#514e2b
345,181,#59512c
346,181,#6f6541
347,181,#7a6a46
348,181,#645433
349,181,#50482b
350,181,#53482a
351,181,#655637
352,181,#5e4f2e
353,181,#605434
354,181,#292809
355,181,#484b1c
356,181,#374011
357,181,#3c4b16
358,181,#323e0c
359,181,#3d4e1d
360,181,#253622
373,181,#304931
374,181,#4a4c29
375,181,#74653d
376,181,#5f4929
377,181,#755c3b
378,181,#755a35
379,181,#4e4421
380,181,#2e3513
381,181,#2b4311
502,181,#4b4d41
503,181,#907648
504,181,#93684c
505,181,#8f724c
506,181,#9f7a5d
507,181,#98754f
508,181,#856640
509,181,#a3875b
510,181,#8d7149
511,181,#84663e
512,181,#957551
513,181,#886c45
514,181,#816a43
515,181,#77643c
516,181,#816848
517,181,#93714d
518,181,#896942
519,181,#94734c
520,181,#a17852
521,181,#98714d
522,181,#ae815d
523,181,#86714f
524,181,#9e7d4a
525,181,#997d48
526,181,#936e40
527,181,#946f3a
528,181,#9f7f54
529,181,#977446
530,181,#887241
531,181,#876c3f
532,181,#806537
533,181,#937a47
534,181,#ac7d4e
535,181,#87693f
536,181,#7e6647
537,181,#7f6841
538,181,#715d34
539,181,#675936
540,181,#6c5939
541,181,#6a5b3e
542,181,#5d5832
543,181,#3f5220
183,182,#e9c09b
184,182,#977e60
185,182,#a68a60
186,182,#7e5e35
187,182,#cda97f
188,182,#d2ab83
189,182,#c4aa85
190,182,#957c58
191,182,#7e663d
192,182,#514a2a
193,182,#343c11
194,182,#404119
195,182,#453d18
196,182,#48451d
197,182,#45481b
198,182,#41491b
199,182,#3b4818
200,182,#2f4208
201,182,#344713
202,182,#2d4109
203,182,#545029
204,182,#4f5829
205,182,#263206
206,182,#3b4318
207,182,#40451c
208,182,#444b1c
209,182,#5c5e34
210,182,#5e5d31
211,182,#56552f
212,182,#5b5c35
213,182,#5d5c30
214,182,#625d32
215,182,#5d5e36
216,182,#5d5e36
217,182,#5c5b2c
218,182,#665f35
219,182,#575326
220,182,#5f592d
221,182,#646037
222,182,#59552e
223,182,#585428
224,182,#5e582c
225,182,#56552a
226,182,#514c24
227,182,#51522c
228,182,#3a451b
229,182,#545329
230,182,#48491d
231,182,#504f26
232,182,#545621
233,182,#495e34
321,182,#b1ab92
322,182,#9a7146
323,182,#b59064
324,182,#927750
325,182,#78653e
326,182,#6a5e36
327,182,#675c3a
328,182,#5f5837
329,182,#585230
330,182,#695c39
331,182,#9f8360
332,182,#9c835d
333,182,#8d7855
334,182,#816e50
335,182,#776a47
336,182,#716743
337,182,#67613b
338,182,#4c3f1c
339,182,#7e6e4c
340,182,#72623f
341,182,#766a47
342,182,#6b6345
343,182,#726643
344,182,#635d3b
345,182,#685e3c
346,182,#554928
347,182,#4e4929
348,182,#64583b
349,182,#655b3d
350,182,#6f5f3e
351,182,#6e5b3a
352,182,#8b7350
353,182,#8a7555
354,182,#434020
355,182,#343f14
356,182,#3a4616
357,182,#4d5421
358,182,#334c2a
374,182,#303911
375,182,#675935
376,182,#715839
377,182,#715838
378,182,#5a4824
379,182,#555430
380,182,#2d3d18
381,182,#253819
498,182,#0b182c
501,182,#233b36
502,182,#9f7653
503,182,#ae7e53
504,182,#b4805a
505,182,#916745
506,182,#bb8260
507,182,#7d5b39
508,182,#a97d5a
509,182,#966e4e
510,182,#ae8e65
511,182,#946a47
512,182,#976e4b
513,182,#997552
514,182,#906944
515,182,#8e6d4b
516,182,#77593d
517,182,#856e42
518,182,#83653e
519,182,#9f7149
520,182,#a9784f
521,182,#9f734e
522,182,#866445
523,182,#927650
524,182,#996e45
525,182,#a17751
526,182,#765933
527,182,#b58752
528,182,#ad7f4c
529,182,#a87e4c
530,182,#a07d4b
531,182,#8f734d
532,182,#786132
533,182,#987948
534,182,#9f7843
535,182,#b7925a
536,182,#91764d
537,182,#77653f
538,182,#6c5a34
539,182,#504325
540,182,#59482c
541,182,#6e5a3f
542,182,#635436
543,182,#69563b
544,182,#60522f
545,182,#4f5e2e
183,183,#ca9e7b
184,183,#ae9176
185,183,#d2ab7c
186,183,#b7957c
187,183,#957252
188,183,#dab791
189,183,#836849
190,183,#644e29
191,183,#8d754c
192,183,#53522f
193,183,#3e441a
194,183,#4a4c24
195,183,#595031
196,183,#615839
197,183,#494c21
198,183,#41461b
199,183,#3c4516
200,183,#314110
201,183,#2e400c
202,183,#324910
203,183,#606038
204,183,#475223
205,183,#465423
206,183,#414a1d
207,183,#484f25
208,183,#474e20
209,183,#56542b
210,183,#59542e
211,183,#615d3a
212,183,#68673a
213,183,#565827
214,183,#5c6035
215,183,#616334
216,183,#66633a
217,183,#59562a
218,183,#625d37
219,183,#44441a
220,183,#535a29
221,183,#4c4823
222,183,#5c522c
223,183,#5f5b2e
224,183,#5c5c30
225,183,#505527
226,183,#45431d
227,183,#293007
228,183,#59512e
229,183,#55552d
230,183,#474721
231,183,#52542c
232,183,#455021
322,183,#a1754e
323,183,#88623e
324,183,#a58662
325,183,#806e48
326,183,#645735
327,183,#635b3b
328,183,#605537
329,183,#907756
330,183,#a08961
331,183,#b09067
332,183,#a98d65
333,183,#9f835f
334,183,#8d7453
335,183,#948462
336,183,#847653
337,183,#7f7352
338,183,#706340
339,183,#847754
340,183,#786c47
341,183,#86724f
342,183,#9f8e66
343,183,#766a43
344,183,#635f3f
345,183,#7b6b4a
346,183,#867655
347,183,#6e6848
348,183,#786a4d
349,183,#524729
350,183,#8d7f5a
351,183,#534525
352,183,#615735
353,183,#504726
354,183,#464b27
355,183,#3f481d
356,183,#454e21
357,183,#384b17
374,183,#413f18
375,183,#6e5e39
376,183,#684f30
377,183,#5e4629
378,183,#5c4d2c
379,183,#1b2200
380,183,#2a3e08
497,183,#090b18
498,183,#827958
499,183,#a4785c
500,183,#a6774a
501,183,#a46c51
502,183,#af764a
503,183,#a27150
504,183,#b9805e
505,183,#b9815e
506,183,#b18058
507,183,#b97b5a
508,183,#93663f
509,183,#b37d5b
510,183,#9c6d4d
511,183,#a37353
512,183,#9a7550
513,183,#a17751
514,183,#a27755
515,183,#876b45
516,183,#81603f
517,183,#976d44
518,183,#9f724b
519,183,#c28963
520,183,#9d754e
521,183,#9b6e4c
522,183,#976e4e
523,183,#7c5d40
524,183,#725337
525,183,#976e4b
526,183,#916b47
527,183,#977251
528,183,#a4804b
529,183,#9e7849
530,183,#886637
531,183,#866c44
532,183,#7b6435
533,183,#8b6f40
534,183,#9f7a4a
535,183,#b28a56
536,183,#a58150
537,183,#9c8054
538,183,#947b51
539,183,#7c6948
540,183,#6b5a3a
541,183,#645339
542,183,#705f41
543,183,#715c41
544,183,#6a5737
545,183,#675c34
546,183,#604d2f
547,183,#213b39
573,183,#254337
183,184,#cb9871
184,184,#ad8664
185,184,#bc946b
186,184,#7e5b37
187,184,#e8d5b5
188,184,#edc497
189,184,#af8d69
190,184,#695734
191,184,#866f47
192,184,#1a1f00
193,184,#42471e
194,184,#43451d
195,184,#4d4929
196,184,#494226
197,184,#46481f
198,184,#41461b
199,184,#42481a
200,184,#394515
201,184,#344614
202,184,#344b11
203,184,#4a5127
204,184,#3b4818
205,184,#43511e
206,184,#424b1c
207,184,#4d542a
208,184,#474d1f
209,184,#67623a
210,184,#58552c
211,184,#636139
212,184,#545c2d
213,184,#535b28
214,184,#454d21
215,184,#5d6436
216,184,#646535
217,184,#6a6838
218,184,#5c5a2f
219,184,#434b1e
220,184,#4e5426
221,184,#494c21
222,184,#5c5b2d
223,184,#5a5929
224,184,#59572e
225,184,#52532b
226,184,#4c4820
227,184,#494a20
228,184,#535029
229,184,#4e4e28
230,184,#494b23
231,184,#636641
232,184,#172028
322,184,#815b39
323,184,#987351
324,184,#dbad82
325,184,#b59365
326,184,#867549
327,184,#6d5f3b
328,184,#726342
329,184,#887050
330,184,#937a59
331,184,#8f7851
332,184,#876f49
333,184,#977655
334,184,#8e7954
335,184,#98815f
336,184,#927e5b
337,184,#756645
338,184,#81794a
339,184,#747042
340,184,#7a724b
341,184,#c0b073
342,184,#ae9a5f
343,184,#7f7045
344,184,#78674e
345,184,#675434
346,184,#908160
347,184,#5f5635
348,184,#8a7b5c
349,184,#7e7151
350,184,#5c5131
351,184,#564f2e
352,184,#56522d
353,184,#5f5732
354,184,#41441a
355,184,#40491e
356,184,#42471e
357,184,#464b1e
358,184,#07141d
373,184,#30420f
374,184,#614c32
375,184,#8f754f
376,184,#7b5d3f
377,184,#665238
378,184,#5d512e
379,184,#314314
380,184,#334a14
493,184,#0a0b1c
494,184,#777963
495,184,#514a2d
496,184,#967a5e
497,184,#946f4b
498,184,#946a4d
499,184,#986b4e
500,184,#8c6a4e
501,184,#a47151
502,184,#a37754
503,184,#af7d57
504,184,#9e724d
505,184,#af7e58
506,184,#bd8665
507,184,#be835b
508,184,#ae7855
509,184,#ac7554
510,184,#7b5335
511,184,#976d4d
512,184,#a67554
513,184,#a4744c
514,184,#8e6946
515,184,#946c48
516,184,#a07552
517,184,#9f714f
518,184,#9c704e
519,184,#a47652
520,184,#795837
521,184,#9b6d4e
522,184,#9c7049
523,184,#855d42
524,184,#7e6344
525,184,#927651
526,184,#8f664a
527,184,#a57551
528,184,#a0744d
529,184,#a27d49
530,184,#a7834c
531,184,#ab8963
532,184,#977d54
533,184,#806339
534,184,#937249
535,184,#a88557
536,184,#a57f50
537,184,#a78351
538,184,#9f7b4c
539,184,#8c6e47
540,184,#897147
541,184,#746040
542,184,#615434
543,184,#6b5a3e
544,184,#554725
545,184,#755b3f
546,184,#6c5b39
547,184,#495335
574,184,#202f0e
575,184,#101a2a
578,184,#1b2231
183,185,#c99f7e
184,185,#eac79f
185,185,#ac8867
186,185,#b58f67
187,185,#ad8a6a
188,185,#c69f72
189,185,#8e6e49
190,185,#7c643c
191,185,#9a825d
192,185,#4e4c29
193,185,#414524
194,185,#4b4b25
195,185,#45451f
196,185,#3a3716
197,185,#4c4c25
198,185,#47481d
199,185,#3d441a
200,185,#3f4a1d
201,185,#3b481a
202,185,#5a6833
203,185,#464d1e
204,185,#525828
205,185,#313e0f
206,185,#4b5226
207,185,#4a5422
208,185,#565a27
209,185,#565426
210,185,#4c4f21
211,185,#515523
212,185,#525b23
213,185,#444e1e
214,185,#545d24
215,185,#49561b
216,185,#515425
217,185,#585d2e
218,185,#57572a
219,185,#455222
220,185,#464f22
221,185,#4a5022
222,185,#5c5e2e
223,185,#535224
224,185,#5a552d
225,185,#545028
226,185,#5b542c
227,185,#484a1f
228,185,#55562e
229,185,#504f24
230,185,#53582a
231,185,#72683e
322,185,#1c181b
323,185,#745131
324,185,#efd2a4
325,185,#c6a373
326,185,#8b744e
327,185,#7b6943
328,185,#887652
329,185,#7f6a4b
330,185,#776a4a
331,185,#826f4c
332,185,#8d7350
333,185,#896c4a
334,185,#9e825d
335,185,#83714e
336,185,#927e5d
337,185,#8d7a51
338,185,#8b7a4e
339,185,#95875e
340,185,#8b8256
341,185,#887d51
342,185,#736342
343,185,#705b3e
344,185,#78674d
345,185,#6e5d3f
346,185,#725f3f
347,185,#685b3c
348,185,#504628
349,185,#5b5434
350,185,#5c5833
351,185,#56522f
352,185,#655e3a
353,185,#584f2b
354,185,#41431c
355,185,#40471e
356,185,#4f5228
357,185,#363e13
358,185,#163328
372,185,#323430
373,185,#655532
374,185,#6b583a
375,185,#644d2d
376,185,#7d6342
377,185,#796444
378,185,#4f4622
379,185,#2e4312
380,185,#334223
392,185,#2a3527
492,185,#1c201c
493,185,#8f6846
494,185,#8e6b4d
495,185,#927152
496,185,#987351
497,185,#a17a55
498,185,#8d6b46
499,185,#8f6d4a
500,185,#997551
501,185,#91724e
502,185,#b57d5c
503,185,#a17556
504,185,#a47050
505,185,#946946
506,185,#956644
507,185,#b68059
508,185,#ad7d5b
509,185,#ae795a
510,185,#b67d5f
511,185,#a27150
512,185,#926544
513,185,#9a6d50
514,185,#956b49
515,185,#986c45
516,185,#a4724e
517,185,#a77656
518,185,#956a47
519,185,#966947
520,185,#89613e
521,185,#8a6845
522,185,#786043
523,185,#8c6746
524,185,#825d3d
525,185,#896c46
526,185,#815c35
527,185,#8a6749
528,185,#9e7845
529,185,#a37f4b
530,185,#ab884e
531,185,#8c6842
532,185,#94714c
533,185,#9b7956
534,185,#8f6e45
535,185,#a88455
536,185,#a78056
537,185,#ad8651
538,185,#a58354
539,185,#9d8056
540,185,#957c53
541,185,#836f4f
542,185,#635230
543,185,#796646
544,185,#564527
545,185,#706142
546,185,#605232
547,185,#1a2601
548,185,#475c2d
574,185,#0a1623
575,185,#263b12
576,185,#0c1022
183,186,#ac8369
184,186,#debfaa
185,186,#a18064
186,186,#8f7152
187,186,#b48d69
188,186,#b38f6b
189,186,#846747
190,186,#957a4c
191,186,#ba9b77
192,186,#24290b
193,186,#2a330e
194,186,#43471e
195,186,#54552e
196,186,#4c4926
197,186,#4c4926
198,186,#474b20
199,186,#4c4f24
200,186,#3a4715
201,186,#374512
202,186,#394a17
203,186,#454e21
204,186,#3e4718
205,186,#434d19
206,186,#485122
207,186,#4e5426
208,186,#485323
209,186,#47511d
210,186,#555a21
211,186,#4c511c
212,186,#4b5529
213,186,#686c3a
214,186,#595c27
215,186,#5d622b
216,186,#5e602e
217,186,#5f5f32
218,186,#5a572e
219,186,#494c24
220,186,#4a4f24
221,186,#474d1f
222,186,#4d5021
223,186,#4e4f23
224,186,#52532b
225,186,#58552d
226,186,#53512a
227,186,#454a20
228,186,#40431b
229,186,#57592b
230,186,#2c300e
231,186,#79733f
323,186,#fffbcd
324,186,#d3b986
325,186,#e1bd84
326,186,#a78a5e
327,186,#776846
328,186,#7b6c4b
329,186,#726442
330,186,#6e5f42
331,186,#7a684a
332,186,#8b734c
333,186,#997f5a
334,186,#9f8262
335,186,#867655
336,186,#998665
337,186,#8c7e56
338,186,#8b7d50
339,186,#948159
340,186,#726d43
341,186,#807652
342,186,#846e53
343,186,#876f55
344,186,#67573d
345,186,#6d603e
346,186,#695e3e
347,186,#705d3d
348,186,#6f5c3c
349,186,#6d5839
350,186,#685c3a
351,186,#534f29
352,186,#5a5230
353,186,#4a4b27
354,186,#5b5734
355,186,#545430
356,186,#464a25
357,186,#374916
358,186,#474b22
372,186,#736f48
373,186,#5e5334
374,186,#6c5d3e
375,186,#736442
376,186,#755c3e
377,186,#72583a
378,186,#3e421a
379,186,#364411
490,186,#051713
491,186,#927667
492,186,#8a573e
493,186,#81623b
494,186,#81603d
495,186,#7c5e3c
496,186,#806343
497,186,#8c6845
498,186,#a47a57
499,186,#976c49
500,186,#a67f5e
501,186,#866241
502,186,#966846
503,186,#aa7452
504,186,#a67350
505,186,#9c6c4b
506,186,#a57554
507,186,#a26d4d
508,186,#a57454
509,186,#a26a4a
510,186,#ac6e4d
511,186,#bb7b58
512,186,#996246
513,186,#886a4a
514,186,#865d3d
515,186,#b37655
516,186,#a57253
517,186,#8c6e48
518,186,#84623c
519,186,#9f7752
520,186,#85613d
521,186,#866542
522,186,#836646
523,186,#745433
524,186,#976d50
525,186,#8d6c4a
526,186,#96724e
527,186,#917048
528,186,#8c6a46
529,186,#8e6c47
530,186,#aa8a5d
531,186,#af8251
532,186,#aa8156
533,186,#a37c50
534,186,#aa855c
535,186,#87653f
536,186,#896743
537,186,#9c7d4e
538,186,#a58556
539,186,#9a7f56
540,186,#9b8259
541,186,#866c47
542,186,#786040
543,186,#625231
544,186,#6f5c3e
545,186,#6c593b
546,186,#625133
547,186,#665233
548,186,#37370b
549,186,#296567
576,186,#3c4d37
183,187,#d1a17f
184,187,#bda18f
185,187,#bb987e
186,187,#ab8671
187,187,#d8af8e
188,187,#b69171
189,187,#9c7f57
190,187,#c7a171
191,187,#503d1f
192,187,#27390f
193,187,#434f1c
194,187,#41471d
195,187,#4b4923
196,187,#44451e
197,187,#51552f
198,187,#43491e
199,187,#575d2d
200,187,#5f6134
201,187,#454e20
202,187,#364714
203,187,#354518
204,187,#313a0f
205,187,#475224
206,187,#354518
207,187,#4f5429
208,187,#545c2a
209,187,#596127
210,187,#566228
211,187,#3b4613
212,187,#515a26
213,187,#5b5e2b
214,187,#585b2c
215,187,#434c1d
216,187,#545728
217,187,#4c5420
218,187,#485023
219,187,#454c23
220,187,#4e5626
221,187,#545627
222,187,#525528
223,187,#4d571c
224,187,#1d2709
225,187,#54572a
226,187,#515827
227,187,#232c0e
228,187,#4a552a
229,187,#3e4a1a
230,187,#020f1f
324,187,#e7cb99
325,187,#f5e1ae
326,187,#eccd9e
327,187,#837552
328,187,#7c6e4c
329,187,#816e4b
330,187,#8c7253
331,187,#866c4c
332,187,#856c4d
333,187,#967d5c
334,187,#9a835e
335,187,#a9906f
336,187,#8f7d5a
337,187,#8e7f5d
338,187,#897c59
339,187,#766c48
340,187,#7c6f48
341,187,#9b8f66
342,187,#776a4a
343,187,#7c6d4e
344,187,#79684a
345,187,#706141
346,187,#6f5f3e
347,187,#756346
348,187,#746048
349,187,#766348
350,187,#756948
351,187,#5b5331
352,187,#4b4f27
353,187,#534e2c
354,187,#52502a
355,187,#5e5a35
356,187,#454420
357,187,#2d3817
358,187,#384812
372,187,#5e5434
373,187,#51422b
374,187,#5a4f28
375,187,#735b39
376,187,#745b3a
377,187,#644d2b
378,187,#35361c
379,187,#34450b
489,187,#988173
490,187,#a57f5f
491,187,#a06c49
492,187,#9b6c4c
493,187,#947155
494,187,#6f5135
495,187,#725837
496,187,#856447
497,187,#705538
498,187,#72533a
499,187,#7e6245
500,187,#816243
501,187,#816148
502,187,#986747
503,187,#a27253
504,187,#966348
505,187,#a97556
506,187,#a7704d
507,187,#9e6543
508,187,#936546
509,187,#8a6143
510,187,#a97453
511,187,#a0613e
512,187,#9d6c52
513,187,#735638
514,187,#605330
515,187,#866448
516,187,#a37356
517,187,#9c6f57
518,187,#8d684d
519,187,#8c6849
520,187,#765d3f
521,187,#6f5537
522,187,#7a563d
523,187,#7b583c
524,187,#93714d
525,187,#a27d51
526,187,#927244
527,187,#926b44
528,187,#956e4a
529,187,#a47d57
530,187,#9e7a50
531,187,#b08a5e
532,187,#b5885b
533,187,#c09360
534,187,#ab855a
535,187,#af8961
536,187,#a78355
537,187,#9c7a4f
538,187,#9e8053
539,187,#a78858
540,187,#987f57
541,187,#967b57
542,187,#715a3a
543,187,#7a694b
544,187,#786545
545,187,#5b4c2d
546,187,#5f4f2e
547,187,#615536
548,187,#716241
549,187,#65623e
550,187,#363b19
551,187,#14182c
182,188,#d7c9c0
183,188,#b28b6b
184,188,#bc997a
185,188,#8b694f
186,188,#e8bea5
187,188,#b58e71
188,188,#ae8a67
189,188,#b1916c
190,188,#93733f
191,188,#95785e
192,188,#48542f
193,188,#545931
194,188,#4f4d2b
195,188,#4c4c25
196,188,#505327
197,188,#3f4718
198,188,#3c4518
199,188,#3e471c
200,188,#4f5b2d
201,188,#3a4618
202,188,#3a4817
203,188,#2e3e11
204,188,#434e21
205,188,#434f21
206,188,#3c4c1f
207,188,#525528
208,188,#575a28
209,188,#545820
210,188,#38440f
211,188,#5b5c2a
212,188,#5b6232
213,188,#5e6334
214,188,#3c481a
215,188,#49572b
216,188,#39491a
217,188,#494e1e
218,188,#4f5227
219,188,#44471b
220,188,#575e2a
221,188,#58592f
222,188,#40471e
223,188,#5c6431
224,188,#464923
225,188,#1b2c14
226,188,#111929
324,188,#f6d8a0
325,188,#fff5c8
326,188,#b8966d
327,188,#8f7856
328,188,#7f694a
329,188,#886f50
330,188,#8e7453
331,188,#947755
332,188,#a58665
333,188,#987b59
334,188,#997f5c
335,188,#94825c
336,188,#85734d
337,188,#9c8c66
338,188,#857750
339,188,#81754d
340,188,#817a4e
341,188,#91845a
342,188,#7a6c4b
343,188,#7b6c4d
344,188,#79684a
345,188,#7f6a4d
346,188,#765c41
347,188,#635134
348,188,#786449
349,188,#797252
350,188,#55562f
351,188,#605937
352,188,#58572e
353,188,#51512d
354,188,#42421c
355,188,#615f39
356,188,#4c4c28
357,188,#434c1a
358,188,#3c431a
372,188,#363e30
373,188,#625436
374,188,#a4875d
375,188,#776845
376,188,#7c583d
377,188,#615738
378,188,#26330a
379,188,#2d3526
489,188,#494358
490,188,#9b6b4b
491,188,#a3704d
492,188,#a67c55
493,188,#835e3d
494,188,#997255
495,188,#8f654a
496,188,#795c42
497,188,#6a5134
498,188,#73583d
499,188,#735438
500,188,#8e664a
501,188,#90664d
502,188,#aa7857
503,188,#9a5a3c
504,188,#996141
505,188,#a86d49
506,188,#ae6846
507,188,#966645
508,188,#855d3f
509,188,#815d3d
510,188,#9a6a4a
511,188,#aa6a48
512,188,#ae7758
513,188,#a47354
514,188,#8d6345
515,188,#946645
516,188,#966a4d
517,188,#8d6a4e
518,188,#846447
519,188,#8f6a4d
520,188,#6f5538
521,188,#785a3e
522,188,#6e5034
523,188,#6f5638
524,188,#745e41
525,188,#90774f
526,188,#a07351
527,188,#956946
528,188,#926542
529,188,#a07350
530,188,#a7744f
531,188,#b7885c
532,188,#aa7e4f
533,188,#ca9e6e
534,188,#99724a
535,188,#ab8659
536,188,#a47f55
537,188,#85623d
538,188,#886842
539,188,#95764b
540,188,#9d8159
541,188,#967d54
542,188,#7c6745
543,188,#534224
544,188,#7b6647
545,188,#665539
546,188,#6e5e44
547,188,#69593f
548,188,#716042
549,188,#4e4323
550,188,#66593c
551,188,#1d3233
182,189,#644d36
183,189,#c39773
184,189,#ab8562
185,189,#a88161
186,189,#cea489
187,189,#926e56
188,189,#a98560
189,189,#b49474
190,189,#9d7d5c
191,189,#231f04
192,189,#384615
193,189,#4c4f25
194,189,#514f29
195,189,#515329
196,189,#444923
197,189,#354012
198,189,#344012
199,189,#4f5b2d
200,189,#444a20
201,189,#364113
202,189,#424d21
203,189,#37461b
204,189,#3f4c1c
205,189,#394618
206,189,#2b360e
207,189,#444a1a
208,189,#535926
209,189,#5d642d
210,189,#5e6430
211,189,#555c26
212,189,#455326
213,189,#434d1d
214,189,#434c23
215,189,#485524
216,189,#475321
217,189,#505723
218,189,#50552a
219,189,#3f441b
220,189,#4f562a
221,189,#434b21
222,189,#343f1b
223,189,#16240f
224,189,#192a21
324,189,#f3be7b
325,189,#d59b69
326,189,#e2af85
327,189,#a8865f
328,189,#a98b68
329,189,#987a58
330,189,#967c59
331,189,#997752
332,189,#aa845f
333,189,#a2805b
334,189,#aa8e69
335,189,#9e835c
336,189,#937c53
337,189,#907c57
338,189,#8e7c56
339,189,#877851
340,189,#81754e
341,189,#796a49
342,189,#7b6e4d
343,189,#6e5f40
344,189,#746345
345,189,#6d5e41
346,189,#705e42
347,189,#605035
348,189,#896f51
349,189,#7d6e4f
350,189,#42401a
351,189,#6a5e3e
352,189,#666337
353,189,#474c23
354,189,#54562f
355,189,#494923
356,189,#484a25
357,189,#515229
358,189,#575932
372,189,#44424d
373,189,#7e6c4d
374,189,#75623e
375,189,#816545
376,189,#7d5e3f
377,189,#63562f
378,189,#192809
489,189,#947b59
490,189,#9b6a4a
491,189,#9f6a48
492,189,#a3714f
493,189,#8b6347
494,189,#805c42
495,189,#8a654a
496,189,#a2755a
497,189,#846045
498,189,#714f36
499,189,#876349
500,189,#7d5d40
501,189,#8a5d40
502,189,#915a3c
503,189,#906340
504,189,#ab7352
505,189,#b1704d
506,189,#ad704b
507,189,#8c6044
508,189,#7e593e
509,189,#865d41
510,189,#b07856
511,189,#aa6d4b
512,189,#9d6842
513,189,#a06749
514,189,#8d6848
515,189,#9c6a4a
516,189,#8b6141
517,189,#8d6043
518,189,#8a694a
519,189,#7a5c3e
520,189,#62472a
521,189,#624d30
522,189,#755e3f
523,189,#7f6447
524,189,#7b5d40
525,189,#967353
526,189,#906342
527,189,#a46f4f
528,189,#ac7757
529,189,#a36e4e
530,189,#a5714c
531,189,#c99468
532,189,#b4895d
533,189,#c09467
534,189,#dab27f
535,189,#b69165
536,189,#a07552
537,189,#825f3a
538,189,#a17d5b
539,189,#977b51
540,189,#997c4e
541,189,#917851
542,189,#877050
543,189,#927f61
544,189,#866f50
545,189,#5f4f2d
546,189,#655a3a
547,189,#64563c
548,189,#5b5030
549,189,#67593c
550,189,#4d4425
551,189,#585231
182,190,#997c65
183,190,#eccba6
184,190,#bd9572
185,190,#cca07e
186,190,#ae917b
187,190,#866146
188,190,#bb987a
189,190,#bea07d
190,190,#9c825e
191,190,#444528
192,190,#202b0a
193,190,#4d5128
194,190,#43461e
195,190,#494e25
196,190,#43481f
197,190,#364315
198,190,#364315
199,190,#334314
200,190,#303d11
201,190,#304011
202,190,#354717
203,190,#38481a
204,190,#394811
205,190,#3c4818
206,190,#324211
207,190,#27380b
208,190,#484f23
209,190,#3f4818
210,190,#44501e
211,190,#434b1c
212,190,#3f4e21
213,190,#4c5327
214,190,#4b5928
215,190,#233308
216,190,#404c20
217,190,#1d2b06
218,190,#364117
219,190,#1a2804
220,190,#263910
221,190,#273e0d
324,190,#f2d795
325,190,#df955d
326,190,#dea881
327,190,#9b7854
328,190,#82674b
329,190,#9f7d59
330,190,#a28560
331,190,#9c7353
332,190,#b28763
333,190,#ab8862
334,190,#c19e78
335,190,#b49366
336,190,#a2805b
337,190,#96805b
338,190,#92805a
339,190,#766841
340,190,#867956
341,190,#7b6b4a
342,190,#645b37
343,190,#6a603d
344,190,#575232
345,190,#655b3c
346,190,#5a4c31
347,190,#594d33
348,190,#4f3f25
349,190,#68523c
350,190,#3b3213
351,190,#6d6445
352,190,#635a33
353,190,#5a5832
354,190,#51562e
355,190,#413f1b
356,190,#383619
357,190,#4d5224
358,190,#454b29
372,190,#1b1a21
373,190,#695d37
374,190,#8e7256
375,190,#8c694c
376,190,#634e2f
377,190,#7f6943
378,190,#27351a
489,190,#a4743e
490,190,#8a5c41
491,190,#986344
492,190,#a7714a
493,190,#c08d69
494,190,#946748
495,190,#875e42
496,190,#8b6148
497,190,#8a694c
498,190,#846247
499,190,#7b5941
500,190,#966143
501,190,#955532
502,190,#9b6545
503,190,#814f2f
504,190,#b67755
505,190,#9f6a48
506,190,#996040
507,190,#906548
508,190,#805b41
509,190,#895839
510,190,#9e6949
511,190,#ae7457
512,190,#ad7857
513,190,#8a5f3f
514,190,#926143
515,190,#9d6646
516,190,#8a5e43
517,190,#ac7657
518,190,#846041
519,190,#7b5f46
520,190,#705439
521,190,#725438
522,190,#835e43
523,190,#865f43
524,190,#8b6546
525,190,#a17553
526,190,#a27351
527,190,#b67552
528,190,#b37350
529,190,#b47554
530,190,#ae7454
531,190,#c58e63
532,190,#775a31
533,190,#d4a26f
534,190,#d2a574
535,190,#b79163
536,190,#9b6e4f
537,190,#9d7a5a
538,190,#92714c
539,190,#8f7751
540,190,#8c754f
541,190,#7e6640
542,190,#877455
543,190,#6d5e3f
544,190,#5d5131
545,190,#3f3210
546,190,#5d4e2f
547,190,#675839
548,190,#4f4426
549,190,#625439
550,190,#6d5d3f
551,190,#393216
552,190,#41451f
182,191,#a1836d
183,191,#a47c63
184,191,#c2986e
185,191,#9b7050
186,191,#896954
187,191,#bc9179
188,191,#bf9576
189,191,#6a5436
190,191,#3c3316
191,191,#363d17
192,191,#3a4019
193,191,#4e5227
194,191,#3b4418
195,191,#3e431a
196,191,#40471d
197,191,#3b4419
198,191,#353e13
199,191,#354015
200,191,#2d3a0e
201,191,#334316
202,191,#314414
203,191,#344612
204,191,#3a4713
205,191,#384817
206,191,#364615
207,191,#2f3f10
208,191,#455025
209,191,#465126
210,191,#465325
211,191,#445123
212,191,#3c4e1c
213,191,#3d4617
214,191,#384717
215,191,#303b0f
216,191,#434c22
217,191,#30430f
218,191,#1f340a
219,191,#21370a
220,191,#1b3117
324,191,#30251c
325,191,#ea9d61
326,191,#c28b64
327,191,#dcbe90
328,191,#876a4a
329,191,#8f7451
330,191,#ab8560
331,191,#ae7a58
332,191,#bd8c64
333,191,#b28257
334,191,#c19e76
335,191,#b89166
336,191,#a68b63
337,191,#98815a
338,191,#967e5a
339,191,#84734f
340,191,#887856
341,191,#705f41
342,191,#544b29
343,191,#514e29
344,191,#51522e
345,191,#545130
346,191,#584f32
347,191,#5c5234
348,191,#665738
349,191,#8f7859
350,191,#56472a
351,191,#333113
352,191,#5a5631
353,191,#4d4a29
354,191,#4d4d27
355,191,#585a36
356,191,#52542a
357,191,#24292a
373,191,#605b3c
374,191,#664f2d
375,191,#736641
376,191,#6f5737
377,191,#4e4a23
378,191,#232e25
488,191,#192531
489,191,#997b5a
490,191,#ac7253
491,191,#92603d
492,191,#b88964
493,191,#b68662
494,191,#9c6c48
495,191,#96694c
496,191,#87583e
497,191,#835a3f
498,191,#7c5438
499,191,#855d41
500,191,#845738
501,191,#966144
502,191,#864f35
503,191,#95674b
504,191,#9d6748
505,191,#a97150
506,191,#825842
507,191,#855a40
508,191,#805a40
509,191,#876245
510,191,#986e51
511,191,#8d6040
512,191,#a6704d
513,191,#88583a
514,191,#906447
515,191,#916b4e
516,191,#8a5e43
517,191,#99684f
518,191,#896145
519,191,#7d573b
520,191,#845b3f
521,191,#8b5e41
522,191,#9d6d4f
523,191,#956243
524,191,#a06b4b
525,191,#9a6543
526,191,#a96c4b
527,191,#b76d4d
528,191,#b26a4c
529,191,#b57255
530,191,#ba7c58
531,191,#7a672d
532,191,#88713a
533,191,#be8b5e
534,191,#cb986e
535,191,#ba8b5c
536,191,#af835e
537,191,#a6835e
538,191,#9a7651
539,191,#a28467
540,191,#7b6740
541,191,#726444
542,191,#7e6a4a
543,191,#7a6a4b
544,191,#534c30
545,191,#474121
546,191,#3c3819
547,191,#413316
548,191,#7c7153
549,191,#77694e
550,191,#746041
551,191,#584a30
552,191,#504627
553,191,#46542a
555,191,#212e35
182,192,#7a553e
183,192,#996d4c
184,192,#ba8e69
185,192,#9a785d
186,192,#92755e
187,192,#a67f61
188,192,#d3b08a
189,192,#896f57
190,192,#4e371f
191,192,#2e3115
192,192,#333810
193,192,#43481d
194,192,#454d23
195,192,#3c4319
196,192,#3f461c
197,192,#384018
198,192,#3f441c
199,192,#434c20
200,192,#344115
201,192,#3b471c
202,192,#2a360e
203,192,#415020
204,192,#495025
205,192,#414a1d
206,192,#424b20
207,192,#364318
208,192,#3e491e
209,192,#213207
210,192,#344416
211,192,#465126
212,192,#3b481b
213,192,#464e21
214,192,#29320d
215,192,#3d441a
216,192,#3c431a
217,192,#3c3d1c
218,192,#1f2e0b
219,192,#172129
324,192,#080514
325,192,#fbc07c
326,192,#d7a882
327,192,#916c53
328,192,#8c6e4f
329,192,#99785a
330,192,#b09168
331,192,#bb906f
332,192,#b5815b
333,192,#c08460
334,192,#c29469
335,192,#c6a376
336,192,#ab8963
337,192,#b29169
338,192,#97805d
339,192,#947f5e
340,192,#756447
341,192,#756647
342,192,#7c6a4b
343,192,#605233
344,192,#584d30
345,192,#645a37
346,192,#5d5232
347,192,#6d5d3d
348,192,#5e4a33
349,192,#6f5b3f
350,192,#4e4526
351,192,#323517
352,192,#3e4521
353,192,#5a542e
354,192,#4d5441
375,192,#333537
488,192,#071428
489,192,#071914
490,192,#a86b51
491,192,#8b5e3f
492,192,#a67552
493,192,#a87857
494,192,#aa7b59
495,192,#a07454
496,192,#ab7a5c
497,192,#81593e
498,192,#915e46
499,192,#8d6345
500,192,#8b6545
501,192,#845b3d
502,192,#855d43
503,192,#815c3f
504,192,#906342
505,192,#9a6848
506,192,#9e6b4b
507,192,#896245
508,192,#8a5a3f
509,192,#8a694b
510,192,#745337
511,192,#855b3f
512,192,#7e583c
513,192,#795b3f
514,192,#8d6044
515,192,#8e6143
516,192,#94664b
517,192,#835a3c
518,192,#876041
519,192,#8b5c42
520,192,#7f5036
521,192,#85583b
522,192,#7e5637
523,192,#8d603f
524,192,#ad7454
525,192,#a87152
526,192,#ab6848
527,192,#c56e4c
528,192,#bd734b
529,192,#c77f5d
530,192,#d49866
531,192,#da9a71
532,192,#ecba87
533,192,#967646
534,192,#c0966b
535,192,#ba9063
536,192,#b5785a
537,192,#86663d
538,192,#ac7952
539,192,#916e4d
540,192,#836443
541,192,#8a6d51
542,192,#775d43
543,192,#77634a
544,192,#6c583f
545,192,#595033
546,192,#433c1f
547,192,#4b4022
548,192,#4a4225
549,192,#6e5f45
550,192,#695b41
551,192,#594d33
552,192,#5f5a3b
553,192,#4d4d2a
554,192,#3e4f24
182,193,#9c7b5f
183,193,#9f7b5b
184,193,#967455
185,193,#8c6c55
186,193,#7c5e48
187,193,#79664a
188,193,#aa8262
189,193,#988163
190,193,#5f4f30
191,193,#514c2e
192,193,#444a23
193,193,#424b1e
194,193,#424b20
195,193,#40471d
196,193,#42491f
197,193,#364015
198,193,#373e15
199,193,#3c441f
200,193,#434c21
201,193,#444b21
202,193,#374218
203,193,#364317
204,193,#474e24
205,193,#3d491b
206,193,#3d481d
207,193,#374318
208,193,#384519
209,193,#27380e
210,193,#374217
211,193,#3f461c
212,193,#444f25
213,193,#2a300a
214,193,#2b3412
215,193,#434b22
216,193,#2d350e
217,193,#373f1c
218,193,#293a12
325,193,#f3c685
326,193,#f6c18d
327,193,#a67d5c
328,193,#a68361
329,193,#917056
330,193,#aa9164
331,193,#ad9163
332,193,#bb855d
333,193,#b0794e
334,193,#ce9a6b
335,193,#d6a779
336,193,#d3aa7f
337,193,#ab8963
338,193,#8e7853
339,193,#8e7856
340,193,#856e4d
341,193,#816e4d
342,193,#856e4e
343,193,#7b6445
344,193,#735940
345,193,#6a583f
346,193,#756146
347,193,#6e593a
348,193,#6c563e
349,193,#796447
350,193,#5c4a2e
351,193,#5f573a
352,193,#5a5b33
353,193,#4f4e30
354,193,#40512d
488,193,#36393e
489,193,#5e564d
490,193,#a2806d
491,193,#875745
492,193,#986245
493,193,#9e6949
494,193,#aa7555
495,193,#9d6f4d
496,193,#a8795b
497,193,#9b6448
498,193,#7b5739
499,193,#835b42
500,193,#97684e
501,193,#885c41
502,193,#7c543a
503,193,#7a5538
504,193,#8e6346
505,193,#855a3c
506,193,#996b4c
507,193,#8a5a3e
508,193,#805a3d
509,193,#855d44
510,193,#805e43
511,193,#80583f
512,193,#835e3e
513,193,#7d533a
514,193,#806244
515,193,#765838
516,193,#7b583c
517,193,#8f6444
518,193,#805b3b
519,193,#886549
520,193,#7d5b40
521,193,#926548
522,193,#89593a
523,193,#8f6342
524,193,#906b47
525,193,#a57f58
526,193,#b07752
527,193,#bc774f
528,193,#d68a5d
529,193,#fecd96
530,193,#cd9468
531,193,#bb9a67
532,193,#e8b37e
533,193,#ce8f63
534,193,#be8e61
535,193,#c7966a
536,193,#ab8c65
537,193,#a27552
538,193,#af845a
539,193,#a57a5a
540,193,#a17656
541,193,#946f52
542,193,#725f42
543,193,#7c6c52
544,193,#67533a
545,193,#453a1e
546,193,#5f5438
547,193,#796a4d
548,193,#7f7458
549,193,#73654b
550,193,#4e472b
551,193,#4f4a2d
552,193,#595334
553,193,#585532
554,193,#485228
182,194,#8f6c48
183,194,#b18f6c
184,194,#896e51
185,194,#9c8778
186,194,#89725f
187,194,#e2ceb7
188,194,#d4be9d
189,194,#9a8669
190,194,#594926
191,194,#4c562d
192,194,#52542c
193,194,#3a4817
194,194,#3f481b
195,194,#3c4319
196,194,#383f15
197,194,#3d401d
198,194,#4a4a26
199,194,#52542f
200,194,#414a1f
201,194,#3e491e
202,194,#364214
203,194,#323d15
204,194,#4b4f2a
205,194,#3c4317
206,194,#434a20
207,194,#474e25
208,194,#2e3f12
209,194,#2b3a11
210,194,#313f14
211,194,#454e23
212,194,#485127
213,194,#313514
214,194,#2a320b
215,194,#303811
216,194,#313d17
217,194,#25340b
218,194,#253c08
325,194,#e6cfa8
326,194,#f6e1b1
327,194,#ae8560
328,194,#c49e75
329,194,#9a7b57
330,194,#a08762
331,194,#9f8163
332,194,#aa7c59
333,194,#c59f77
334,194,#b6845f
335,194,#d09b6f
336,194,#b1855a
337,194,#a07d5b
338,194,#a68e64
339,194,#896e4b
340,194,#8b7553
341,194,#766446
342,194,#886f4e
343,194,#806949
344,194,#715d40
345,194,#756446
346,194,#695638
347,194,#7a6045
348,194,#7a6344
349,194,#756043
350,194,#5d4e31
351,194,#51492c
352,194,#514e2d
353,194,#4d512d
354,194,#495033
489,194,#978c70
490,194,#8d5843
491,194,#876046
492,194,#996444
493,194,#a77252
494,194,#a16d4d
495,194,#946747
496,194,#916b51
497,194,#8b5e43
498,194,#825c3f
499,194,#855d41
500,194,#976e55
501,194,#83573c
502,194,#7b5339
503,194,#7a573b
504,194,#825a40
505,194,#936748
506,194,#7e5c40
507,194,#9d6849
508,194,#9b664b
509,194,#7b553b
510,194,#8b5f40
511,194,#875a40
512,194,#82553a
513,194,#7e583e
514,194,#7f5338
515,194,#8c5c40
516,194,#8b5c42
517,194,#8a5738
518,194,#8d5b40
519,194,#875d45
520,194,#865a40
521,194,#8e6245
522,194,#8b5536
523,194,#895739
524,194,#986a50
525,194,#9b6c4c
526,194,#b0825e
527,194,#ba815a
528,194,#e5b485
529,194,#e4bb89
530,194,#f5cb93
531,194,#7d7040
532,194,#dcab7c
533,194,#f9c798
534,194,#b9855f
535,194,#b27150
536,194,#7b6236
537,194,#b7906c
538,194,#ad7851
539,194,#9f7754
540,194,#ae8662
541,194,#8c6344
542,194,#75583e
543,194,#6c583f
544,194,#635339
545,194,#66563c
546,194,#6a5a40
547,194,#776348
548,194,#807257
549,194,#7d6f55
550,194,#73674d
551,194,#786950
552,194,#565333
553,194,#444520
554,194,#364117
182,195,#a1805b
183,195,#8f7454
184,195,#a2826b
185,195,#847565
186,195,#816c58
187,195,#756249
188,195,#928268
189,195,#bdaa8b
190,195,#343d18
191,195,#495329
192,195,#474d22
193,195,#495024
194,195,#4b5226
195,195,#40491c
196,195,#4c5129
197,195,#51532e
198,195,#4a4a28
199,195,#434a21
200,195,#3d481d
201,195,#424d23
202,195,#3d451c
203,195,#4b5229
204,195,#3a4118
205,195,#3a431a
206,195,#394215
207,195,#364316
208,195,#334014
209,195,#313d13
210,195,#425025
211,195,#42491f
212,195,#455023
213,195,#373f18
214,195,#434a21
215,195,#384017
216,195,#222f06
217,195,#2a380c
218,195,#2e4511
325,195,#837a71
326,195,#d59665
327,195,#a0805b
328,195,#ab8b66
329,195,#9d7b55
330,195,#a47f5a
331,195,#815e40
332,195,#b78d68
333,195,#b4885e
334,195,#b98b67
335,195,#b6825a
336,195,#b5865a
337,195,#7d5c3a
338,195,#775a3a
339,195,#856d4f
340,195,#5c4e34
341,195,#695739
342,195,#856a4d
343,195,#847150
344,195,#816d50
345,195,#786847
346,195,#7a6747
347,195,#7f6848
348,195,#816849
349,195,#745f40
350,195,#615231
351,195,#4d4629
352,195,#52562d
353,195,#5b6237
354,195,#252d14
490,195,#625336
491,195,#786039
492,195,#966d52
493,195,#9a6949
494,195,#a47252
495,195,#90694a
496,195,#7f573b
497,195,#7e5737
498,195,#855a41
499,195,#895d42
500,195,#885e40
501,195,#875d41
502,195,#986848
503,195,#936649
504,195,#855f42
505,195,#8f5e3f
506,195,#8f5f3d
507,195,#845239
508,195,#a97153
509,195,#905940
510,195,#a06f52
511,195,#8c6045
512,195,#926546
513,195,#81543b
514,195,#83583d
515,195,#8b5f44
516,195,#976447
517,195,#895439
518,195,#936148
519,195,#8a5d45
520,195,#8a583a
521,195,#8f5841
522,195,#8d5d43
523,195,#a07650
524,195,#af7f59
525,195,#b1845a
526,195,#aa7d54
527,195,#b98e62
528,195,#f9d29a
529,195,#eccd95
530,195,#f2d59a
531,195,#b98a61
532,195,#cba472
533,195,#c4a16b
534,195,#c9956b
535,195,#b38c63
536,195,#a6825e
537,195,#ae7b56
538,195,#ae7f5b
539,195,#a77655
540,195,#a9825f
541,195,#8a5f44
542,195,#795d41
543,195,#745a3f
544,195,#705a42
545,195,#6c5b3f
546,195,#6e5c44
547,195,#705f43
548,195,#716349
549,195,#7e6951
550,195,#807152
551,195,#575234
552,195,#63573a
553,195,#393912
554,195,#242608
555,195,#142d1f
181,196,#1e1621
182,196,#a48b6e
183,196,#876d55
184,196,#937a66
185,196,#a08f80
186,196,#735238
187,196,#524030
188,196,#aa916b
189,196,#c2ad8e
190,196,#313713
191,196,#525930
192,196,#4f5129
193,196,#646940
194,196,#464d23
195,196,#3e471c
196,196,#50552d
197,196,#64623a
198,196,#51532c
199,196,#334316
200,196,#364816
201,196,#40491c
202,196,#4b4d26
203,196,#3a3f17
204,196,#343a16
205,196,#1b2606
206,196,#41481e
207,196,#2e3b0d
208,196,#454e21
209,196,#434a20
210,196,#465627
211,196,#415120
212,196,#4f5726
213,196,#3e451b
214,196,#40451a
215,196,#3e451c
216,196,#3c4220
217,196,#2e3515
218,196,#192c04
326,196,#f9dd97
327,196,#c09066
328,196,#716148
329,196,#c7a97e
330,196,#d5af80
331,196,#90714b
332,196,#b28562
333,196,#b48864
334,196,#ba8663
335,196,#b4845e
336,196,#ba8b65
337,196,#795f3f
338,196,#766046
339,196,#6c5742
340,196,#675e41
341,196,#6f603f
342,196,#9c845f
343,196,#a18860
344,196,#917553
345,196,#7d6a4a
346,196,#756041
347,196,#806949
348,196,#7e6546
349,196,#574626
350,196,#746544
351,196,#5b5231
352,196,#5c5934
353,196,#474f23
490,196,#403f1f
491,196,#70613a
492,196,#79553a
493,196,#956d51
494,196,#906545
495,196,#7d5838
496,196,#8c613f
497,196,#8a6444
498,196,#7e5d41
499,196,#846145
500,196,#8d6448
501,196,#7b5138
502,196,#8e6149
503,196,#7a573b
504,196,#af7f61
505,196,#986645
506,196,#895639
507,196,#946548
508,196,#9a674a
509,196,#a56a4c
510,196,#a06950
511,196,#835438
512,196,#8e5d42
513,196,#865e40
514,196,#8f5e45
515,196,#8f5d44
516,196,#996045
517,196,#975f45
518,196,#9d6448
519,196,#a16446
520,196,#985d40
521,196,#925a3f
522,196,#8c5842
523,196,#a47654
524,196,#b08960
525,196,#ae875c
526,196,#ae8358
527,196,#c19266
528,196,#fdeaae
529,196,#f8d89d
530,196,#daac79
531,196,#c89b6f
532,196,#c6a371
533,196,#c2a16e
534,196,#c69970
535,196,#b38760
536,196,#877245
537,196,#a97954
538,196,#a0734e
539,196,#b2825e
540,196,#886444
541,196,#977255
542,196,#836546
543,196,#85684a
544,196,#7a5f44
545,196,#786347
546,196,#6e5d43
547,196,#6f6240
548,196,#504124
549,196,#736646
550,196,#726547
551,196,#433e21
552,196,#554e31
553,196,#3d3e15
554,196,#555a2e
555,196,#3d4b21
181,197,#7e6949
182,197,#b0906b
183,197,#a58b76
184,197,#836b52
185,197,#684f2f
186,197,#82674c
187,197,#af967c
188,197,#c7a589
189,197,#716248
190,197,#5a5b3b
191,197,#495128
192,197,#4f4d25
193,197,#51532e
194,197,#434722
195,197,#4b532c
196,197,#585d35
197,197,#5b5c33
198,197,#303613
199,197,#222f0d
200,197,#3f4720
201,197,#3e471b
202,197,#373e17
203,197,#272d0b
204,197,#3b401c
205,197,#424322
206,197,#464720
207,197,#4f5427
208,197,#4c5526
209,197,#4d5a2a
210,197,#455825
211,197,#3d551c
212,197,#495328
213,197,#3a4118
214,197,#474c26
215,197,#4c5028
216,197,#46491e
217,197,#364411
218,197,#262e2a
327,197,#e5ca9d
328,197,#80673e
329,197,#9c7f5a
330,197,#cda882
331,197,#deb08a
332,197,#a0845e
333,197,#d0a57d
334,197,#a98762
335,197,#c19876
336,197,#a27355
337,197,#735737
338,197,#7c6749
339,197,#6e5d43
340,197,#6f6245
341,197,#857452
342,197,#836a47
343,197,#816c49
344,197,#7d704d
345,197,#817150
346,197,#7b6b49
347,197,#594327
348,197,#5d4a2c
349,197,#6c5e3b
350,197,#514727
351,197,#544a30
352,197,#595331
353,197,#242d0f
491,197,#50621e
492,197,#7c6a45
493,197,#6d4d31
494,197,#956e54
495,197,#845b3d
496,197,#8b6246
497,197,#76573e
498,197,#906948
499,197,#7c563b
500,197,#85654b
501,197,#795339
502,197,#765b3f
503,197,#79573b
504,197,#724e33
505,197,#a16e4a
506,197,#915f3e
507,197,#815e40
508,197,#925e3f
509,197,#956243
510,197,#8c5f40
511,197,#905f40
512,197,#8a593e
513,197,#85543a
514,197,#845a41
515,197,#82573c
516,197,#956849
517,197,#8f5c41
518,197,#925b3e
519,197,#985e40
520,197,#935839
521,197,#854f35
522,197,#835238
523,197,#a77352
524,197,#a58153
525,197,#a68557
526,197,#c5956d
527,197,#c2966c
528,197,#baa77d
529,197,#edd798
530,197,#eac58e
531,197,#e5b781
532,197,#b98f5c
533,197,#d9ac7d
534,197,#c5885f
535,197,#ba8158
536,197,#a6694c
537,197,#af8157
538,197,#9b6d48
539,197,#835a40
540,197,#7f6145
541,197,#816346
542,197,#87704c
543,197,#887152
544,197,#7b6344
545,197,#786243
546,197,#827152
547,197,#7a6a47
548,197,#5e5430
549,197,#56542d
550,197,#5d5a33
551,197,#544a29
552,197,#71674b
553,197,#43441e
554,197,#182500
555,197,#12280a
181,198,#6f5632
182,198,#6b5336
183,198,#c6b5a5
184,198,#d8c2a6
185,198,#5b4b32
186,198,#937962
187,198,#a78e6d
188,198,#383624
189,198,#534c2f
190,198,#6d6848
191,198,#4b5328
192,198,#8e8557
193,198,#4a4b22
194,198,#4f5730
195,198,#4a5127
196,198,#50572d
197,198,#525a2d
198,198,#454c24
199,198,#444a24
200,198,#5d643b
201,198,#4e552b
202,198,#4f512a
203,198,#565630
204,198,#484620
205,198,#474820
206,198,#56572d
207,198,#605e35
208,198,#54552b
209,198,#5a5f34
210,198,#545a2c
211,198,#444d22
212,198,#2e3a12
213,198,#303c14
214,198,#39451f
215,198,#444b27
216,198,#393e1e
328,198,#aa755b
329,198,#9e794e
330,198,#d9a37c
331,198,#c78f66
332,198,#bf8d61
333,198,#d39c6f
334,198,#d0a37c
335,198,#b08b66
336,198,#9e7255
337,198,#8a6d52
338,198,#725c42
339,198,#76674d
340,198,#7c6345
341,198,#896d4f
342,198,#7b6241
343,198,#7a6343
344,198,#7c6949
345,198,#766343
346,198,#877658
347,198,#5e4c32
348,198,#56472a
349,198,#5a4e2e
350,198,#5d5838
351,198,#3a3d1a
352,198,#202f28
491,198,#212a28
492,198,#5a5c2b
493,198,#7a6140
494,198,#614d33
495,198,#826146
496,198,#765238
497,198,#5e452d
498,198,#866845
499,198,#7e5d3b
500,198,#72573d
501,198,#7d5e41
502,198,#745538
503,198,#745030
504,198,#734e33
505,198,#875e3e
506,198,#7b5432
507,198,#6f4f30
508,198,#82573a
509,198,#845d40
510,198,#856144
511,198,#946d51
512,198,#8b6249
513,198,#885c43
514,198,#81533b
515,198,#83563f
516,198,#8a5b3f
517,198,#986347
518,198,#996345
519,198,#9b6144
520,198,#975e41
521,198,#a15f40
522,198,#a05c3e
523,198,#9b593b
524,198,#a97250
525,198,#ce9b68
526,198,#c8895f
527,198,#d5a275
528,198,#e4c290
529,198,#edcd95
530,198,#d59e6d
531,198,#b18b63
532,198,#eed09b
533,198,#d0a874
534,198,#bc8159
535,198,#b57c58
536,198,#ad895f
537,198,#c49f69
538,198,#d4a87a
539,198,#88593f
540,198,#7c5a41
541,198,#8a6b4f
542,198,#836f4e
543,198,#857051
544,198,#7c6847
545,198,#7d6a49
546,198,#726441
547,198,#595a30
548,198,#47461f
549,198,#5f5b36
550,198,#565730
551,198,#46411f
552,198,#473f20
553,198,#2b3011
554,198,#1c2706
555,198,#253615
181,199,#766851
182,199,#6c5137
183,199,#a49080
184,199,#7f6849
185,199,#65563d
186,199,#b88c72
187,199,#8d6e4f
188,199,#534c30
189,199,#6d5c42
190,199,#5b5934
191,199,#54451e
192,199,#4d461f
193,199,#706f49
194,199,#494b23
195,199,#172208
196,199,#505530
197,199,#42461b
198,199,#2e3215
199,199,#464d24
200,199,#404c1e
201,199,#414c24
202,199,#53542c
203,199,#505129
204,199,#45431c
205,199,#4c4822
206,199,#5d5b34
207,199,#5e5b31
208,199,#4f4f23
209,199,#525628
210,199,#4a4f24
211,199,#3a4219
212,199,#3f471c
213,199,#384116
214,199,#444c23
215,199,#424f23
216,199,#35411c
328,199,#d2b08e
329,199,#7d6649
330,199,#a77d57
331,199,#bf8e66
332,199,#967753
333,199,#947954
334,199,#9e845b
335,199,#a98660
336,199,#a37651
337,199,#786140
338,199,#8e7355
339,199,#8f6d4f
340,199,#8f7753
341,199,#775d3e
342,199,#776644
343,199,#706140
344,199,#6f603f
345,199,#877353
346,199,#524028
347,199,#4a3a20
348,199,#4b3d22
349,199,#4b4126
350,199,#474b2a
351,199,#444c24
492,199,#696a38
493,199,#545821
494,199,#897852
495,199,#665031
496,199,#806344
497,199,#5e4b2e
498,199,#6d5738
499,199,#6c5037
500,199,#7a6048
501,199,#795c3e
502,199,#88674f
503,199,#835f45
504,199,#68462d
505,199,#7f5e3d
506,199,#9b7e58
507,199,#725433
508,199,#74553b
509,199,#755b40
510,199,#755c41
511,199,#7a5f44
512,199,#77573e
513,199,#79593e
514,199,#79583c
515,199,#7d5839
516,199,#81563d
517,199,#976948
518,199,#946446
519,199,#8b5c40
520,199,#8f5c3b
521,199,#9e6743
522,199,#b16e50
523,199,#a66143
524,199,#b36b4b
525,199,#b57e5b
526,199,#dfa77e
527,199,#b38361
528,199,#e0ae7b
529,199,#c89e77
530,199,#d3a474
531,199,#be885d
532,199,#d1ac82
533,199,#f6d39c
534,199,#c88a5b
535,199,#c18c63
536,199,#be9169
537,199,#b88d64
538,199,#9f724c
539,199,#86583f
540,199,#7f5a3f
541,199,#775638
542,199,#685434
543,199,#705d3f
544,199,#897655
545,199,#7c6e49
546,199,#6c623c
547,199,#545a2b
548,199,#515229
549,199,#544e2c
550,199,#44411e
551,199,#554d2c
552,199,#645f35
553,199,#1f280e
554,199,#2d3614
555,199,#19221e
181,200,#65563b
182,200,#a28d71
183,200,#988370
184,200,#877352
185,200,#807056
186,200,#d1b18f
187,200,#75614d
188,200,#67573c
189,200,#545131
190,200,#50441e
191,200,#62502b
192,200,#4f4d29
193,200,#5e6038
194,200,#343a11
195,200,#222c0f
196,200,#4e5c33
197,200,#605e34
198,200,#4c4e27
199,200,#555c33
200,200,#354214
201,200,#49512a
202,200,#50552d
203,200,#52532b
204,200,#4f4c23
205,200,#56572b
206,200,#55562e
207,200,#4c5123
208,200,#565529
209,200,#4d4d21
210,200,#515727
211,200,#4e5426
212,200,#424e1f
213,200,#444a22
214,200,#53572e
215,200,#222a05
216,200,#1d1f2c
328,200,#180b13
329,200,#7f6848
330,200,#917452
331,200,#a77a55
332,200,#927a4f
333,200,#98805a
334,200,#937c52
335,200,#978054
336,200,#a98b65
337,200,#93704d
338,200,#92714e
339,200,#9a805b
340,200,#79603f
341,200,#776746
342,200,#756544
343,200,#7d6d4c
344,200,#746443
345,200,#635534
346,200,#6d5c40
347,200,#756042
348,200,#6a5c3d
349,200,#575330
350,200,#3f4620
492,200,#616535
493,200,#6d6d3f
494,200,#696632
495,200,#887848
496,200,#977a5a
497,200,#49391c
498,200,#564229
499,200,#5a462d
500,200,#705336
501,200,#5d4129
502,200,#5b4028
503,200,#69482c
504,200,#805d44
505,200,#68492a
506,200,#83633d
507,200,#856647
508,200,#6e573f
509,200,#786145
510,200,#796241
511,200,#7d6549
512,200,#896947
513,200,#886c47
514,200,#785e3b
515,200,#7d663c
516,200,#7d613a
517,200,#9a6c46
518,200,#a67452
519,200,#935e3f
520,200,#9b694a
521,200,#955e3f
522,200,#a46546
523,200,#b47154
524,200,#a36443
525,200,#a56a4d
526,200,#af7250
527,200,#bf7551
528,200,#d4956d
529,200,#c98e64
530,200,#c39168
531,200,#9b7f56
532,200,#bf936a
533,200,#dba876
534,200,#ca8d61
535,200,#b1734c
536,200,#ab724d
537,200,#91653c
538,200,#a87a58
539,200,#966d4f
540,200,#8f6a4d
541,200,#755338
542,200,#7f6c4c
543,200,#5e4b2c
544,200,#6f5e40
545,200,#7d6d49
546,200,#605e37
547,200,#5d5a30
548,200,#575330
549,200,#625e3b
550,200,#393816
551,200,#453c1b
552,200,#4c4c2b
553,200,#444b20
554,200,#27361f
555,200,#070f21
180,201,#1f2032
181,201,#706146
182,201,#b3a286
183,201,#664c33
184,201,#8b7a58
185,201,#6f5c3b
186,201,#c4a07f
187,201,#474027
188,201,#826d54
189,201,#4a4929
190,201,#494627
191,201,#4d532f
192,201,#595534
193,201,#615f36
194,201,#67683e
195,201,#132300
196,201,#48592c
197,201,#5d6335
198,201,#50552c
199,201,#4c5329
200,201,#4a5729
201,201,#414721
202,201,#4f5129
203,201,#515429
204,201,#5b5c30
205,201,#5d5f30
206,201,#5b5d2e
207,201,#50522a
208,201,#4d5229
209,201,#4d5229
210,201,#464f20
211,201,#434c1f
212,201,#4e562d
213,201,#3e4a1c
214,201,#7b754b
215,201,#414f25
329,201,#b48d68
330,201,#836846
331,201,#906c48
332,201,#89724f
333,201,#978159
334,201,#978158
335,201,#7f6743
336,201,#977d5a
337,201,#826849
338,201,#8c7153
339,201,#7d6042
340,201,#967c5b
341,201,#847151
342,201,#837352
343,201,#736244
344,201,#6b5a40
345,201,#59482e
346,201,#615235
347,201,#675638
348,201,#685b39
349,201,#635f3b
350,201,#454d32
492,201,#4c5c26
493,201,#495523
494,201,#4e5421
495,201,#72733a
496,201,#7f693f
497,201,#664e2d
498,201,#7d6345
499,201,#56472a
500,201,#4d3b19
501,201,#4a341a
502,201,#624830
503,201,#604228
504,201,#5e462c
505,201,#563e24
506,201,#654b30
507,201,#755d3f
508,201,#7c6247
509,201,#745d3e
510,201,#786441
511,201,#6c5535
512,201,#76613f
513,201,#886a48
514,201,#80623e
515,201,#816236
516,201,#775f33
517,201,#7e633a
518,201,#896843
519,201,#9f7655
520,201,#97704c
521,201,#8d5c3b
522,201,#a37151
523,201,#a46d4e
524,201,#ad6e50
525,201,#ab6d4a
526,201,#aa6649
527,201,#bb7d5a
528,201,#b4815b
529,201,#987150
530,201,#a17652
531,201,#624b31
532,201,#d2ab86
533,201,#d1a176
534,201,#b07b53
535,201,#a8744c
536,201,#b17d55
537,201,#aa7c57
538,201,#956946
539,201,#8b6944
540,201,#957651
541,201,#7a6143
542,201,#574a2a
543,201,#4b4421
544,201,#4f4523
545,201,#84724c
546,201,#6a6241
547,201,#6a6a48
548,201,#322f10
549,201,#3b3715
550,201,#504c29
551,201,#575130
552,201,#5c5d2c
553,201,#222b0d
554,201,#1e2a08
181,202,#575430
182,202,#a69b8d
183,202,#836750
184,202,#867355
185,202,#7b6d50
186,202,#534120
187,202,#a58569
188,202,#675334
189,202,#4f4d2e
190,202,#595635
191,202,#726c48
192,202,#66603d
193,202,#756c47
194,202,#5f6036
195,202,#6c693e
196,202,#68663d
197,202,#5d6235
198,202,#5d6639
199,202,#545c32
200,202,#4e5328
201,202,#494e25
202,202,#50562c
203,202,#5a5931
204,202,#616531
205,202,#545d2c
206,202,#4b5025
207,202,#4c5428
208,202,#4d5629
209,202,#495225
210,202,#43471e
211,202,#3f481d
212,202,#414a1d
213,202,#7c7449
214,202,#353f33
330,202,#7c6848
331,202,#857348
332,202,#655836
333,202,#82684c
334,202,#846c4e
335,202,#896f51
336,202,#937658
337,202,#80644b
338,202,#806447
339,202,#775f44
340,202,#6d593b
341,202,#80694a
342,202,#7e6548
343,202,#624c34
344,202,#695a41
345,202,#624f30
346,202,#554523
347,202,#7b6c48
348,202,#4e4f34
492,202,#272a34
493,202,#303412
494,202,#545f2a
495,202,#6a6b39
496,202,#6f6b3b
497,202,#73693b
498,202,#70613a
499,202,#483816
500,202,#554b27
501,202,#48391e
502,202,#56432a
503,202,#7c6445
504,202,#44361c
505,202,#4d3e21
506,202,#534326
507,202,#615439
508,202,#755f3a
509,202,#6d5d3b
510,202,#726039
511,202,#7a5e37
512,202,#67542e
513,202,#765e3d
514,202,#655a34
515,202,#524e3c
516,202,#38332d
517,202,#373230
518,202,#080513
519,202,#524b32
520,202,#6a5931
521,202,#5e4828
522,202,#6d5134
523,202,#967245
524,202,#896248
525,202,#9e6e52
526,202,#be9f89
527,202,#a27557
528,202,#a26f4f
529,202,#7d5332
530,202,#907552
531,202,#936f53
532,202,#b57e59
533,202,#b27651
534,202,#a7704e
535,202,#a7785a
536,202,#a97b59
537,202,#8b5e44
538,202,#886541
539,202,#9d7a5d
540,202,#73593c
541,202,#70583c
542,202,#5a4d2a
543,202,#54482a
544,202,#6a5f42
545,202,#64603a
546,202,#5b5d33
547,202,#5a5a33
548,202,#595633
549,202,#585432
550,202,#575035
551,202,#454d21
552,202,#161c0f
553,202,#0e1d06
554,202,#172612
181,203,#424223
182,203,#d6cfc2
183,203,#756052
184,203,#957c5b
185,203,#624f30
186,203,#907758
187,203,#b19477
188,203,#635437
189,203,#504d2c
190,203,#555233
191,203,#5e5939
192,203,#3f3916
193,203,#796f4b
194,203,#696b40
195,203,#64633a
196,203,#635f39
197,203,#54592e
198,203,#4a5223
199,203,#5d5f2e
200,203,#53592b
201,203,#4c5126
202,203,#525a2a
203,203,#53592b
204,203,#555b2d
205,203,#58602d
206,203,#505c2a
207,203,#3c481a
208,203,#445022
209,203,#505c2e
210,203,#414e20
211,203,#3f4b18
212,203,#475126
330,203,#3c382e
331,203,#665b31
332,203,#a78865
333,203,#574d2c
334,203,#6c5a3c
335,203,#736244
336,203,#6f5839
337,203,#4a381a
338,203,#7a6645
339,203,#695837
340,203,#594d2b
341,203,#635836
342,203,#7d6e4a
343,203,#766346
344,203,#816e51
345,203,#4b3e1e
346,203,#635938
347,203,#444723
492,203,#0f182b
493,203,#1c2008
494,203,#5c612b
495,203,#787846
496,203,#6c6334
497,203,#79713f
498,203,#4b461d
499,203,#433a1d
500,203,#524726
501,203,#463b1b
502,203,#382e12
503,203,#483a21
504,203,#3c3521
505,203,#493e23
506,203,#60502f
507,203,#655939
508,203,#6c5c3d
509,203,#5e5032
510,203,#443f23
511,203,#353112
512,203,#2b3224
513,203,#0c0c1d
521,203,#0a0718
522,203,#2e3326
523,203,#645c35
524,203,#806741
525,203,#664d2b
526,203,#7b624a
527,203,#855e44
528,203,#946648
529,203,#9d7957
530,203,#6e673c
531,203,#7a5e3e
532,203,#9e7b58
533,203,#956942
534,203,#a8754e
535,203,#aa794f
536,203,#ac7954
537,203,#9d734f
538,203,#a9865e
539,203,#7e5b3f
540,203,#735a3d
541,203,#6a5339
542,203,#635231
543,203,#544528
544,203,#534a29
545,203,#58562f
546,203,#55582d
547,203,#565b31
548,203,#575731
549,203,#3f3c19
550,203,#5b6138
551,203,#5f6238
552,203,#141e0c
553,203,#374a1a
181,204,#373d1d
182,204,#5c5447
183,204,#a69e9f
184,204,#69573c
185,204,#786c4e
186,204,#7e6a4f
187,204,#867051
188,204,#564e34
189,204,#504b2a
190,204,#615434
191,204,#716743
192,204,#746745
193,204,#7b6b49
194,204,#67643b
195,204,#67663f
196,204,#6e6844
197,204,#636338
198,204,#62693d
199,204,#313b0f
200,204,#5b622f
201,204,#525828
202,204,#535a2f
203,204,#4c5826
204,204,#4e5627
205,204,#565c2c
206,204,#40471b
207,204,#4a5326
208,204,#515a2d
209,204,#444d20
210,204,#455325
211,204,#404421
212,204,#394a3d
330,204,#666b39
331,204,#595d30
332,204,#89734c
333,204,#685b3a
334,204,#53462c
335,204,#857454
336,204,#8b7754
337,204,#816a4a
338,204,#8a704d
339,204,#8d7252
340,204,#897652
341,204,#756848
342,204,#474623
343,204,#515131
344,204,#4a4b27
345,204,#272906
346,204,#333b16
492,204,#101e24
493,204,#1b2506
494,204,#505c26
495,204,#585e2a
496,204,#6e6738
497,204,#77663a
498,204,#63622f
499,204,#403c18
500,204,#52462a
501,204,#40371a
502,204,#54502a
503,204,#3c3619
504,204,#3c371d
505,204,#403b1e
506,204,#4d4528
507,204,#464427
508,204,#1c1a21
523,204,#393f2d
524,204,#635e35
525,204,#5b552d
526,204,#6d5c3e
527,204,#745738
528,204,#876547
529,204,#4e4427
530,204,#656234
531,204,#6a5230
532,204,#99765a
533,204,#9a7354
534,204,#7b5538
535,204,#926240
536,204,#8f6340
537,204,#8f6a4b
538,204,#956e4a
539,204,#7a593c
540,204,#685034
541,204,#665038
542,204,#544629
543,204,#56462c
544,204,#695938
545,204,#54552d
546,204,#52572c
547,204,#44501e
548,204,#363d13
549,204,#3c3c1a
550,204,#1c1f06
551,204,#171e07
552,204,#505e2f
553,204,#1a2326
180,205,#121a1c
181,205,#353919
182,205,#231c11
183,205,#b8b7bb
184,205,#584f34
185,205,#64593b
186,205,#6b5b41
187,205,#5f583a
188,205,#514b2b
189,205,#524e2b
190,205,#766949
191,205,#7a694b
192,205,#706642
193,205,#706340
194,205,#6b633e
195,205,#63643c
196,205,#67653e
197,205,#62633c
198,205,#565a29
199,205,#555b2d
200,205,#2a3b0f
201,205,#3a4217
202,205,#434516
203,205,#4f5824
204,205,#5f6237
205,205,#565a27
206,205,#4e5220
207,205,#555c2b
208,205,#4a5326
209,205,#3f4c21
210,205,#304014
211,205,#334015
330,205,#55613c
331,205,#445d1f
332,205,#5d4e2d
333,205,#6e5d3f
334,205,#6c5738
335,205,#705b3e
336,205,#857152
337,205,#726343
338,205,#74603d
339,205,#746445
340,205,#655635
341,205,#5f5231
342,205,#3e3e19
343,205,#474823
344,205,#434522
345,205,#54583e
492,205,#112415
493,205,#2b3313
494,205,#495c25
495,205,#555e28
496,205,#796d43
497,205,#645b2c
498,205,#5b5a2d
499,205,#525c2a
500,205,#363411
501,205,#3f401b
502,205,#5e662d
503,205,#31310c
504,205,#393717
505,205,#35321f
506,205,#3d3c23
524,205,#3e3c2c
525,205,#46421b
526,205,#646135
527,205,#706534
528,205,#644936
529,205,#08211d
530,205,#52592f
531,205,#6b6435
532,205,#80613f
533,205,#68492d
534,205,#735438
535,205,#805d3f
536,205,#977756
537,205,#7a6043
538,205,#86674a
539,205,#947558
540,205,#877352
541,205,#796646
542,205,#726645
543,205,#6c623f
544,205,#655b35
545,205,#5d5f34
546,205,#4c5a26
547,205,#3f511e
548,205,#4f5328
549,205,#41411f
550,205,#161a02
551,205,#1d2a0a
552,205,#0e1223
180,206,#47573a
181,206,#353d1b
182,206,#b7b3a4
183,206,#949394
184,206,#4d3f24
185,206,#685a3d
186,206,#574d31
187,206,#5c563c
188,206,#595033
189,206,#665b3a
190,206,#726143
191,206,#756848
192,206,#6e6541
193,206,#6b613d
194,206,#423d1a
195,206,#57562f
196,206,#4a4e25
197,206,#5a5b35
198,206,#575a2a
199,206,#4d541e
200,206,#4b511d
201,206,#34390f
202,206,#47501f
203,206,#4d5b29
204,206,#505a2a
205,206,#5a612e
206,206,#565c2c
207,206,#444c20
208,206,#4b5729
209,206,#445427
210,206,#364712
330,206,#0a0c1f
331,206,#415021
332,206,#666144
333,206,#514324
334,206,#564729
335,206,#807147
336,206,#4b3d20
337,206,#494b2c
338,206,#242808
339,206,#3c3e21
340,206,#4a4623
341,206,#4c4729
342,206,#4a523f
492,206,#182901
493,206,#2f3f15
494,206,#435b22
495,206,#4c6122
496,206,#5e6230
497,206,#67652e
498,206,#6e6a4a
499,206,#4c4b30
500,206,#5b6539
501,206,#333e2a
502,206,#2f3c28
503,206,#434f2a
504,206,#3d4928
505,206,#353b1e
525,206,#737b45
526,206,#45431e
527,206,#59583f
528,206,#082a3c
529,206,#576443
530,206,#54632a
531,206,#565f35
532,206,#927758
533,206,#674d32
534,206,#70563b
535,206,#7f6648
536,206,#70623f
537,206,#6d563a
538,206,#705739
539,206,#7d6847
540,206,#746143
541,206,#6f5f3e
542,206,#70603f
543,206,#554a27
544,206,#625e38
545,206,#5c5e36
546,206,#515e30
547,206,#505e2f
548,206,#242602
549,206,#565633
550,206,#181e05
551,206,#575f36
180,207,#39481c
181,207,#303713
182,207,#c4c3c3
183,207,#c4bfb3
184,207,#665437
185,207,#5c4d30
186,207,#5a4f31
187,207,#544c33
188,207,#605738
189,207,#6c603d
190,207,#6c5e3f
191,207,#635a3b
192,207,#645f39
193,207,#5c5932
194,207,#585931
195,207,#444923
196,207,#292f13
197,207,#414a20
198,207,#52572c
199,207,#48501f
200,207,#414f1f
201,207,#4b5327
202,207,#766d42
203,207,#76612b
204,207,#705b2f
205,207,#465523
206,207,#424e23
207,207,#46522c
208,207,#48571e
209,207,#374223
332,207,#3f4528
333,207,#5b6045
492,207,#070b1e
493,207,#273511
494,207,#1f2c0f
495,207,#363d16
496,207,#4b591d
497,207,#424839
525,207,#33403a
526,207,#374927
528,207,#0d182a
529,207,#466522
530,207,#102112
531,207,#485920
532,207,#615b34
533,207,#66542e
534,207,#7b6d46
535,207,#5b4b31
536,207,#55462a
537,207,#5c4f2d
538,207,#5d512f
539,207,#6c5e41
540,207,#6d5e3d
541,207,#7c6a47
542,207,#776c4a
543,207,#56512d
544,207,#5a5b33
545,207,#5e6335
546,207,#576031
547,207,#5f6136
548,207,#605a33
549,207,#534d2b
550,207,#404a23
551,207,#333f30
588,207,#010d1b
179,208,#2a382d
180,208,#354315
181,208,#3f461b
182,208,#bfbfc2
183,208,#857c6a
184,208,#7a683e
185,208,#65573a
186,208,#595033
187,208,#50472b
188,208,#675c3e
189,208,#6c5c43
190,208,#675e3d
191,208,#5e5838
192,208,#5e5f37
193,208,#5a5c34
194,208,#484d24
195,208,#565d32
196,208,#474e25
197,208,#364218
198,208,#3c4319
199,208,#5e6539
200,208,#4c5327
201,208,#475023
202,208,#4d5a2b
203,208,#405126
204,208,#7e7446
205,208,#6a5d36
206,208,#12161b
528,208,#31421c
529,208,#213236
530,208,#0c1b25
531,208,#3a520a
532,208,#656935
533,208,#75703f
534,208,#726b3e
535,208,#767248
536,208,#79704a
537,208,#766a41
538,208,#6a603a
539,208,#5c572f
540,208,#6e6641
541,208,#766946
542,208,#736544
543,208,#6c6942
544,208,#586134
545,208,#566230
546,208,#515d2d
547,208,#292f10
548,208,#706744
549,208,#544929
550,208,#172208
588,208,#2e4128
589,208,#1a3118
590,208,#060f22
179,209,#1b2701
180,209,#3a491d
181,209,#282c17
182,209,#cccecb
183,209,#968875
184,209,#7d6944
185,209,#7b6743
186,209,#625533
187,209,#5e5335
188,209,#706341
189,209,#746345
190,209,#4d4a27
191,209,#555030
192,209,#595931
193,209,#54552d
194,209,#5f6038
195,209,#484f25
196,209,#515731
197,209,#2f3c14
198,209,#333b14
199,209,#39411a
200,209,#414a1f
201,209,#384116
202,209,#3d451a
203,209,#324216
204,209,#525830
205,209,#061318
527,209,#0e1525
528,209,#3d5325
529,209,#1c3926
530,209,#051a2b
531,209,#071d31
532,209,#515b26
533,209,#535528
534,209,#746c4b
535,209,#3d3a19
536,209,#41421a
537,209,#656936
538,209,#6b623d
539,209,#666137
540,209,#262f0b
541,209,#5b5f37
542,209,#686941
543,209,#5d6438
544,209,#51602f
545,209,#556237
546,209,#3e4824
547,209,#393f28
548,209,#554d2f
549,209,#2e301b
550,209,#0e161e
589,209,#122c07
590,209,#214110
178,210,#1b2226
179,210,#3e4b1c
180,210,#323919
181,210,#b4b4ae
182,210,#b3b5b8
183,210,#897962
184,210,#776243
185,210,#72603a
186,210,#70613f
187,210,#72684d
188,210,#584d2a
189,210,#655436
190,210,#554f2f
191,210,#4f4c2b
192,210,#5b5933
193,210,#54522b
194,210,#63613a
195,210,#595c31
196,210,#575c31
197,210,#424920
198,210,#464d23
199,210,#2f3712
200,210,#3a461e
201,210,#26320a
202,210,#293511
203,210,#3b481b
204,210,#273409
205,210,#495745
532,210,#20443b
533,210,#464e22
534,210,#4e591c
535,210,#555627
536,210,#575a2d
537,210,#586033
538,210,#636238
539,210,#5d6535
540,210,#586430
541,210,#5b6437
542,210,#4b5a29
543,210,#394717
544,210,#333f1a
545,210,#455330
546,210,#354124
547,210,#3b3821
548,210,#665d3d
549,210,#1d230b
590,210,#26461a
178,211,#2b3514
179,211,#3f4924
180,211,#292a11
181,211,#9e9e9d
182,211,#b5ada6
183,211,#695a3d
184,211,#645538
185,211,#746544
186,211,#574c2c
187,211,#61583b
188,211,#5e5434
189,211,#6e6141
190,211,#64593b
191,211,#5e5838
192,211,#4d4a26
193,211,#5b5933
194,211,#5a5832
195,211,#5b5b35
196,211,#514f28
197,211,#6c6d41
198,211,#525a29
199,211,#50552b
200,211,#454c23
201,211,#474f26
202,211,#3d4c21
203,211,#374418
204,211,#404b21
205,211,#4e5c42
532,211,#062b2d
533,211,#395712
534,211,#415826
535,211,#3b4c1b
536,211,#50572b
537,211,#4d5a28
538,211,#474d1e
539,211,#3e4318
540,211,#42471e
541,211,#344012
542,211,#475525
543,211,#0d1703
544,211,#131b06
545,211,#20250f
546,211,#2b2e1a
547,211,#24230d
548,211,#60603e
549,211,#3c4a2e
590,211,#05111e
591,211,#28431d
592,211,#192f1d
177,212,#1b2811
178,212,#232c0e
179,212,#354019
180,212,#181a05
181,212,#dfdcde
182,212,#776c4d
183,212,#564225
184,212,#80654b
185,212,#706444
186,212,#695a3d
187,212,#63593b
188,212,#62553a
189,212,#615a3d
190,212,#605c3c
191,212,#474826
192,212,#555632
193,212,#595a33
194,212,#585932
195,212,#5a5833
196,212,#5f5b35
197,212,#555a32
198,212,#455327
199,212,#424c23
200,212,#414b1e
201,212,#51552e
202,212,#455124
203,212,#354614
204,212,#3a4732
533,212,#354936
534,212,#32501d
535,212,#274010
536,212,#395815
537,212,#405c20
538,212,#405619
539,212,#3e4f21
540,212,#39441c
541,212,#4b5a23
542,212,#11190c
543,212,#0f1505
544,212,#141c0b
545,212,#222a16
546,212,#132005
547,212,#0d1f0c
548,212,#16260f
549,212,#121b26
591,212,#355326
592,212,#3a5f20
593,212,#14241e
596,212,#18272b
177,213,#28361e
178,213,#37411d
179,213,#383e21
180,213,#2f311b
181,213,#a7a7a4
182,213,#5c5132
183,213,#806b4c
184,213,#684e33
185,213,#9c7c60
186,213,#776445
187,213,#554c2d
188,213,#685a3f
189,213,#5c5539
190,213,#575232
191,213,#555533
192,213,#484b29
193,213,#464a27
194,213,#4f542c
195,213,#596032
196,213,#5e6032
197,213,#605e36
198,213,#4f5028
199,213,#505028
200,213,#4f5224
201,213,#4f4e2c
202,213,#425019
203,213,#404c32
534,213,#091125
535,213,#304429
536,213,#294623
537,213,#3b6117
538,213,#395d1a
539,213,#42611f
540,213,#42602b
541,213,#0a1b10
542,213,#415f1d
543,213,#3f5c21
544,213,#465d1c
545,213,#182d16
591,213,#2a461e
592,213,#365419
593,213,#233819
594,213,#0d2015
595,213,#0c2c08
596,213,#1a2617
177,214,#273326
178,214,#38401a
179,214,#494e26
180,214,#939581
181,214,#777878
182,214,#5f5134
183,214,#836f4e
184,214,#7c6546
185,214,#736345
186,214,#645539
187,214,#5f5637
188,214,#5a4c31
189,214,#554e32
190,214,#4f4c2d
191,214,#504f30
192,214,#474d2c
193,214,#3b3f24
194,214,#515730
195,214,#525b2c
196,214,#545c2d
197,214,#5c5a33
198,214,#4d4a27
199,214,#444c29
200,214,#3f4d24
201,214,#353737
538,214,#1f3228
539,214,#242c37
542,214,#0d1925
543,214,#33541c
544,214,#22332f
591,214,#0d2507
592,214,#152911
593,214,#2b3a19
594,214,#18251b
595,214,#28391b
596,214,#38522d
178,215,#1f2611
179,215,#494e24
180,215,#2e3121
181,215,#a49f98
182,215,#675a38
183,215,#6d5f3d
184,215,#776849
185,215,#5e4e38
186,215,#6c5939
187,215,#615839
188,215,#5c5336
189,215,#585134
190,215,#4d482a
191,215,#494829
192,215,#4c4d2d
193,215,#3f4223
194,215,#454624
195,215,#695c38
196,215,#5d6239
197,215,#143235
589,215,#202d2d
590,215,#315517
591,215,#142306
592,215,#7f846b
593,215,#222914
594,215,#25360a
177,216,#162219
178,216,#25310d
179,216,#0f1805
180,216,#6b6c64
181,216,#433b26
182,216,#574829
183,216,#665838
184,216,#7a6c4d
185,216,#705d3f
186,216,#6e5b3a
187,216,#716344
188,216,#65573a
189,216,#564b2f
190,216,#585134
191,216,#4d4a2b
192,216,#4b4c2c
193,216,#3b3e1f
194,216,#4a4b29
195,216,#595532
196,216,#4a512b
546,216,#1c2529
591,216,#2e4425
592,216,#304116
593,216,#405231
594,216,#3d5923
177,217,#293713
178,217,#3d5626
179,217,#363b3d
180,217,#303736
181,217,#787160
182,217,#564a29
183,217,#655436
184,217,#68523a
185,217,#615130
186,217,#634f2f
187,217,#605033
188,217,#6e5f42
189,217,#68593c
190,217,#544b2e
191,217,#5a5933
192,217,#4d502e
193,217,#484629
194,217,#4c4e2a
195,217,#575c31
196,217,#4b614a
541,217,#192f25
587,217,#112e1e
592,217,#203b16
593,217,#3c531d
177,218,#344815
179,218,#2b3324
180,218,#7f8180
181,218,#45392a
182,218,#584a2f
183,218,#594a2d
184,218,#716140
185,218,#6f5e42
186,218,#695534
187,218,#66573a
188,218,#615235
189,218,#67583b
190,218,#6e5c41
191,218,#443f2e
193,218,#262530
194,218,#2e332e
195,218,#090d1b
541,218,#0f2208
542,218,#172d06
543,218,#212e26
544,218,#1f2f16
545,218,#1c2f14
546,218,#203104
587,218,#1d250e
588,218,#162f1a
589,218,#0c2010
590,218,#0e2535
591,218,#34433d
592,218,#415a20
177,219,#1a320f
178,219,#0a1422
179,219,#4e5543
180,219,#9a9e98
181,219,#6e6352
182,219,#6f5c3e
183,219,#655234
184,219,#614d32
185,219,#705d3c
186,219,#6a5737
187,219,#5c4d31
188,219,#58492c
189,219,#6d5e41
190,219,#736141
191,219,#6a6248
542,219,#0b180d
543,219,#121c07
544,219,#172209
545,219,#3f4a24
546,219,#2b3616
586,219,#1a2a1c
587,219,#14240d
588,219,#1d2412
589,219,#343217
590,219,#1d2c40
176,220,#101520
177,220,#1d2f20
178,220,#0c0f22
179,220,#777c75
180,220,#7d827a
181,220,#4d3f26
182,220,#726342
183,220,#766342
184,220,#77613f
185,220,#5c4d30
186,220,#7f6f50
187,220,#675a3e
188,220,#6d5c3e
189,220,#645538
190,220,#766646
191,220,#5f5633
193,220,#505935
542,220,#0d1d09
543,220,#131b0d
544,220,#24300f
545,220,#364717
546,220,#14240c
585,220,#12201f
586,220,#13220b
587,220,#45463a
588,220,#4e432f
589,220,#1a241e
176,221,#182421
177,221,#0e1c30
178,221,#0f1c1f
179,221,#61656b
180,221,#555754
181,221,#54472d
182,221,#635537
183,221,#5d4e2f
184,221,#746544
185,221,#6b5a37
186,221,#68583c
187,221,#5d4c2d
188,221,#816b4b
189,221,#796348
190,221,#50442d
191,221,#605931
192,221,#0b0b18
193,221,#33422b
542,221,#192618
543,221,#1a2310
544,221,#111d05
545,221,#293816
546,221,#232f23
584,221,#182327
585,221,#1a241a
586,221,#464a40
587,221,#3e4526
588,221,#3d5031
178,222,#283225
179,222,#808775
180,222,#343a31
181,222,#41341c
182,222,#6d5b3a
183,222,#655234
184,222,#756243
185,222,#6d5e3a
186,222,#907956
187,222,#836a49
188,222,#6f613f
189,222,#705e3d
190,222,#584a32
191,222,#101125
544,222,#121527
582,222,#172821
583,222,#9e9f9b
584,222,#7a766a
585,222,#3f3b1a
586,222,#4a5027
587,222,#374a25
176,223,#131f1a
178,223,#6a7566
179,223,#5e645a
180,223,#5b5b5c
181,223,#4e3e24
182,223,#6b5935
183,223,#6f5c3c
184,223,#725f3f
185,223,#7d6746
186,223,#846d4b
187,223,#8c704a
188,223,#635533
189,223,#685e42
190,223,#504929
580,223,#0f1820
581,223,#515d4e
582,223,#7f7b7b
583,223,#5c5d49
584,223,#544a22
585,223,#495635
586,223,#08101e
176,224,#112309
177,224,#111829
178,224,#131b13
179,224,#6c6f70
180,224,#adada4
181,224,#e3d7bb
182,224,#705e39
183,224,#685535
184,224,#7d6a49
185,224,#695838
186,224,#6f5a36
187,224,#8a7247
188,224,#675d34
189,224,#5a522e
190,224,#525132
579,224,#2d3334
580,224,#434748
581,224,#949081
582,224,#584827
583,224,#5b4d2c
584,224,#5c5b2e
176,225,#132112
177,225,#1d271e
178,225,#a9aeac
179,225,#717268
180,225,#5a5647
181,225,#564727
182,225,#675734
183,225,#68532d
184,225,#807750
185,225,#5f4d2a
186,225,#8b7852
187,225,#6c633e
188,225,#231f20
578,225,#1a1e0e
579,225,#121b0c
580,225,#8d8777
581,225,#a79d9d
582,225,#72602b
583,225,#817345
584,225,#393821
175,226,#111b16
176,226,#1f2b1b
177,226,#3c463d
178,226,#c5cac7
179,226,#6a6b64
180,226,#2f2714
181,226,#635533
182,226,#675734
183,226,#76623a
184,226,#8e7953
185,226,#6d5e3b
186,226,#574d27
187,226,#24272f
577,226,#172512
578,226,#3c4438
579,226,#313f1d
580,226,#2e4117
581,226,#455621
582,226,#333711
583,226,#454c1a
584,226,#21272e
174,227,#152114
175,227,#121e12
176,227,#101e06
177,227,#edefed
178,227,#c1c7d1
179,227,#6a6f77
180,227,#78766b
181,227,#3d3325
182,227,#6a5a31
183,227,#715e35
184,227,#816c44
185,227,#695b2d
186,227,#554724
187,227,#4f4d43
580,227,#101728
581,227,#3c502c
176,228,#131b1d
177,228,#7d7d81
178,228,#5b5e57
179,228,#34312f
180,228,#757269
181,228,#635738
182,228,#897252
183,228,#846b4c
184,228,#6c5938
185,228,#725f35
186,228,#6e5836
187,228,#83744f
188,228,#5f5536
189,228,#5a513b
190,228,#1c4134
579,228,#192124
175,229,#0e161e
176,229,#3e4b49
177,229,#a8b2aa
178,229,#9c9fa4
179,229,#979fa6
180,229,#fcfbe9
181,229,#9f8c6e
182,229,#907b55
183,229,#88704d
184,229,#7d6643
185,229,#705f33
186,229,#80683b
187,229,#7d6732
188,229,#766132
189,229,#766b4a
190,229,#1f4636
174,230,#27301e
175,230,#2e3b31
176,230,#3b494d
177,230,#889694
178,230,#d1d4d8
179,230,#595b59
180,230,#6e6247
181,230,#7f704b
182,230,#5a481e
183,230,#7f693a
184,230,#7c6538
185,230,#665529
186,230,#8a7150
187,230,#73663c
188,230,#6c5831
189,230,#273a33
190,230,#0c1f2e
174,231,#525b48
175,231,#60706d
176,231,#818b90
177,231,#d2cbce
178,231,#8aa5ab
179,231,#919c94
180,231,#897a58
181,231,#4f5330
182,231,#8a7546
183,231,#876f40
184,231,#7d663a
185,231,#6d5b35
186,231,#63532f
187,231,#475139
415,231,#0c0d20
174,232,#191e1c
175,232,#98a3aa
176,232,#606c75
177,232,#ede3e7
178,232,#5a9288
179,232,#566e58
180,232,#827247
181,232,#7a6a4a
182,232,#8e7e52
183,232,#897546
184,232,#69592a
185,232,#6b6137
186,232,#6e5a33
187,232,#0b2834
415,232,#292b3b
416,232,#8c8b96
174,233,#485056
175,233,#182127
176,233,#6c777f
177,233,#c4d2d2
178,233,#93a2ae
179,233,#687d73
180,233,#6b5b3a
181,233,#776541
182,233,#796935
183,233,#7c6a3b
184,233,#72613d
185,233,#564e2f
186,233,#334e3c
174,234,#222a3d
175,234,#3e4b51
176,234,#4e595d
177,234,#d6d9dc
178,234,#d2d9db
179,234,#d5cdbb
180,234,#7b6b45
181,234,#735f2d
182,234,#69531e
183,234,#695c2b
184,234,#5d5d39
185,234,#0a2a2c
175,235,#929f9e
176,235,#2e3737
177,235,#ced1cc
178,235,#444e40
179,235,#6e5e32
180,235,#6d582d
181,235,#6f5c32
182,235,#6b5e38
183,235,#534e2c
184,235,#4c4529
185,235,#09464a
200,235,#26292b
201,235,#050b1e
202,235,#17161f
175,236,#768087
176,236,#4d5454
177,236,#a5aaae
178,236,#010803
179,236,#43391b
180,236,#6a5c36
181,236,#6c5a32
182,236,#605532
183,236,#5d4930
184,236,#575029
185,236,#335f4c
198,236,#1e2227
199,236,#484b22
200,236,#2f3513
201,236,#756e3b
202,236,#484a2b
176,237,#132022
177,237,#9ea1a4
178,237,#5b6567
179,237,#0b0e11
180,237,#26221a
181,237,#4e401b
182,237,#69572d
183,237,#18411f
184,237,#545d3c
185,237,#506543
186,237,#114a44
176,238,#2e3344
177,238,#353c40
178,238,#545e60
179,238,#0a1013
180,238,#080e1a
181,238,#999c8f
182,238,#404f38
183,238,#59422d
184,238,#62633b
185,238,#716c3e
186,238,#567e59
177,239,#0a1a20
178,239,#cfd6dc
179,239,#878c92
180,239,#6d7670
181,239,#9fa69b
182,239,#0b1120
183,239,#273a29
184,239,#756c43
185,239,#604d25
186,239,#78663d
187,239,#153f2f
178,240,#122028
179,240,#394a49
180,240,#313c3d
181,240,#b1bcc0
182,240,#9eafb8
183,240,#232727
184,240,#4d5349
185,240,#484b2f
186,240,#50481e
187,240,#555324
188,240,#48523e
189,240,#09242d
238,240,#d9e9f0
239,240,#62687c
181,241,#5e6673
182,241,#46554b
183,241,#394540
184,241,#c7d5d4
185,241,#424b4c
186,241,#101415
187,241,#1c2e0e
188,241,#48472f
189,241,#3e3820
190,241,#323f21
186,242,#2f3444
187,242,#212637
202,253,#202032
199,254,#636474
204,255,#c5c3cb
206,255,#b0aeb2
207,255,#b2b5c1
199,256,#08071b
200,256,#757383
201,256,#cccbd3
202,256,#a2a0b0
193,257,#939195
194,257,#777885
197,257,#191721
198,257,#313036
199,257,#7c7675
200,257,#5d5d58
201,257,#898b94
204,257,#6a6b7c
461,257,#959598
193,258,#706f74
194,258,#52505e
195,258,#dcdbe1
196,258,#858489
197,258,#b6b6b3
198,258,#a8a8a4
199,258,#848078
200,258,#7f7c7b
459,258,#8e919a
460,258,#858880
461,258,#8b8b8b
190,259,#787a83
192,259,#625e76
193,259,#7a707d
194,259,#bbb8bb
195,259,#98979c
196,259,#74767a
197,259,#8f908c
198,259,#929291
199,259,#8d8885
200,259,#3a394c
384,259,#0a0810
385,259,#0a0918
445,259,#141227
459,259,#88888b
460,259,#848386
461,259,#858482
462,259,#87867c
463,259,#252332
466,259,#868a98
467,259,#73817e
468,259,#7d8797
469,259,#605967
470,259,#10051e
507,259,#becddd
508,259,#cbd6de
509,259,#b5c0ce
510,259,#e3eaf0
511,259,#d5dce5
512,259,#eef1fa
513,259,#bac1ce
191,260,#ece3e3
192,260,#f5f0f4
193,260,#c8c5c4
194,260,#b2adb2
195,260,#b8b9bd
196,260,#cbcbcb
197,260,#9b998d
198,260,#8f8b88
382,260,#0a090e
383,260,#0a0908
384,260,#7f7c76
385,260,#cac4be
386,260,#c2bbb2
387,260,#e1e0dc
388,260,#c7c9c4
389,260,#d1d0cb
390,260,#ddddd8
391,260,#efece7
392,260,#cfcdc2
393,260,#656372
443,260,#888690
444,260,#aea9a6
445,260,#aeaa9d
446,260,#afab9f
447,260,#262436
458,260,#84828e
459,260,#808083
460,260,#777b7f
461,260,#73797c
462,260,#6a737b
463,260,#6e747a
464,260,#6b737b
465,260,#636e73
466,260,#54626a
467,260,#242225
468,260,#5c4838
469,260,#8d98a4
475,260,#8ba5b8
484,260,#7e6867
485,260,#8f8a84
486,260,#8a959c
488,260,#c3c9ce
489,260,#b9c6d1
490,260,#c6cfdb
507,260,#98b4c8
508,260,#c7d8e4
509,260,#bac8d2
510,260,#e1e3e9
511,260,#e6e7eb
512,260,#f0f6fc
513,260,#d6e9f4
515,260,#9badbd
516,260,#9e9992
517,260,#effafd
518,260,#d4dce6
519,260,#c0c7d0
520,260,#bbcbcc
521,260,#f1f8fb
522,260,#f9f7f3
523,260,#eefafe
524,260,#a1b8c5
525,260,#cee0e4
526,260,#edf1f4
528,260,#606371
186,261,#dfe3e5
187,261,#827f93
189,261,#c1bec6
190,261,#9e9a9d
191,261,#c5bfbf
192,261,#54575a
193,261,#88898b
194,261,#b3b4ae
195,261,#c3c2c0
196,261,#c4c0b8
197,261,#bcbab7
198,261,#a5a29d
199,261,#bbbbc2
380,261,#09090b
381,261,#3a393e
382,261,#070706
383,261,#090808
384,261,#6a6466
385,261,#9a9895
386,261,#d3d2cf
387,261,#a2a2a3
388,261,#727471
389,261,#d2cfcb
390,261,#cfcac4
391,261,#dad3cd
392,261,#e8e2d6
393,261,#cccdc8
394,261,#3a3947
395,261,#070717
437,261,#b0bdce
438,261,#a1acbb
439,261,#bac3cc
440,261,#afbcc6
441,261,#b5bec5
442,261,#b4bcc4
443,261,#adb2b4
444,261,#a4a5a0
445,261,#a5a0a0
446,261,#c0b7b0
447,261,#d4cec4
448,261,#ada6a3
449,261,#b8b6b8
450,261,#a4a6a2
451,261,#c0c1ba
452,261,#bfc1b4
453,261,#c1c1b5
454,261,#bbb8af
455,261,#a6a295
456,261,#aaaeab
457,261,#bfbfc9
458,261,#969e96
459,261,#d3e2f3
460,261,#c1d7e4
461,261,#d5e1ed
462,261,#bac1ca
463,261,#a9aeb3
464,261,#646c72
465,261,#657d86
476,261,#89a3b7
477,261,#adb7c6
478,261,#bcced5
479,261,#848c96
481,261,#0c0817
482,261,#63563e
483,261,#8d8781
484,261,#88857c
485,261,#8c7664
486,261,#8d817a
487,261,#8191a3
488,261,#babfc5
489,261,#b2b9c3
490,261,#c7d7df
491,261,#b9cbdf
492,261,#7f9aa9
493,261,#8a9daa
494,261,#92a3b3
500,261,#4f5a69
501,261,#737079
502,261,#9ba2a7
503,261,#9a9791
504,261,#98a7b3
505,261,#8eaabe
506,261,#99a8bc
508,261,#9cadbd
509,261,#fbfaf3
510,261,#ede9ee
511,261,#dbe2ef
513,261,#b5c9d8
514,261,#a4a1a1
515,261,#9a7659
516,261,#9cb4c7
517,261,#d8dce0
518,261,#eeeff0
519,261,#f2f0f1
520,261,#fbfdf1
521,261,#fcf9f5
522,261,#fcf3ec
523,261,#ebeaee
524,261,#ced2de
525,261,#ece4e5
526,261,#ddd7d7
527,261,#a4b1b9
528,261,#bcc7cf
529,261,#9ea7aa
530,261,#a9a89f
531,261,#a0aeb3
532,261,#a79d85
533,261,#c8ae8b
534,261,#c4b8a8
535,261,#605f6a
536,261,#afaeb2
542,261,#2e2e39
185,262,#989699
186,262,#505062
187,262,#6e676e
188,262,#594f5b
189,262,#7a7572
190,262,#d7d6d4
191,262,#c3c3c5
192,262,#b9bfc1
193,262,#979b9c
194,262,#8e8e8c
195,262,#989794
196,262,#a5a5a0
197,262,#acafb0
198,262,#b9bdbf
199,262,#8d909a
376,262,#111225
377,262,#bfc3c2
378,262,#b7b6b0
379,262,#aaaaa6
380,262,#393c3c
381,262,#87898d
382,262,#bcbcbd
383,262,#828b93
384,262,#aeaba8
385,262,#a19f9a
386,262,#dfdddb
387,262,#d2d4cd
388,262,#949696
389,262,#ded7cd
390,262,#e7e0d5
391,262,#e9e2d7
392,262,#f9f2e9
393,262,#c4c6c7
394,262,#9f9e9d
395,262,#d0c8bf
396,262,#e2d5c8
397,262,#e5dcd3
398,262,#e9e9e6
399,262,#7b7d84
400,262,#b4afab
401,262,#e0e0e3
402,262,#a3a2a3
403,262,#aeb0bb
404,262,#20283a
405,262,#a8adb0
406,262,#b6c0bc
407,262,#353b4f
436,262,#c5d5e5
437,262,#576c7d
438,262,#495d6d
439,262,#afbcc5
440,262,#b5b1a8
441,262,#e2d7ca
442,262,#d7d1ca
443,262,#9b9b97
444,262,#c0bbb6
445,262,#c4bcaf
446,262,#c1b8af
447,262,#c4c0b9
448,262,#c4bfb9
449,262,#cac5c1
450,262,#c0bcb6
451,262,#bab7b2
452,262,#babbb6
453,262,#c1c0bb
454,262,#c0bdb5
455,262,#bcbbb3
456,262,#c1c0bb
457,262,#cfcdca
458,262,#cbcac9
459,262,#c9cacc
460,262,#cfd4d8
461,262,#c5ccd5
462,262,#d3d6d5
463,262,#d5d1cb
464,262,#8c8784
465,262,#8a959c
466,262,#b7ccdc
467,262,#abb6c0
468,262,#abbac6
469,262,#a1b3c3
470,262,#8ea1b4
472,262,#8fa9bc
474,262,#bfd0de
475,262,#d3e4e7
476,262,#a9b5bb
477,262,#a6b3c0
478,262,#9faab8
479,262,#8f9caa
480,262,#8c9fad
481,262,#99aabd
482,262,#9eb4c3
483,262,#7f93a5
484,262,#859caf
485,262,#89a4b8
486,262,#a1afc3
487,262,#b1bdca
488,262,#aab6c4
489,262,#81909d
490,262,#8ea1b2
491,262,#909fb0
492,262,#9fb6c6
494,262,#95a8b9
495,262,#c3d2db
496,262,#bcc8d1
497,262,#a8b8c6
498,262,#acbece
500,262,#b5c1ce
502,262,#87a4b8
506,262,#a7bed1
507,262,#b0bbc3
508,262,#cfd1d1
509,262,#dad6d1
510,262,#ddd9d8
511,262,#cfcac5
512,262,#fffdf2
513,262,#fdf9f2
514,262,#f3efe4
515,262,#efede8
516,262,#f1f1e7
517,262,#f8f7eb
518,262,#f8f4ee
519,262,#d6d4d5
520,262,#acb7be
521,262,#adb5b9
522,262,#b4b8bd
523,262,#b3b6bb
524,262,#bdc1c7
525,262,#c2c6c8
526,262,#9da1a6
527,262,#a4adb6
528,262,#a3a7ad
529,262,#a9a8ab
530,262,#a9a99f
531,262,#aca69c
532,262,#bab4a9
533,262,#c3bcb0
534,262,#ccc0b4
535,262,#bbb4a4
536,262,#cbc0b4
537,262,#a9a79f
538,262,#d5cdc3
539,262,#969597
540,262,#a1aaaf
541,262,#868687
542,262,#bfbdc1
543,262,#686872
188,263,#b1adae
189,263,#c7c5ca
190,263,#a8a9ac
191,263,#8f9095
192,263,#b2b3b5
193,263,#b4b6b5
194,263,#bfbebc
195,263,#8e8f89
196,263,#a1a1a1
197,263,#9d9d9f
198,263,#979893
199,263,#a0a09f
200,263,#b1b1b0
201,263,#bebfb6
371,263,#a4aab7
372,263,#eaedf2
373,263,#9ea2ab
374,263,#9da2a4
375,263,#9e9f99
376,263,#fcfcf8
377,263,#86868c
378,263,#d4cec0
379,263,#fcf7f9
380,263,#ced1d2
381,263,#5a636d
382,263,#626c7a
383,263,#afadb1
384,263,#b0b0b4
385,263,#d2cfc7
386,263,#cec7be
387,263,#c7c6bd
388,263,#9d9a92
389,263,#c0b7ae
390,263,#f5eee4
391,263,#d9d3c7
392,263,#e8e1d7
393,263,#92928e
394,263,#979592
395,263,#a4a29b
396,263,#cfc8bd
397,263,#dfd9d1
398,263,#d6d2c9
399,263,#b9b8b6
400,263,#b1b1a9
401,263,#cbc8c1
402,263,#c8c8c0
403,263,#c5c4c0
404,263,#bbb8b5
405,263,#b3b2af
406,263,#acadb3
407,263,#9da2a5
408,263,#93999a
409,263,#848a8a
410,263,#9fa4a7
411,263,#a3a8aa
412,263,#9fa3ab
413,263,#9b98a1
414,263,#bdbbbf
415,263,#adaca0
416,263,#090512
432,263,#d7d9dd
433,263,#b0ada9
434,263,#c5bcaf
435,263,#c4b7a5
436,263,#cfc8b7
437,263,#d3c5b3
438,263,#d9cebf
439,263,#beb1a2
440,263,#dbd1c2
441,263,#d3c7b9
442,263,#c4b8ab
443,263,#d3c8bd
444,263,#d0c4b8
445,263,#c3b9ad
446,263,#bfb5ac
447,263,#bbb6b0
448,263,#bcb7b1
449,263,#c3beba
450,263,#bab9b5
451,263,#b5b4b2
452,263,#bbbab8
453,263,#bdbcba
454,263,#bfbebc
455,263,#bab9b4
456,263,#bebdb9
457,263,#bcbcbe
458,263,#b6babd
459,263,#b6bcc2
460,263,#c4cdd4
461,263,#d9dce0
462,263,#c5c0bc
463,263,#aaa7a6
464,263,#dbdce1
465,263,#dcdde0
466,263,#b2b8bc
467,263,#b4bcc3
468,263,#b2bcc5
469,263,#b1bcc9
470,263,#a2b5c6
472,263,#a7bfd2
473,263,#b0c2d2
474,263,#c4ced8
475,263,#a9b1bc
476,263,#a9b1bb
477,263,#a0a9af
478,263,#aab3b9
479,263,#a9b2b8
480,263,#c4cdd3
481,263,#98a6b1
482,263,#7c8e9a
483,263,#6f7d8c
484,263,#8a9baa
485,263,#96a7b9
486,263,#8899a1
487,263,#a6b3ba
488,263,#96a3ab
489,263,#9ba7b3
490,263,#8e9ca5
491,263,#b4bec8
492,263,#a2abb2
493,263,#acb9c7
494,263,#a4b2c0
495,263,#aebac3
496,263,#bdc6cd
497,263,#cad4dd
498,263,#b3c1cc
499,263,#b7c4d4
500,263,#a1b6c9
505,263,#a6bed2
506,263,#c5d3de
507,263,#cbd0d5
508,263,#c8c9c9
509,263,#e0ddd8
510,263,#f4eee1
511,263,#f1ebdf
512,263,#cdc7bc
513,263,#e0d8cd
514,263,#f5e9d8
515,263,#fdf5e4
516,263,#faf5e8
517,263,#f6efde
518,263,#efe7dd
519,263,#ebeae5
520,263,#a3a7a8
521,263,#a2acb5
522,263,#989fa0
523,263,#989ea1
524,263,#a3aaaa
525,263,#959da0
526,263,#9ca0a3
527,263,#afadb2
528,263,#a6a0a1
529,263,#bbb2ac
530,263,#b7afa4
531,263,#b1a79b
532,263,#bbb3a8
533,263,#c2b9af
534,263,#c7bdb4
535,263,#cac3b8
536,263,#c7beb6
537,263,#a9a9a5
538,263,#b6b5b2
539,263,#a1a4a7
540,263,#b0bbc2
541,263,#a5a5a5
542,263,#f6f1ed
543,263,#f7f0e9
544,263,#dcdade
182,264,#252535
188,264,#6e6a6d
189,264,#948d94
190,264,#bebec0
191,264,#a8a6a9
192,264,#b9b5b4
193,264,#f2f0ef
194,264,#a7a6a4
195,264,#cccecd
196,264,#a0a2a1
197,264,#a5a4a1
198,264,#93928d
199,264,#9a9899
200,264,#a5a4a0
201,264,#54555d
354,264,#0a081d
355,264,#c7bba8
356,264,#c5b9a9
357,264,#636b7a
358,264,#777e90
367,264,#52586b
368,264,#becad8
369,264,#d8dce1
370,264,#c8cccc
371,264,#c2c8c8
372,264,#d2d1d0
373,264,#e0e0dc
374,264,#d2d1cd
375,264,#e3e2de
376,264,#969291
377,264,#edece0
378,264,#d7ccc1
379,264,#d4ccc0
380,264,#f2ebe3
381,264,#cbc7c5
382,264,#bbb8bc
383,264,#ccccd3
384,264,#7f8490
385,264,#a0a09e
386,264,#cfcbc1
387,264,#e2dbd3
388,264,#e8ddce
389,264,#f5ede3
390,264,#eae2d6
391,264,#cfc3b3
392,264,#ccc3b4
393,264,#d9cec1
394,264,#c9beb3
395,264,#dfd6c5
396,264,#dacdbc
397,264,#c2bbb1
398,264,#ddd1c2
399,264,#c0b7ae
400,264,#c6bfb5
401,264,#d0ccc3
402,264,#c5c0ba
403,264,#ccc8bc
404,264,#f1ebe2
405,264,#eee6da
406,264,#f3efe3
407,264,#d4d4cf
408,264,#dddddb
409,264,#b6b6b6
410,264,#bbbcb9
411,264,#c7c4bf
412,264,#c9c6b9
413,264,#bcb5ab
414,264,#aaa7a1
415,264,#7d7d7d
416,264,#999796
417,264,#61626b
418,264,#6c6b6a
419,264,#635a5f
420,264,#2e2738
431,264,#394657
432,264,#cbc5be
433,264,#cdbfb2
434,264,#cebaa4
435,264,#e8d6be
436,264,#edddcd
437,264,#d8c9b4
438,264,#c8bbab
439,264,#d9c8b8
440,264,#beb1a1
441,264,#d4c8ba
442,264,#a29385
443,264,#cbbaa8
444,264,#c4b6a6
445,264,#cdc1b3
446,264,#d5c8bf
447,264,#bfbab4
448,264,#bab5af
449,264,#cac5c1
450,264,#bcb9b4
451,264,#b7b3b0
452,264,#b9b5b1
453,264,#bab9b4
454,264,#b9bab5
455,264,#c0bfbb
456,264,#bcbbb9
457,264,#bdbdbd
458,264,#bebfc1
459,264,#babfc3
460,264,#c9cdd2
461,264,#c6c6c5
462,264,#c1bdb9
463,264,#dee1e2
464,264,#c2c3c7
465,264,#c6c8c7
466,264,#b3b4b7
467,264,#bcc1c5
468,264,#b7bcc2
469,264,#b7bcc2
470,264,#b2bdca
471,264,#b8c5d3
472,264,#cad1d9
473,264,#b2b7bb
474,264,#bfc2c7
475,264,#cfd4da
476,264,#c7d3df
477,264,#b2bac4
478,264,#98a0aa
479,264,#9ca4ae
480,264,#818b95
481,264,#96a1a5
482,264,#8e9aa0
483,264,#676f79
484,264,#9ea8b2
485,264,#a5b7c3
486,264,#8c9bae
487,264,#828d99
488,264,#99a5b1
489,264,#a5b2bb
490,264,#9ca9b1
491,264,#a8b2bb
492,264,#b1becc
493,264,#acbcc7
494,264,#aebac8
495,264,#b4bbc4
496,264,#d6dadd
497,264,#d7dcde
498,264,#bfccd5
499,264,#cad1d7
500,264,#b6bec7
501,264,#afbbc5
502,264,#a1adb8
503,264,#b9c1cb
504,264,#c5cad0
505,264,#c0c9d1
506,264,#c3c9cf
507,264,#cecfd2
508,264,#dcdcdb
509,264,#e8e5e0
510,264,#e8e1d9
511,264,#d6d1cd
512,264,#d9d4d0
513,264,#ebe9e0
514,264,#cdcec9
515,264,#b6b5af
516,264,#cecbca
517,264,#e9e1d5
518,264,#d7d3cd
519,264,#b8bec0
520,264,#9da8ad
521,264,#b9bdbf
522,264,#8f9497
523,264,#949695
524,264,#a4a3a0
525,264,#b6b2ac
526,264,#b3aca3
527,264,#b5ae9f
528,264,#bfb7aa
529,264,#aea499
530,264,#b9b3a7
531,264,#bcb5ab
532,264,#dad7cf
533,264,#d3d0cb
534,264,#c5c4c2
535,264,#dddddb
536,264,#e8e6e6
537,264,#d6d6d6
538,264,#d9d9d9
539,264,#c8c7c8
540,264,#d2cfca
541,264,#fdfaf6
542,264,#fbfbfe
543,264,#fefdfe
544,264,#b6b7b6
545,264,#c8cac8
546,264,#c7c8c2
547,264,#999993
548,264,#e1e1d9
549,264,#fafaf2
550,264,#f3f0e7
551,264,#f8f5f5
552,264,#959ea5
553,264,#64798a
554,264,#586c7c
555,264,#5a6d7b
556,264,#262a2c
557,264,#505763
179,265,#0c0b1f
180,265,#6a6465
181,265,#e6e2e3
182,265,#989799
183,265,#43424e
186,265,#6e6e80
187,265,#ced2d6
188,265,#aca9a6
189,265,#a8a2a0
190,265,#c4bdb5
191,265,#ece5df
192,265,#a9a4a1
193,265,#bdb9b8
194,265,#939192
195,265,#b0afab
196,265,#dfdad8
197,265,#c1bfbd
198,265,#c0bbb7
349,265,#2d2a3e
350,265,#bab8ba
351,265,#bcbaba
352,265,#9da1a1
353,265,#c1c1bf
354,265,#99a2a5
355,265,#b2cbd5
356,265,#8e8074
357,265,#7a7462
358,265,#1b2228
359,265,#7b7e81
367,265,#a7b8c4
368,265,#b9c5cf
369,265,#c3c9ce
370,265,#cfd3d3
371,265,#d2d2d1
372,265,#e9eced
373,265,#e0dfdc
374,265,#dbdcd7
375,265,#cecbc6
376,265,#bcbbb7
377,265,#faf7ed
378,265,#ece4da
379,265,#f3ebdc
380,265,#f0e9df
381,265,#c3bcb4
382,265,#c3beb7
383,265,#bfb8b2
384,265,#d9d3cb
385,265,#999990
386,265,#868581
387,265,#c1b9ac
388,265,#e5d9cb
389,265,#ebdbcb
390,265,#f0e4ce
391,265,#ebddc8
392,265,#f4e6d1
393,265,#e5d6c3
394,265,#e0d0c0
395,265,#e5d6c3
396,265,#f0e0c9
397,265,#e4dac6
398,265,#dfd3c4
399,265,#c8bbb1
400,265,#c3baae
401,265,#b4ada6
402,265,#b6b2a9
403,265,#adaaa2
404,265,#bab7b1
405,265,#bbb7ae
406,265,#cfc8bd
407,265,#d9d0c1
408,265,#dcd0c2
409,265,#cfc1b4
410,265,#d8cbbb
411,265,#d8ccbe
412,265,#c8bdad
413,265,#a89f94
414,265,#8c8e8e
415,265,#868e96
416,265,#8a8e91
417,265,#898e90
418,265,#868888
419,265,#868281
420,265,#7f7b74
421,265,#7e726b
422,265,#726e6a
426,265,#485164
428,265,#abb1ba
429,265,#b1aeb3
430,265,#b6b3ad
431,265,#a79f91
432,265,#d1c5b5
433,265,#c4b7a6
434,265,#c2b5a4
435,265,#cfbeaa
436,265,#dac8b2
437,265,#f6f0d8
438,265,#e0cbb0
439,265,#ebd9c1
440,265,#c7b8a1
441,265,#dbd0ba
442,265,#c4b49d
443,265,#d0c0b1
444,265,#c0b3a3
445,265,#c8baaf
446,265,#cabdb4
447,265,#b5afa7
448,265,#c1bab2
449,265,#beb5b0
450,265,#c5c0ba
451,265,#bebbb4
452,265,#bdb9b6
453,265,#b8b7b5
454,265,#bababa
455,265,#b2b2b0
456,265,#bebdb9
457,265,#c2c1bf
458,265,#c3c3c3
459,265,#cccdcf
460,265,#cac8c9
461,265,#d8d6d7
462,265,#ddded9
463,265,#d9d9db
464,265,#c0c0c2
465,265,#c2c6c7
466,265,#bdc1c4
467,265,#babfc3
468,265,#bfc6cc
469,265,#b5bcc4
470,265,#b4bec7
471,265,#bcc4ce
472,265,#c1c6cb
473,265,#b9bec2
474,265,#c2c7cb
475,265,#c7cccf
476,265,#c5ced5
477,265,#c2ccd5
478,265,#a2acb5
479,265,#9ba5ae
480,265,#969fa6
481,265,#919aa1
482,265,#8a9298
483,265,#969fa7
484,265,#768089
485,265,#7f8f9c
486,265,#9cacbb
487,265,#9ea7b0
488,265,#9fa9b1
489,265,#929fa7
490,265,#95a1ab
492,265,#98aab8
493,265,#8da0af
494,265,#a0b0bd
495,265,#b3c0c9
496,265,#c7ccd0
497,265,#ccd0d3
498,265,#ccd1d5
499,265,#bdc2c8
500,265,#cdd1d4
501,265,#bec3c7
502,265,#d7d7d6
503,265,#c1c1c1
504,265,#dad9dc
505,265,#dad9d6
506,265,#e2e0df
507,265,#d5d4d1
508,265,#ddd9d6
509,265,#d5d0cd
510,265,#d2cdca
511,265,#c7c5c3
512,265,#a9ada9
513,265,#c7c3bf
514,265,#e0dad2
515,265,#bbbcb9
516,265,#dbd7ce
517,265,#e1dbd4
518,265,#b9b9b9
519,265,#a7abae
520,265,#cdccc6
521,265,#d4cac0
522,265,#979998
523,265,#a09e9a
524,265,#938c82
525,265,#b3aba0
526,265,#b3a99f
527,265,#b5aea1
528,265,#bfb6ad
529,265,#bbb1a7
530,265,#d0c6b8
531,265,#cbc3b9
532,265,#d9d4ce
533,265,#e8e5e0
534,265,#e3e2e0
535,265,#e0e0e0
536,265,#e7e7e7
537,265,#eaeaea
538,265,#f5f4f2
539,265,#f9f9f5
540,265,#fefdfb
541,265,#fcfbf9
542,265,#f6f5f0
543,265,#e2dfda
544,265,#e5e2dd
545,265,#dddad5
546,265,#eae7e2
547,265,#d9d8d4
548,265,#f6f6f2
549,265,#efeeea
550,265,#f1f0ee
551,265,#efeeec
552,265,#ecebe9
553,265,#e4e4e4
554,265,#a5a6a8
555,265,#9f9fa0
556,265,#a1a29d
557,265,#c6c7c1
558,265,#c4c6c5
559,265,#dfe2e7
560,265,#8c8d9d
561,265,#80808d
562,265,#404053
563,265,#2a2839
174,266,#8e9098
175,266,#94979e
176,266,#18172a
177,266,#525162
178,266,#8f8e8c
179,266,#c6bdb7
180,266,#b8b5ac
181,266,#c9c5c6
182,266,#a7a5aa
183,266,#29292e
184,266,#bfbcc7
185,266,#030411
186,266,#a8a4a5
187,266,#aaa49b
188,266,#d1cac0
189,266,#d5cabd
190,266,#ede7dc
191,266,#cdc4bb
192,266,#95938d
193,266,#f9f8f4
194,266,#d8d4d3
195,266,#babebe
196,266,#b2ada8
197,266,#9b9b93
297,266,#0f091d
298,266,#d7cdc3
299,266,#c2b5b2
300,266,#84838f
301,266,#07041b
313,266,#160e25
314,266,#282431
322,266,#bbbdbc
323,266,#a8aaa8
324,266,#a8aaa5
325,266,#b1b2b1
326,266,#f5f1f4
327,266,#bfb9b2
328,266,#bbb5b1
329,266,#b4adac
330,266,#b4afa7
331,266,#696366
332,266,#443f3d
333,266,#908a89
334,266,#585252
335,266,#201c30
346,266,#080216
347,266,#d8d2bb
348,266,#c5bcb2
349,266,#b1a8a9
350,266,#a4a2a1
351,266,#868582
352,266,#7c7f78
353,266,#0c0d19
354,266,#222b39
355,266,#455f6f
356,266,#d3cbc5
357,266,#cac1b4
358,266,#b9b6ab
359,266,#b5c3c7
360,266,#d3dce3
361,266,#5c656d
362,266,#cfd5da
363,266,#394155
366,266,#7a8f9b
367,266,#b1c3d4
368,266,#a6b6c4
369,266,#c1ced7
370,266,#c9d0d6
371,266,#c0c9d3
372,266,#bdcad4
373,266,#c7ccd0
374,266,#cecfd1
375,266,#d5d5d3
376,266,#dadad8
377,266,#eae4e1
378,266,#eadfcc
379,266,#fff9ed
380,266,#eee6dd
381,266,#eae1d8
382,266,#dbd1c6
383,266,#d4ccc1
384,266,#cac5bd
385,266,#d6cec1
386,266,#d8cec4
387,266,#ddd3c9
388,266,#d4cac0
389,266,#cbbfb3
390,266,#d7c7b7
391,266,#e2d1bf
392,266,#e9d7c1
393,266,#ead8c2
394,266,#ecdac4
395,266,#e1cfbb
396,266,#e9d7c3
397,266,#c4b9a7
398,266,#b8aea2
399,266,#afa79e
400,266,#9e998e
401,266,#9c968f
402,266,#b9b0a7
403,266,#a99f98
404,266,#c4bab6
405,266,#c7beb3
406,266,#cbbeae
407,266,#b5a894
408,266,#d0c3b0
409,266,#c5b8a8
410,266,#c8bcad
411,266,#bab2a7
412,266,#878d8e
413,266,#767c7e
414,266,#b2b1b1
415,266,#81888e
416,266,#858c92
417,266,#878d8c
418,266,#8b8a91
419,266,#7e7673
420,266,#67635e
421,266,#807e82
422,266,#6a6376
423,266,#7b796e
424,266,#919097
425,266,#71767d
427,266,#c0b0a6
428,266,#cfbeae
429,266,#cbbcaa
430,266,#b6a593
431,266,#c2b3a0
432,266,#d1c6b5
433,266,#a99a87
434,266,#c1b29f
435,266,#bead99
436,266,#e1cfb9
437,266,#e7d7bd
438,266,#decab2
439,266,#f2dec5
440,266,#d8c7af
441,266,#dec9b2
442,266,#dacab3
443,266,#d5c5b6
444,266,#c9bcac
445,266,#ccbeb1
446,266,#cfc3b7
447,266,#c2baaf
448,266,#c5bdb3
449,266,#c1bab0
450,266,#c0b9b1
451,266,#bebab1
452,266,#bab9b5
453,266,#bfbbb8
454,266,#b6b2af
455,266,#bab7b2
456,266,#b2afaa
457,266,#bebdbb
458,266,#c0bfbd
459,266,#c2bfbd
460,266,#bfbfb7
461,266,#c5c4c0
462,266,#c0c1bf
463,266,#d4d5d9
464,266,#c6c7cb
465,266,#b9bbbb
466,266,#babbbd
467,266,#bdc3c9
468,266,#b6bfc6
469,266,#c0c8d2
470,266,#bdc6cd
471,266,#b2b9c1
472,266,#bbc2ca
473,266,#b9c0c8
474,266,#cfd6de
475,266,#d0d4dd
476,266,#c9d0d6
477,266,#d6e1ea
478,266,#d4e1ea
479,266,#9daab3
480,266,#99a6ae
481,266,#96a3ab
482,266,#a9b6bf
483,266,#9facb5
484,266,#7c8a95
485,266,#84929b
486,266,#abb9c2
487,266,#9baab5
488,266,#98a7b4
489,266,#96a5b4
490,266,#93a6b1
491,266,#a3b4c7
492,266,#95a5b2
493,266,#b0c2d0
494,266,#9aa8b3
495,266,#b0bdc6
496,266,#b2b9bf
497,266,#bec2c3
498,266,#cccdcf
499,266,#d1d1d3
500,266,#cccdc9
501,266,#d8d7d5
502,266,#dad6cc
503,266,#eee7dd
504,266,#f2e9e0
505,266,#e7e3dd
506,266,#e0d9d3
507,266,#ece5da
508,266,#efe8dd
509,266,#e8e0d6
510,266,#e5dbd2
511,266,#e9dfd6
512,266,#eae3d7
513,266,#ebe1d6
514,266,#f3f0e4
515,266,#fdf6e9
516,266,#c6bdb4
517,266,#b9bbba
518,266,#acb1b3
519,266,#a4a5a5
520,266,#a9a69f
521,266,#b6b0a8
522,266,#aea89e
523,266,#a49c91
524,266,#b8aca0
525,266,#b1aaa0
526,266,#b7b0a6
527,266,#bbb3a7
528,266,#c4bdb5
529,266,#cbc4bc
530,266,#d1cac0
531,266,#d8d1c9
532,266,#e5ded6
533,266,#e7e2dc
534,266,#d5d1ce
535,266,#f1f0ec
536,266,#f8f7f5
537,266,#f3f1f2
538,266,#faf6f5
539,266,#f7f3f0
540,266,#faf6f3
541,266,#eeeae7
542,266,#dbdad6
543,266,#c4c3bf
544,266,#dddcd8
545,266,#cbcac6
546,266,#d3d2ce
547,266,#dedbd6
548,266,#e9e7e2
549,266,#e0ddd8
550,266,#d7d6d4
551,266,#e1e0de
552,266,#fafaf6
553,266,#f2f1ed
554,266,#b4b3af
555,266,#91928c
556,266,#aaa9a5
557,266,#aba6a2
558,266,#ada8a2
559,266,#c7c3ba
560,266,#e3e1d6
561,266,#fdf8f5
562,266,#aeaeaa
563,266,#8f8a81
564,266,#afa8a4
565,266,#d3d4d6
566,266,#cccfd5
175,267,#141124
176,267,#605e61
177,267,#ccccc6
178,267,#c8c5bf
179,267,#bbb6b1
180,267,#c2bdb8
181,267,#a49e98
182,267,#676766
183,267,#cac8ca
184,267,#555053
185,267,#b3b1b5
186,267,#999893
187,267,#9d9995
188,267,#bab7b4
189,267,#dbdad4
190,267,#c8c0b5
191,267,#cdc5b9
192,267,#e4e4e6
193,267,#e1dcd6
194,267,#c2bfbe
195,267,#a2a2a0
196,267,#a7a3a1
197,267,#c5c3bc
198,267,#292725
285,267,#6a6c6e
286,267,#a7a5b5
287,267,#3d383a
288,267,#bab7aa
289,267,#dbd6c6
290,267,#eae1cb
291,267,#e2d7cc
292,267,#e4d9c2
293,267,#d2c7b3
294,267,#a79e90
295,267,#ddceba
296,267,#cfbfad
297,267,#cec3ba
298,267,#ccbeb3
299,267,#cebfb4
300,267,#d3c3b6
301,267,#cfbeb4
302,267,#cabfb1
303,267,#beb4a8
304,267,#dad3c6
305,267,#d1c0b2
306,267,#d4c5bb
307,267,#c3beb6
308,267,#b1aea8
309,267,#abaaa8
310,267,#92999e
311,267,#919399
312,267,#bbb6b0
313,267,#d0cbc8
314,267,#d7d7d8
315,267,#d4d9db
316,267,#c6b9b4
317,267,#8e9391
321,267,#9eaab3
322,267,#9cacbb
323,267,#8896a3
324,267,#93a2ae
325,267,#a8b0b8
326,267,#b9c3c9
327,267,#606f7d
328,267,#a8aeb6
329,267,#aca6a4
330,267,#d0c6b8
331,267,#747067
332,267,#8b8c89
333,267,#797f89
334,267,#59606d
335,267,#b2bcc5
336,267,#817d79
337,267,#7c766c
338,267,#938c82
339,267,#f5eee0
340,267,#72674e
341,267,#9f9281
342,267,#948b7b
343,267,#96897e
344,267,#968a79
345,267,#8d8878
346,267,#988e86
347,267,#7a7b7f
348,267,#50575c
349,267,#a9a8a0
350,267,#cabdb6
351,267,#c4b4a7
352,267,#c7b7a9
353,267,#c5baad
354,267,#d2cdc4
355,267,#d4cdc3
356,267,#d4cfc3
357,267,#ccc7ba
358,267,#babbb3
359,267,#c1c6c9
360,267,#cbd2d7
361,267,#bfc0bf
362,267,#cecac3
363,267,#d5d1cc
364,267,#ccc8c5
365,267,#d7d5d0
366,267,#c7c5c7
367,267,#dadbd9
368,267,#c2c5c6
369,267,#b8bdc3
370,267,#bec2c4
371,267,#c3cbd2
372,267,#bec4c5
373,267,#c4cacf
374,267,#d0d1d3
375,267,#d3d4cf
376,267,#dad7d1
377,267,#d9d0c2
378,267,#e1d8cf
379,267,#dccfc5
380,267,#e3d7c9
381,267,#e5dcd6
382,267,#e0d7cf
383,267,#ebe1d7
384,267,#e6dacd
385,267,#e5dbcf
386,267,#dacfc3
387,267,#ddd5c6
388,267,#dfd3c7
389,267,#dfd4c8
390,267,#eadbcc
391,267,#e1d0bf
392,267,#ead8c1
393,267,#e3ccb2
394,267,#f5e5d3
395,267,#f9ecdd
396,267,#fbecdc
397,267,#f8eada
398,267,#fdf0e0
399,267,#fbeddd
400,267,#f9ead6
401,267,#f0dfcb
402,267,#ecdcc2
403,267,#e0d0b9
404,267,#d1c0ad
405,267,#dccdb9
406,267,#cec3b7
407,267,#d1c8ba
408,267,#c5bdb0
409,267,#cbc4ba
410,267,#858482
411,267,#201b1c
412,267,#352d28
413,267,#161211
414,267,#2d2d2f
415,267,#798081
416,267,#7c8089
417,267,#7c8084
418,267,#7d8181
419,267,#5f554a
420,267,#82756a
421,267,#595757
422,267,#c6c7c7
423,267,#cac4bc
424,267,#d4c8b9
425,267,#dfd2c0
426,267,#d4c4b4
427,267,#cdbca9
428,267,#ebddca
429,267,#dad0c0
430,267,#b4a795
431,267,#9f9384
432,267,#d1c4b1
433,267,#e2d1bd
434,267,#e2ceb8
435,267,#d5c5ac
436,267,#d3c1a9
437,267,#f1dfc4
438,267,#d3bda4
439,267,#d1bba3
440,267,#e0ccb4
441,267,#d0bea8
442,267,#d9c8b4
443,267,#d8c7b5
444,267,#dac9b9
445,267,#c8bcac
446,267,#c8bcae
447,267,#c9c0b1
448,267,#c6bcb0
449,267,#c4bab0
450,267,#bfb8ae
451,267,#bfb8ae
452,267,#b8b6b1
453,267,#bfbcb7
454,267,#b3aea8
455,267,#b6b1ad
456,267,#b9b4b0
457,267,#b3b2ad
458,267,#b4b3af
459,267,#bebab8
460,267,#bdbcb8
461,267,#b2b2b0
462,267,#bec1c1
463,267,#b9bdbf
464,267,#b7bbbe
465,267,#aaafb2
466,267,#cbd1d7
467,267,#bac3ca
468,267,#bec7ce
469,267,#c2ccd5
470,267,#becbd4
471,267,#c4ced8
472,267,#c4cdd5
473,267,#c5ced5
474,267,#bdc6cd
475,267,#d6dadf
476,267,#c9d0d8
477,267,#b7bdc3
478,267,#b4bbc1
479,267,#aeb8bf
480,267,#a0adb5
481,267,#a7b1ba
482,267,#8c9ea8
483,267,#82909e
484,267,#a1a9b2
485,267,#a4aaaf
486,267,#b1b7be
487,267,#b7bec3
488,267,#b4bbc2
489,267,#a7aeb5
490,267,#9aa7af
491,267,#a6b4c0
492,267,#a6b1ba
493,267,#abb5bd
494,267,#b2bac1
495,267,#afb6ba
496,267,#b9c2ca
497,267,#c7cdce
498,267,#cacccd
499,267,#d1d0cf
500,267,#d6d5d3
501,267,#d9d5d1
502,267,#e5ded5
503,267,#ebe1d6
504,267,#f2e5d6
505,267,#f6eddc
506,267,#e8dfce
507,267,#f8f0df
508,267,#fbf2e1
509,267,#faeede
510,267,#fbf0de
511,267,#fcf5e3
512,267,#f4e9d8
513,267,#ded9c8
514,267,#d7cec3
515,267,#dbd6ca
516,267,#c4bdb3
517,267,#c8bfb7
518,267,#c3bab3
519,267,#b6ada6
520,267,#aca89d
521,267,#b2aba1
522,267,#b4ab9d
523,267,#a89e92
524,267,#afa59b
525,267,#b7ada3
526,267,#bdb4ab
527,267,#c5beb4
528,267,#c3bcb2
529,267,#c9c2b9
530,267,#d2cabd
531,267,#d9d0c8
532,267,#dcd5cc
533,267,#e2dbd3
534,267,#ece5e0
535,267,#f2edea
536,267,#f5eff0
537,267,#fbf8f5
538,267,#dad6d3
539,267,#f8f4f3
540,267,#e1e1df
541,267,#dcdcda
542,267,#c4c4c4
543,267,#c8c8c8
544,267,#d0d0d0
545,267,#cdced0
546,267,#c6c7c9
547,267,#cacacc
548,267,#cfcfd1
549,267,#cbcbcd
550,267,#cdccc8
551,267,#d6d3cf
552,267,#dad6d1
553,267,#dad5cf
554,267,#dfdad4
555,267,#cbc8c3
556,267,#d8d5d0
557,267,#d2cdc8
558,267,#c0bbb6
559,267,#cbc7c1
560,267,#d5d1c7
561,267,#d8d1c9
562,267,#d0c8ba
563,267,#cabdb3
564,267,#cfc8c0
565,267,#dad5d2
566,267,#a7a4a3
567,267,#d3d4d5
568,267,#a1a9b2
569,267,#6b696e
570,267,#3e3a40
571,267,#ababb4
572,267,#60626b
573,267,#5e5a5d
574,267,#5f575d
575,267,#5b5762
173,268,#3b3946
175,268,#06081c
177,268,#070416
178,268,#e3e1d5
179,268,#9b9693
180,268,#b6b2ab
181,268,#bbb5af
182,268,#696863
183,268,#97948f
184,268,#a49f9c
185,268,#6e6d6f
186,268,#b0afac
187,268,#848487
188,268,#9a9695
189,268,#b2a8a2
190,268,#e8e0d5
191,268,#bdb3a7
192,268,#cfc2b5
193,268,#cac1b2
194,268,#d9d6d3
195,268,#98938f
196,268,#aaa6a7
197,268,#878784
198,268,#adada3
281,268,#aeb9c7
282,268,#95a4ad
283,268,#cfdbe1
284,268,#b0b0a9
285,268,#b5b5a7
286,268,#979ba0
287,268,#7a7185
288,268,#f5ecda
289,268,#d5ccc6
290,268,#d9d2c4
291,268,#d3c9c5
292,268,#cdc8bd
293,268,#c7c3b6
294,268,#e0dcce
295,268,#ded6c6
296,268,#cec4ba
297,268,#ccc9c3
298,268,#cfcac3
299,268,#c2b5a7
300,268,#c6b7a6
301,268,#899497
302,268,#8a8e9d
303,268,#e1dedd
304,268,#dbd1c2
305,268,#d4cfc0
306,268,#cdc6bd
307,268,#cfc9bd
308,268,#cfc6b9
309,268,#ccbfb1
310,268,#c2b7a8
311,268,#beb3a8
312,268,#c8c1b5
313,268,#bab4a9
314,268,#bcb4ab
315,268,#c3bfb9
316,268,#c2c4c0
317,268,#c2c2c2
318,268,#bebfb5
319,268,#a29e9a
320,268,#a2a2a0
321,268,#868490
322,268,#777e85
323,268,#868f98
324,268,#a1adb7
325,268,#97a1aa
326,268,#a9b8c8
327,268,#85919a
328,268,#959da0
329,268,#b3b5b0
330,268,#9b948c
331,268,#7f8081
332,268,#697686
334,268,#8a93a7
335,268,#979898
336,268,#908d87
337,268,#797d80
338,268,#888d91
339,268,#a1a19f
340,268,#ada399
341,268,#afa396
342,268,#9b978f
343,268,#6c6c73
344,268,#8a8f90
345,268,#aca9a3
346,268,#c7c1a9
347,268,#c9bbab
348,268,#c4baaf
349,268,#d2c5ba
350,268,#d0c7bb
351,268,#978a7a
352,268,#bbb3a8
353,268,#c0b6aa
354,268,#b3a99d
355,268,#c7bdb3
356,268,#bfb5ac
357,268,#b2b0ab
358,268,#8a8a8c
359,268,#818188
360,268,#888c93
361,268,#b6bbbf
362,268,#d4dade
363,268,#cacdd1
364,268,#e0e1e2
365,268,#c5c9cc
366,268,#cbcbcd
367,268,#d3d6d7
368,268,#d8d9db
369,268,#c0bebf
370,268,#cacbcd
371,268,#d6dadb
372,268,#c3c7c8
373,268,#d2d3d5
374,268,#d6d5d3
375,268,#d9dbda
376,268,#d2d2d0
377,268,#d6d2ca
378,268,#d4d1cc
379,268,#ded7d1
380,268,#dddacf
381,268,#dad1ca
382,268,#dcd2c7
383,268,#dfd7cc
384,268,#dfd8ce
385,268,#e3d7c9
386,268,#e9ddcf
387,268,#ece3d6
388,268,#f1e4d8
389,268,#f6eadc
390,268,#ece3d5
391,268,#f5e5d3
392,268,#ecdbc0
393,268,#ebd7bd
394,268,#f6e7d3
395,268,#f9eedc
396,268,#eae0cd
397,268,#e3d4c1
398,268,#dccdba
399,268,#e5d6c3
400,268,#e3d2c0
401,268,#e1d0be
402,268,#e1d2be
403,268,#d4c5b3
404,268,#d4c4b4
405,268,#c5b8a8
406,268,#c6b9a9
407,268,#b1a798
408,268,#b5ada2
409,268,#7f7870
410,268,#867f76
411,268,#939393
412,268,#7e7e7f
413,268,#555252
414,268,#474441
415,268,#6d7071
416,268,#74797f
417,268,#757a7d
418,268,#82817f
419,268,#4d4640
420,268,#8d9499
421,268,#a7b4c2
422,268,#c6c5c1
423,268,#cecdc8
424,268,#c9c7c2
425,268,#d1cfc7
426,268,#ccc5bb
427,268,#c6bbae
428,268,#e4d8ca
429,268,#c9bdad
430,268,#d9cdbf
431,268,#dacaba
432,268,#eee4d2
433,268,#d2c4b1
434,268,#d8c7b3
435,268,#ddcdb6
436,268,#e1cfb9
437,268,#e2d1b7
438,268,#e3d1bc
439,268,#e7d4c5
440,268,#e4d2be
441,268,#e7d6c4
442,268,#daccbb
443,268,#ded1c0
444,268,#d5c8b8
445,268,#d6cabc
446,268,#d3c7b9
447,268,#cac0b4
448,268,#c6bcb2
449,268,#c6bcb3
450,268,#c3bab1
451,268,#c5bcb3
452,268,#c1bab0
453,268,#bbb4aa
454,268,#b9b2aa
455,268,#b2b1ac
456,268,#b6b5b0
457,268,#b8b5ae
458,268,#b4b1ac
459,268,#b9b5b2
460,268,#b2b1ad
461,268,#a9a9a7
462,268,#b4b6b5
463,268,#b6b7b9
464,268,#bcbdbf
465,268,#b5b9ba
466,268,#b4b9bd
467,268,#bec5cb
468,268,#bac3ca
469,268,#c0c9d0
470,268,#c2cdd3
471,268,#c3ccd3
472,268,#cdd5df
473,268,#c7cfd9
474,268,#cfd7e1
475,268,#d2dde3
476,268,#cbd3d6
477,268,#bdc7c8
478,268,#9ca4a6
479,268,#b9bcc1
480,268,#acb4b7
481,268,#a5aaae
482,268,#a2a7aa
483,268,#a7abb0
484,268,#b2b3b5
485,268,#afb3b6
486,268,#b5b8bd
487,268,#abb2b5
488,268,#a8afb5
489,268,#abb2ba
490,268,#b9c1c8
491,268,#afb3bc
492,268,#b7b9bb
493,268,#bebfc0
494,268,#c4c3c2
495,268,#d1cec8
496,268,#cfccc9
497,268,#ceccc8
498,268,#e5e1dc
499,268,#ddd6d0
500,268,#eae2d9
501,268,#f2eade
502,268,#eee4d8
503,268,#f6ebdd
504,268,#ede0d0
505,268,#eee2d2
506,268,#f5e9d9
507,268,#f3ead9
508,268,#f5e9d9
509,268,#f8ebdb
510,268,#f6ebd9
511,268,#efdfcf
512,268,#ecdfcc
513,268,#d4c7b6
514,268,#ded0c3
515,268,#c9c1b4
516,268,#c2baaf
517,268,#bcb4a9
518,268,#c1b9ae
519,268,#c0b8ad
520,268,#beb8ac
521,268,#bcb4a9
522,268,#b9afa3
523,268,#b4aaa0
524,268,#aca299
525,268,#c1bab0
526,268,#afaba0
527,268,#c2bbb2
528,268,#c7c0b6
529,268,#c3bcb2
530,268,#c6beb3
531,268,#cfc6bd
532,268,#e9e1d6
533,268,#e7ded5
534,268,#e2d9d2
535,268,#d6cfc6
536,268,#bebab2
537,268,#dfdeda
538,268,#cbcac8
539,268,#d4d2d3
540,268,#ccccca
541,268,#bdbdbb
542,268,#c7c7c7
543,268,#d0d0d0
544,268,#c8c8c8
545,268,#c7c8ca
546,268,#c1c2c4
547,268,#bdbdbf
548,268,#b5b5b7
549,268,#bbbbbd
550,268,#b8b8b6
551,268,#cccbc7
552,268,#cac7c2
553,268,#c5c2bd
554,268,#cecbc6
555,268,#d4d1cc
556,268,#d6d3ce
557,268,#c9c5c1
558,268,#d9d4ce
559,268,#ddd6ce
560,268,#dcd5cd
561,268,#c4bdb5
562,268,#c9c4b9
563,268,#d6cdc6
564,268,#d7d3cc
565,268,#dbd7ce
566,268,#959291
567,268,#eff1f4
568,268,#8a9299
569,268,#818283
570,268,#504646
571,268,#9a96a2
572,268,#b5b2b4
573,268,#868082
574,268,#6d6266
575,268,#a79d97
576,268,#c0b3ad
577,268,#f3f0ed
578,268,#a7a5a3
579,268,#a8a4a6
580,268,#363047
135,269,#82838f
138,269,#565563
174,269,#7b798e
175,269,#878682
176,269,#eeede7
177,269,#a5a4a0
178,269,#85817e
179,269,#aea9a3
180,269,#ccc5bf
181,269,#9f9891
182,269,#a9a29f
183,269,#b1ada5
184,269,#c4bebc
185,269,#bebcbf
186,269,#afadaf
187,269,#c4c1c2
188,269,#b3afa7
189,269,#c3b9b0
190,269,#c6beb1
191,269,#c1b4ab
192,269,#c4b5a7
193,269,#dad1c8
194,269,#bbb7b5
195,269,#b5b4b2
196,269,#b7b3b2
197,269,#7c7471
198,269,#8b8380
199,269,#a5a2a7
279,269,#4f474a
280,269,#a2a7a4
281,269,#9fa4a2
282,269,#dcdbd3
283,269,#f5f0e8
284,269,#dcc9b6
285,269,#9b8d85
286,269,#e9ddc9
287,269,#8f8892
288,269,#e7d8cc
289,269,#eddfcd
290,269,#e6d9d1
291,269,#ece4d4
292,269,#e2c7b2
293,269,#f1d9ca
294,269,#e5d3cc
295,269,#f9f4eb
296,269,#e1d8ca
297,269,#e6ddd6
298,269,#9ca4aa
299,269,#91a7b6
300,269,#bfc7cf
301,269,#cbc5b8
302,269,#d0c1b2
303,269,#ddcab7
304,269,#d2c9c2
305,269,#cfc8ba
306,269,#d7d2cf
307,269,#dcd3ca
308,269,#e2dbd3
309,269,#d5d1cf
310,269,#e5e3de
311,269,#dad6cf
312,269,#d7d5cf
313,269,#c6c0ba
314,269,#d5ccc2
315,269,#d3ccbf
316,269,#9d928c
317,269,#9c9587
318,269,#d2c5be
319,269,#5d5045
320,269,#766c6a
321,269,#a3998e
322,269,#abada8
323,269,#bbc0c3
324,269,#b0acab
325,269,#bdc3ca
326,269,#c8ccd0
327,269,#c3c7c4
328,269,#cececb
329,269,#cec9c4
330,269,#c2b6a9
331,269,#cbbfb3
332,269,#938681
333,269,#b8ada6
334,269,#bcb0a9
335,269,#b7ab9e
336,269,#bfb3a4
337,269,#afa49b
338,269,#aaa49a
339,269,#b1a69a
340,269,#9c9784
341,269,#c4bab7
342,269,#29222a
343,269,#999d9c
344,269,#88868b
345,269,#b4b7b0
346,269,#707673
347,269,#b8b7b1
348,269,#aaa299
349,269,#ccc3b7
350,269,#c8bcac
351,269,#bfb4a4
352,269,#bab2a7
353,269,#a39b90
354,269,#bcb5ab
355,269,#b8b4aa
356,269,#c1bab4
357,269,#b3ad9f
358,269,#7f7d81
359,269,#1e232b
360,269,#97a1b1
361,269,#8e959f
362,269,#c7cbd1
363,269,#bfc5ce
364,269,#bec7ce
365,269,#bbc4cb
366,269,#b1b8be
367,269,#b6bbbf
368,269,#bdc4ca
369,269,#bbc2c8
370,269,#c0c6cc
371,269,#c4c5c7
372,269,#bec6ca
373,269,#c8cac9
374,269,#cfd0d3
375,269,#cacac8
376,269,#cdc9c6
377,269,#dad5d1
378,269,#c9c8c4
379,269,#d4cdc5
380,269,#c2bfb8
381,269,#d2ccca
382,269,#d1d0cb
383,269,#cdc8c2
384,269,#dad2c7
385,269,#e6d9c9
386,269,#e4d7c7
387,269,#e2d3c3
388,269,#e3cfbe
389,269,#e4d2bc
390,269,#ddc9b0
391,269,#e1cdb5
392,269,#d5c1a9
393,269,#d5c4b2
394,269,#e9dccc
395,269,#d5c9b9
396,269,#c8bcae
397,269,#cbc1b3
398,269,#d1c8b9
399,269,#c4bbac
400,269,#bcb2a6
401,269,#bab0a4
402,269,#a79b8d
403,269,#c3b7a9
404,269,#aca092
405,269,#a09486
406,269,#b9afa3
407,269,#aba398
408,269,#a59e96
409,269,#97928c
410,269,#8a8e91
411,269,#484d4f
412,269,#241d1a
413,269,#2f2723
414,269,#736a66
415,269,#646666
416,269,#6e7478
417,269,#7b7b79
418,269,#443a32
419,269,#5b5c5f
420,269,#79878e
421,269,#9ca1a8
422,269,#b0b2ad
423,269,#b4b3ae
424,269,#bdb7b1
425,269,#c9c6bf
426,269,#e7e6e2
427,269,#b1ada7
428,269,#b1aaa0
429,269,#c2b6a8
430,269,#d6c8bb
431,269,#ebe3d8
432,269,#b6aea0
433,269,#d4c8b8
434,269,#baaa9a
435,269,#e7d8c5
436,269,#dfcfbf
437,269,#e2d4c6
438,269,#e8dbcb
439,269,#e8dbca
440,269,#e5d6c6
441,269,#e8dbcb
442,269,#dbcfc1
443,269,#dbcfc1
444,269,#d8ccc0
445,269,#d6ccc0
446,269,#cec4b8
447,269,#c7bdb3
448,269,#cfc5bc
449,269,#cbc1b8
450,269,#c0b9af
451,269,#beb7ad
452,269,#bab3a9
453,269,#b9b4ae
454,269,#b5b2ae
455,269,#b3b0ab
456,269,#afaca7
457,269,#b2aca5
458,269,#b5b0aa
459,269,#b5b2ad
460,269,#a9a8a4
461,269,#b5b5b3
462,269,#acacaa
463,269,#b0b0b0
464,269,#b2b2b2
465,269,#b8bab9
466,269,#b6babd
467,269,#bcc1c5
468,269,#b8bfc5
469,269,#b9c0c6
470,269,#c3cad0
471,269,#d1d6dc
472,269,#d1d4d9
473,269,#cfd2d7
474,269,#c2c5ca
475,269,#c8c9cb
476,269,#bebfc3
477,269,#b4b7bc
478,269,#bbc0c6
479,269,#b0b4bd
480,269,#9ea5ab
481,269,#a3a8ae
482,269,#b0b2b0
483,269,#b7babf
484,269,#b3b8bc
485,269,#b6b8b7
486,269,#bcbdbf
487,269,#b8bfc2
488,269,#b4bbc1
489,269,#b8bfc7
490,269,#afb8bb
491,269,#bfc1c2
492,269,#d2cbc4
493,269,#dad2c9
494,269,#eae1d7
495,269,#e0d8cb
496,269,#e6dacc
497,269,#ebded5
498,269,#e8dcd0
499,269,#f3e7d9
500,269,#f8ebdb
501,269,#f2e4d7
502,269,#ecdfcf
503,269,#f9eddd
504,269,#efe2d2
505,269,#ebdece
506,269,#f0e3d3
507,269,#eadece
508,269,#f8ebdb
509,269,#f1e1d2
510,269,#f1e4d3
511,269,#e4d7c6
512,269,#e3d5c2
513,269,#e9d8c8
514,269,#e1d5c7
515,269,#d1c5b5
516,269,#d0c4b6
517,269,#c1b7ab
518,269,#cec4b8
519,269,#d4cabe
520,269,#bdb5a8
521,269,#b7ada1
522,269,#beb4aa
523,269,#b0a69d
524,269,#b6aca3
525,269,#beb5ae
526,269,#b6afa7
527,269,#bfbbb2
528,269,#c0bcb3
529,269,#bbb7ae
530,269,#d2cbc3
531,269,#d3ccc2
532,269,#bbb8b1
533,269,#d0cdc7
534,269,#c1beb9
535,269,#c5c4c0
536,269,#ccccca
537,269,#ced0cd
538,269,#c0c2c1
539,269,#a4a6a5
540,269,#c7c7c7
541,269,#bcbcbc
542,269,#cacbcd
543,269,#d3d4d6
544,269,#b6b7b9
545,269,#b6b7b9
546,269,#b3b4b6
547,269,#bbbbbd
548,269,#b0b0b2
549,269,#b4b4b6
550,269,#aaaaaa
551,269,#acacaa
552,269,#b9b8b4
553,269,#b6b5b1
554,269,#b2b1ad
555,269,#bebbb6
556,269,#b2afaa
557,269,#c3c0b9
558,269,#cdc6be
559,269,#cdc3ba
560,269,#ccc3bc
561,269,#bdb6ae
562,269,#cec6ba
563,269,#d7cdc3
564,269,#f2ebe3
565,269,#e2ddd9
566,269,#eae6e5
567,269,#d7d6d2
568,269,#787879
569,269,#6b6a70
570,269,#c5c2c1
571,269,#8b868c
572,269,#d0c8c8
573,269,#b7b2b1
574,269,#6a605c
575,269,#a19993
576,269,#7c766c
577,269,#7b706f
578,269,#574c48
579,269,#c3b7b5
580,269,#7e7571
581,269,#857f84
582,269,#9d99aa
583,269,#757481
127,270,#97999e
128,270,#757b85
129,270,#b2b6b8
130,270,#afaea9
131,270,#acaba6
132,270,#c0c1c3
133,270,#c0c1c3
134,270,#c0bfc2
135,270,#fffffc
136,270,#e6e1e6
137,270,#aeafb2
138,270,#f3f1f4
139,270,#bdbbc6
140,270,#656474
168,270,#494951
178,270,#aea9a1
179,270,#ccc3c4
180,270,#a09993
181,270,#a49f99
182,270,#94918d
183,270,#e5e1db
184,270,#8c8984
185,270,#c2c1bc
186,270,#8b8883
187,270,#898883
188,270,#a19a92
189,270,#bbafa3
190,270,#d2c6b7
191,270,#f7eee2
192,270,#d7cab5
193,270,#c8bdac
194,270,#dcd7ce
195,270,#5b5859
196,270,#b2a7ac
197,270,#a29a9c
198,270,#9e9c97
199,270,#b0aba5
200,270,#ccccce
272,270,#090a1c
273,270,#050118
274,270,#787074
275,270,#d0c7be
276,270,#e0deb9
277,270,#d5bea4
278,270,#c9c1b5
279,270,#9da2a5
282,270,#dbd3c7
283,270,#e0d3c2
284,270,#ead8c8
285,270,#ecdccd
286,270,#e8dacc
287,270,#e4d5c5
288,270,#e1d3c6
289,270,#d9cdc4
290,270,#dfd7c8
291,270,#e8ddd1
292,270,#cfbfaa
293,270,#e9dfd5
294,270,#c4b5a7
295,270,#d1bda8
296,270,#ddccba
297,270,#cfc4b7
298,270,#d4cdc1
299,270,#cfc5ba
300,270,#ddd3c9
301,270,#d5c9bd
302,270,#9d948b
303,270,#ddd7d0
304,270,#dbd5d1
305,270,#cfccc5
306,270,#dddcd8
307,270,#c7c4c0
308,270,#dcdedf
309,270,#d5d2cd
310,270,#c8c6bb
311,270,#c8c1b7
312,270,#c4c5be
313,270,#dde3e5
314,270,#c3cacd
315,270,#d0dbe0
316,270,#adaea9
317,270,#b9bdbb
318,270,#b4afa9
319,270,#c0c4c8
320,270,#a2a8aa
321,270,#b2bbbd
322,270,#c1c3c1
323,270,#cad0d0
324,270,#b0a9a9
325,270,#abb1ae
326,270,#c2ccd3
327,270,#c9cacb
328,270,#c6c3be
329,270,#c2bbb1
330,270,#979290
331,270,#b3aeaa
332,270,#9b9ba0
333,270,#8c8e94
334,270,#83858c
335,270,#d7d0cc
336,270,#26252d
337,270,#080b11
338,270,#d2d5de
339,270,#dfdedc
340,270,#685f5d
341,270,#706b7a
342,270,#95928d
343,270,#1f1923
344,270,#3e3d44
345,270,#c5c6c5
346,270,#333039
347,270,#928880
348,270,#dbcfc3
349,270,#958979
350,270,#a29385
351,270,#afa599
352,270,#958c85
353,270,#a6a19d
354,270,#b6b3ac
355,270,#aca8a1
356,270,#bbb6b2
357,270,#b9b5ad
358,270,#aaaea9
359,270,#5c6c7b
360,270,#b5bfc7
361,270,#78848d
362,270,#a5adb0
363,270,#b8bfc5
364,270,#c8cfd7
365,270,#c1c9cb
366,270,#c0c7cd
367,270,#b5bec3
368,270,#b3bac0
369,270,#bcc3c9
370,270,#b8c3c9
371,270,#b4bbc3
372,270,#bdc1c5
373,270,#c3c7ca
374,270,#c1c5c4
375,270,#b7bbba
376,270,#cbcac6
377,270,#cbc7c1
378,270,#c6c6c4
379,270,#cdc8c5
380,270,#c5c4bf
381,270,#c2beb6
382,270,#cfcbc2
383,270,#d5cec4
384,270,#cec6bb
385,270,#d3c7b7
386,270,#d2c2b2
387,270,#d1c0ac
388,270,#d0bfab
389,270,#d5c4b0
390,270,#d2c0aa
391,270,#cbbaa6
392,270,#cebfac
393,270,#c2b2a3
394,270,#baaca1
395,270,#c3b7a7
396,270,#a29a8f
397,270,#aba496
398,270,#aca499
399,270,#aaa198
400,270,#a19b90
401,270,#a59e94
402,270,#b7b0a6
403,270,#aea79d
404,270,#a39b90
405,270,#a2988e
406,270,#928a83
407,270,#9c998f
408,270,#84857f
409,270,#929798
410,270,#51585b
411,270,#282525
412,270,#42484b
413,270,#271f18
414,270,#635f61
415,270,#4e4c49
416,270,#2f2e2c
417,270,#545c5f
418,270,#808f9f
419,270,#97a2aa
420,270,#adb1b2
421,270,#c3c4c0
422,270,#c4c5c3
423,270,#c4c4c1
424,270,#b6b5b8
425,270,#8a8e8e
426,270,#c1bfbe
427,270,#c5c3ba
428,270,#b5aea4
429,270,#e5dbcf
430,270,#e1d6c8
431,270,#ada397
432,270,#f0e5d7
433,270,#ddd1c3
434,270,#e0d6c8
435,270,#e8e3d2
436,270,#e9ddcf
437,270,#ece3d4
438,270,#e4dace
439,270,#e8ded4
440,270,#d1c7bb
441,270,#ddd4c3
442,270,#d9d1c6
443,270,#d8d0c5
444,270,#d8d0c5
445,270,#d1c9be
446,270,#d0c7c0
447,270,#c7c0b8
448,270,#c8c1b9
449,270,#c6bfb7
450,270,#c4bdb5
451,270,#c4bdb5
452,270,#acaca7
453,270,#b7b6b1
454,270,#bbb6b2
455,270,#bbb6b0
456,270,#c0b9b3
457,270,#b6afa7
458,270,#b5b0aa
459,270,#b3b0a9
460,270,#b2ada9
461,270,#adaca8
462,270,#aeafaa
463,270,#afafad
464,270,#a8a8a8
465,270,#b0b1b3
466,270,#adaeb2
467,270,#b9bec2
468,270,#babfc3
469,270,#bdc2c8
470,270,#c9ced4
471,270,#c2c7cb
472,270,#c1c6ca
473,270,#c8cccf
474,270,#cecfd1
475,270,#b6babb
476,270,#caced1
477,270,#bfc5c6
478,270,#a3abae
479,270,#acb5bc
480,270,#9ea6ad
481,270,#b1b2b4
482,270,#b9babc
483,270,#b6babe
484,270,#aeb5bc
485,270,#acb4b7
486,270,#bdc1c4
487,270,#bec3c4
488,270,#b6b6b6
489,270,#cbc7c4
490,270,#e0dcd1
491,270,#e1d8cf
492,270,#ded4c9
493,270,#e2d8cd
494,270,#e3d9ce
495,270,#e3d7c5
496,270,#ecdfcf
497,270,#f1e4d4
498,270,#eaddcd
499,270,#f0e3d3
500,270,#f2e5d5
501,270,#ebdece
502,270,#f9efe1
503,270,#efe1d4
504,270,#ebdbce
505,270,#eadccf
506,270,#ebdece
507,270,#dccfbf
508,270,#ded1c1
509,270,#ebdbcc
510,270,#e3d6c5
511,270,#e1d5c5
512,270,#e4d8ca
513,270,#d9cdbf
514,270,#ddd1c3
515,270,#d3c7b9
516,270,#d5c9bb
517,270,#c5bcab
518,270,#c4b8aa
519,270,#c6b8ad
520,270,#b2a99a
521,270,#a69c92
522,270,#bbb1a8
523,270,#aaa198
524,270,#bdb6ac
525,270,#b5b1a8
526,270,#bbb7ac
527,270,#b1ada5
528,270,#aca9a2
529,270,#b3b2ad
530,270,#bebdb8
531,270,#b4b3ae
532,270,#a9a8a4
533,270,#b5b4b0
534,270,#c6c5c3
535,270,#cecece
536,270,#bfbfbf
537,270,#c6c6c6
538,270,#b1b1b1
539,270,#bbbbbb
540,270,#b6b7b3
541,270,#acacac
542,270,#b6b7b9
543,270,#b2b3b5
544,270,#b6b7b9
545,270,#a9abaa
546,270,#babcbb
547,270,#b3b3b3
548,270,#b3b3b3
549,270,#afafaf
550,270,#aeafaa
551,270,#b4b3af
552,270,#a9a9a2
553,270,#afaca5
554,270,#b4afa9
555,270,#bebab1
556,270,#b7b3aa
557,270,#c1bab4
558,270,#c8c1b9
559,270,#c7beb5
560,270,#cac3b9
561,270,#c5bcb3
562,270,#d1c9be
563,270,#d4cbc2
564,270,#e2d8ce
565,270,#e8e3d9
566,270,#ede7e6
567,270,#dad5d0
568,270,#edeae9
569,270,#d3d4d1
570,270,#cbc7c2
571,270,#c6bdb8
572,270,#5a554e
573,270,#908685
574,270,#b7aaa2
575,270,#c0b3a9
576,270,#c4bbb5
577,270,#a49ea3
578,270,#9f99a3
579,270,#88858c
580,270,#cbc3c5
581,270,#413f42
582,270,#636163
583,270,#262438
127,271,#6a6b6a
128,271,#e5e4e5
129,271,#c5c3c9
130,271,#d2d2d4
131,271,#d0d0cf
132,271,#dedcd5
133,271,#bebeb8
134,271,#d3d2cf
135,271,#e0e0e1
136,271,#dbdad4
137,271,#cececb
138,271,#efebe0
139,271,#e6e4d6
140,271,#d7d4c6
141,271,#f5f1e5
142,271,#d9d3cf
143,271,#d6dbdb
144,271,#c1cabe
145,271,#d4d9d3
146,271,#aeaeac
147,271,#a9a9a8
148,271,#cacac7
149,271,#d9dad6
150,271,#d6d6cd
151,271,#a4a49f
152,271,#d3d2d2
153,271,#787781
154,271,#050517
168,271,#575450
169,271,#d5d0d0
170,271,#dfdfe3
171,271,#cacac8
172,271,#c8c9ca
173,271,#b0afb9
174,271,#6a6a79
175,271,#272638
179,271,#75707c
180,271,#c2c1bc
181,271,#c3c2be
182,271,#bab6b5
183,271,#b5b0ac
184,271,#bfbbb8
185,271,#bab5af
186,271,#a7a09a
187,271,#d8d5ce
188,271,#d5d0c7
189,271,#e5dcd3
190,271,#dbd1c6
191,271,#e1dad1
192,271,#f2e4d1
193,271,#a79684
194,271,#d5c5b8
195,271,#89857a
196,271,#b7b2ae
197,271,#7c7675
198,271,#bab8bb
199,271,#d5d2d1
200,271,#474857
267,271,#0b0511
268,271,#e4d9cc
269,271,#d6c9b9
270,271,#ded2be
271,271,#d2c2ac
272,271,#d8c2ac
273,271,#d2c3ad
274,271,#d2c2b2
275,271,#d2c6aa
276,271,#b9aeb0
277,271,#a5a198
278,271,#c9c4ba
279,271,#dbcbba
280,271,#d0c2b5
281,271,#ddcec2
282,271,#e1cdbc
283,271,#dbcdc0
284,271,#dcd4c9
285,271,#dfd6cd
286,271,#dfd6cf
287,271,#d6ccc2
288,271,#e6ddd4
289,271,#dad7d0
290,271,#eee9df
291,271,#d9c3ad
292,271,#eaded7
293,271,#cabba7
294,271,#c8b6a6
295,271,#dbd1c5
296,271,#dbd3c8
297,271,#ccccc5
298,271,#eaebe6
299,271,#c4beb6
300,271,#e4e1da
301,271,#d9d9d4
302,271,#ced0cd
303,271,#d2d3d5
304,271,#bdc1c4
305,271,#c3c7c6
306,271,#c6c9c9
307,271,#c4bdb6
308,271,#bdb9b4
309,271,#c1bfbb
310,271,#c1bfba
311,271,#bcb1ab
312,271,#b6ac9f
313,271,#b3a99d
314,271,#b2aaa1
315,271,#b2aba0
316,271,#b4afa7
317,271,#b1afab
318,271,#b0aba5
319,271,#b4b4b4
320,271,#afb4b1
321,271,#b4b6bd
322,271,#c0bdb6
323,271,#c2bfb4
324,271,#e0d9d1
325,271,#b7b2a7
326,271,#d5d2ce
327,271,#ccc7be
328,271,#d3ccc2
329,271,#c0baae
330,271,#d9d1c4
331,271,#dad7cd
332,271,#bdb4ae
333,271,#baaeab
334,271,#bfafb0
335,271,#929a9b
336,271,#a5adaf
337,271,#a0a9a8
338,271,#888f91
339,271,#959998
340,271,#454d4b
341,271,#4a5357
342,271,#b1a08d
343,271,#b69b85
344,271,#b19f88
345,271,#897868
346,271,#897c6b
347,271,#b1a9a0
348,271,#c3baaf
349,271,#cdc2b7
350,271,#cdc5be
351,271,#b0b2ab
352,271,#9fa19b
353,271,#beb7b1
354,271,#cbc4bd
355,271,#c3bbaf
356,271,#b5aea6
357,271,#bfb8b2
358,271,#aaaaa3
359,271,#748594
360,271,#768089
361,271,#b6bdc3
362,271,#bfc4c8
363,271,#c0c5c9
364,271,#b4b9bf
365,271,#b9c2c7
366,271,#b7c0c7
367,271,#b9bec2
368,271,#b5bcc2
369,271,#b7c1ca
370,271,#bcc3c7
371,271,#bfc0c4
372,271,#b9bbbe
373,271,#b2b3b7
374,271,#b9babe
375,271,#bcbebd
376,271,#b1b1b1
377,271,#b8babf
378,271,#bfc0c0
379,271,#bebfba
380,271,#b6b6b6
381,271,#c0bebb
382,271,#c3c2b8
383,271,#c4bdb3
384,271,#c0b3aa
385,271,#c8bcae
386,271,#c9bdad
387,271,#cabdad
388,271,#cabdad
389,271,#c2b5a5
390,271,#c2b2a2
391,271,#d8c7b7
392,271,#cbbeae
393,271,#c3b7a9
394,271,#ada399
395,271,#a59d92
396,271,#c4bdb5
397,271,#aea59a
398,271,#aca49b
399,271,#9b988f
400,271,#95928d
401,271,#a39f9b
402,271,#a6a39d
403,271,#7a7975
404,271,#9a9997
405,271,#898988
406,271,#6b6d6f
407,271,#676e73
408,271,#353e45
409,271,#3d4550
410,271,#191a1c
411,271,#1e1a1b
412,271,#251e1e
413,271,#544f4f
414,271,#8f9095
415,271,#929597
416,271,#8a939c
417,271,#909ca9
418,271,#97a3a4
419,271,#b5b9bd
420,271,#929799
421,271,#a7abae
422,271,#afb3b5
423,271,#777b7c
424,271,#83868e
425,271,#676770
426,271,#e4e4e4
427,271,#c1beb8
428,271,#e7e1da
429,271,#ebe3d9
430,271,#d3cac1
431,271,#f1e9e0
432,271,#dbd2c7
433,271,#e5dbcf
434,271,#c2b8ac
435,271,#efe7dc
436,271,#c7beb5
437,271,#e4dcd1
438,271,#e7ded5
439,271,#e1d8d1
440,271,#dad3cb
441,271,#d5cfc3
442,271,#d1cac2
443,271,#d1cac2
444,271,#cec7bf
445,271,#c9c2b8
446,271,#c6bfb9
447,271,#c8c1b9
448,271,#cbc4bc
449,271,#c8c1b9
450,271,#c0bbb5
451,271,#beb9b3
452,271,#bbb6b0
453,271,#bdb8b2
454,271,#bbb8b1
455,271,#b5b3a7
456,271,#b6b2a7
457,271,#b3aaa1
458,271,#aea79f
459,271,#ada8a2
460,271,#b0aba5
461,271,#aeaba6
462,271,#acaba6
463,271,#a7a6a2
464,271,#a9a8a6
465,271,#a1a19f
466,271,#a9a9a9
467,271,#a6aaab
468,271,#bec2c4
469,271,#b1b5b8
470,271,#acb1b5
471,271,#b4b8bb
472,271,#a8a9ab
473,271,#b1b2b4
474,271,#b9bdc0
475,271,#bdc2c5
476,271,#b1b6ba
477,271,#b4bcc3
478,271,#acb5bd
479,271,#a1a8b2
480,271,#a3aab0
481,271,#b2b6b9
482,271,#b7bcc0
483,271,#a8afb2
484,271,#adb2b6
485,271,#bdbebb
486,271,#c7c5c0
487,271,#d8d3c6
488,271,#d8d0c4
489,271,#e4d9cc
490,271,#eaddcc
491,271,#e6d6c7
492,271,#eddecb
493,271,#f9ead7
494,271,#f4e5d2
495,271,#f2e2d2
496,271,#e9dccc
497,271,#eee1d1
498,271,#f3e6d6
499,271,#f0e3d3
500,271,#ede0d0
501,271,#ede0d0
502,271,#e4d8c8
503,271,#ecdfcf
504,271,#ecdccd
505,271,#edddcd
506,271,#edddcd
507,271,#e1d4c3
508,271,#e0d3c2
509,271,#ddcdbd
510,271,#d6cdbe
511,271,#d6c9b9
512,271,#d6c9b9
513,271,#d7caba
514,271,#d7caba
515,271,#bbafa1
516,271,#b3a799
517,271,#ada191
518,271,#aea596
519,271,#b1a899
520,271,#b8b0a3
521,271,#c2baad
522,271,#afa69d
523,271,#a49d93
524,271,#a8a39d
525,271,#a6a19b
526,271,#b3afa6
527,271,#9d9e99
528,271,#b2b3ae
529,271,#9f9e9a
530,271,#c3c2be
531,271,#b2b1ad
532,271,#a7a8a2
533,271,#bebfba
534,271,#c0c0be
535,271,#c4c4c4
536,271,#bdbdbd
537,271,#a7a7a7
538,271,#a7a7a7
539,271,#b2b2b2
540,271,#b2b4b3
541,271,#babcbb
542,271,#b9bbb8
543,271,#aeb0ad
544,271,#babcb9
545,271,#babab8
546,271,#bdbdbb
547,271,#bdbcba
548,271,#bab9b7
549,271,#b6b5b3
550,271,#a5a6a1
551,271,#a9a8a4
552,271,#a4a39e
553,271,#b3b0ab
554,271,#a8a39f
555,271,#b5b1ae
556,271,#b3afac
557,271,#bcbab5
558,271,#bfbcb5
559,271,#c7c3ba
560,271,#c9c2b8
561,271,#d6cdc4
562,271,#d7cfc4
563,271,#d0c7be
564,271,#d0c6bc
565,271,#e6d9c8
566,271,#eae1d1
567,271,#e2e4e5
568,271,#d8d8da
569,271,#cfcac7
570,271,#cdcccb
571,271,#9e9897
572,271,#877973
573,271,#d6c6b5
574,271,#e1cebc
575,271,#b7afaa
576,271,#c5bfc2
577,271,#433d43
578,271,#fefafe
579,271,#7e7b82
580,271,#8c8b90
581,271,#6c666d
582,271,#b1acb9
87,272,#1c1d2c
88,272,#c4c1c0
89,272,#a7a39f
90,272,#e8e7ec
91,272,#30303c
95,272,#222436
96,272,#010316
128,272,#78768b
129,272,#4e4959
130,272,#858b91
131,272,#aeb6b4
132,272,#969c9c
133,272,#d2d2d2
134,272,#b4b2b3
135,272,#bcbbb9
136,272,#b4b0aa
137,272,#e7e0ce
138,272,#f4e8d8
139,272,#e4d9ca
140,272,#aeada5
141,272,#989391
142,272,#4c4b57
143,272,#dcdbde
144,272,#f1efe3
145,272,#fdfcf7
146,272,#f3eee4
147,272,#a29c93
148,272,#c0b6ab
149,272,#cac0b2
150,272,#ede5db
151,272,#ebe4da
152,272,#ddd8cb
153,272,#d8d0c6
154,272,#cfc4b8
155,272,#7f7669
156,272,#b4aba0
157,272,#b8b5ad
158,272,#dad6d6
159,272,#5e5b62
160,272,#8b8d95
161,272,#e4e9ef
165,272,#b1ada5
166,272,#ddd6cd
167,272,#c7c7c2
168,272,#bab9b9
169,272,#626362
170,272,#989896
171,272,#b5b5b5
172,272,#acaea9
173,272,#b1b0a9
174,272,#858276
175,272,#a4a3a2
176,272,#b8b6b6
177,272,#91908c
178,272,#cdc9c6
179,272,#b9b4ad
180,272,#b2afa5
181,272,#b6b1a7
182,272,#b9afa3
183,272,#bdb2a8
184,272,#b5a9a2
185,272,#cbc2bb
186,272,#c1b8af
187,272,#e3dfd5
188,272,#cac3b9
189,272,#988e81
190,272,#f0e9dc
191,272,#bab1a4
192,272,#b2a38d
193,272,#9b9184
194,272,#ada39a
195,272,#beb6af
196,272,#9a9796
197,272,#e2e1dd
198,272,#3d3a36
199,272,#afafbd
266,272,#666667
267,272,#d7cab5
268,272,#d3c3b1
269,272,#d2c2b2
270,272,#d3bfae
271,272,#cabaab
272,272,#d7d9d5
273,272,#d2cfc1
274,272,#cfc5bc
275,272,#e2d8ca
276,272,#bfb09f
277,272,#c6baa8
278,272,#d2c8ba
279,272,#cfcbc2
280,272,#d3c9c4
281,272,#d1c4b8
282,272,#d4c5b7
283,272,#cec5ba
284,272,#d2cac2
285,272,#ccc3b7
286,272,#d3ccc1
287,272,#c8c0b4
288,272,#c7c3ba
289,272,#d0c7c0
290,272,#d2cbc0
291,272,#dcd2cc
292,272,#ccc6bc
293,272,#d3d2d0
294,272,#dcd6d1
295,272,#d1cac0
296,272,#d4d2cb
297,272,#c2b6a8
298,272,#c4b7aa
299,272,#c1b8ad
300,272,#cec6bc
301,272,#c2bbb3
302,272,#b8b7af
303,272,#c2c3bf
304,272,#bcbdbe
305,272,#b1b2b0
306,272,#b3b3b5
307,272,#adadab
308,272,#afafad
309,272,#bdbcba
310,272,#b8b5b0
311,272,#bbb8b3
312,272,#bab4ad
313,272,#bdb4ab
314,272,#beb4ab
315,272,#bab7ae
316,272,#b4b0a8
317,272,#c5c0ba
318,272,#ccc7c1
319,272,#c4bfb9
320,272,#d1cdc5
321,272,#dbd3c7
322,272,#ddd4ca
323,272,#b6aea5
324,272,#c8c0b8
325,272,#d1c8bf
326,272,#e4dbd2
327,272,#e5dbd0
328,272,#e1d7cd
329,272,#ccc5bb
330,272,#d0c8bc
331,272,#d5cdc2
332,272,#cfc6b9
333,272,#d8cec1
334,272,#d8cdc0
335,272,#cfc2b3
336,272,#d4c5b7
337,272,#cdc2b7
338,272,#bdb4a9
339,272,#bbb1a8
340,272,#a8a59d
341,272,#b8b1a7
342,272,#cfbca7
343,272,#d5bd9e
344,272,#ccb69e
345,272,#e2cfb7
346,272,#ccbaa5
347,272,#c5b5a5
348,272,#cbbbab
349,272,#dfcfc0
350,272,#ccc0b1
351,272,#c7bdb3
352,272,#cdc6bb
353,272,#cfc6bf
354,272,#a09ea1
355,272,#bdbab3
356,272,#c5c1b8
357,272,#bab8b3
358,272,#b1b0ac
359,272,#c6c5c6
360,272,#c8cfd0
361,272,#cad2d5
362,272,#c0c7ce
363,272,#c9d0d9
364,272,#bfc2c7
365,272,#c0c8cb
366,272,#caced0
367,272,#c2c5c0
368,272,#c2c4c4
369,272,#c7c7c7
370,272,#c2c4c1
371,272,#c0c1c3
372,272,#bebebe
373,272,#c6c8c9
374,272,#bfbfbd
375,272,#b8b7b2
376,272,#bebbb8
377,272,#c9c8bf
378,272,#c5c0bc
379,272,#ccc4c0
380,272,#cac4bb
381,272,#c3b9b1
382,272,#d4cbc2
383,272,#d0c8bc
384,272,#ccc2b9
385,272,#d6ccc3
386,272,#c9c0b7
387,272,#cec5b7
388,272,#c0b6aa
389,272,#e6ded4
390,272,#b3a79e
391,272,#d2ccc0
392,272,#b6b1a5
393,272,#b3aea5
394,272,#9e9894
395,272,#cfccc3
396,272,#8d8980
397,272,#a19d92
398,272,#afa69d
399,272,#a7a097
400,272,#999488
401,272,#a6a196
402,272,#aaa49a
403,272,#a39e97
404,272,#92908f
405,272,#7b8184
406,272,#2b353e
407,272,#484e55
408,272,#47515a
409,272,#556370
410,272,#222a31
411,272,#3f4045
412,272,#15171a
413,272,#414548
414,272,#606263
415,272,#9b9d99
416,272,#b4b6b5
417,272,#909496
418,272,#a2a2a3
419,272,#9d9995
420,272,#9a9895
421,272,#a19c97
422,272,#9d9b9c
423,272,#b6b7ba
424,272,#bbbfc6
425,272,#b1b8b8
426,272,#778081
427,272,#d9d9d3
428,272,#8e8d89
429,272,#cec8bf
430,272,#c6c3ba
431,272,#c1bdb2
432,272,#dedad2
433,272,#e3dcd4
434,272,#cfc7bf
435,272,#8e8a84
436,272,#ccc7c1
437,272,#d4cfc6
438,272,#c7bbb4
439,272,#ded6cf
440,272,#d8cfc6
441,272,#d4cbc2
442,272,#cdc4bb
443,272,#d1c8bf
444,272,#cdc4bd
445,272,#cec5bc
446,272,#c9c1b7
447,272,#c9c0b7
448,272,#c6beb4
449,272,#c2b9b0
450,272,#c3bcb4
451,272,#bcb5ad
452,272,#c1bdb6
453,272,#c0bbb5
454,272,#b4ada7
455,272,#bab0a7
456,272,#b6aca3
457,272,#b5ada1
458,272,#aea69b
459,272,#b0a79e
460,272,#a7a49d
461,272,#a8a5a0
462,272,#a19d9a
463,272,#a6a29f
464,272,#aba7a4
465,272,#a7a6a2
466,272,#acaba7
467,272,#a8a9a6
468,272,#a2a4a3
469,272,#a8a9ab
470,272,#a0a2a0
471,272,#a5a7a5
472,272,#a3a4a5
473,272,#a5a6a8
474,272,#a6a7a9
475,272,#9da1a3
476,272,#9b9fa3
477,272,#a8adb3
478,272,#9ea3a6
479,272,#adb0b3
480,272,#a3a4a6
481,272,#bbb9b9
482,272,#c1bfb8
483,272,#d1cbc2
484,272,#daccc3
485,272,#d8ccbd
486,272,#ebdacc
487,272,#ddd0c0
488,272,#e7d9ca
489,272,#ebdccd
490,272,#f1e0d0
491,272,#eedcce
492,272,#f0e2d2
493,272,#f0e3d3
494,272,#f0e3d3
495,272,#eee0cf
496,272,#ece1cf
497,272,#e8d9c8
498,272,#f1e4d2
499,272,#f3e6d4
500,272,#f8eddd
501,272,#f4e8d8
502,272,#ede0cf
503,272,#ecdccc
504,272,#f3e2d2
505,272,#eaddca
506,272,#e3d6c5
507,272,#dbcebe
508,272,#d7caba
509,272,#d3c6b6
510,272,#cdc0b0
511,272,#d0c4b4
512,272,#d2c6b8
513,272,#ccc0b2
514,272,#beb2a6
515,272,#b6aa9c
516,272,#b8ac9e
517,272,#b7ada2
518,272,#a8a095
519,272,#aaa498
520,272,#9d968c
521,272,#a0968d
522,272,#bbb4aa
523,272,#aca89f
524,272,#aaa7a2
525,272,#afaca7
526,272,#9b9893
527,272,#cbcbc5
528,272,#b1b0ab
529,272,#b7b4af
530,272,#b3b0aa
531,272,#b2b1ad
532,272,#cac9c6
533,272,#bbbbbb
534,272,#c9cccf
535,272,#aeaeac
536,272,#c1c0be
537,272,#c2beba
538,272,#c2beba
539,272,#c0bdb9
540,272,#bebbb6
541,272,#c3c0bb
542,272,#c0bcb9
543,272,#b5b1ae
544,272,#bebab7
545,272,#c0bfba
546,272,#b6b5b0
547,272,#b6b5b1
548,272,#b1b0ac
549,272,#b4b3af
550,272,#b6b5b0
551,272,#c0bfba
552,272,#bebab7
553,272,#c7c3c0
554,272,#cac6c3
555,272,#ccc7c1
556,272,#cdc8c2
557,272,#c7c2bc
558,272,#d2cac7
559,272,#bfb8b0
560,272,#d7cfc4
561,272,#e0dace
562,272,#d7cbc2
563,272,#dfd2c9
564,272,#dcd2c9
565,272,#d9d1c6
566,272,#dbd6d1
567,272,#ccc4b8
568,272,#635449
569,272,#c0b2ab
570,272,#67605d
571,272,#c6bec0
572,272,#e3e2db
573,272,#8e8b92
574,272,#969594
575,272,#747373
576,272,#868693
577,272,#9c9fa4
578,272,#dcdfe3
579,272,#8d909a
580,272,#777888
82,273,#232333
83,273,#343346
87,273,#c9c8c6
88,273,#cbc6c0
89,273,#cbc6c3
90,273,#dad6cc
91,273,#7e7a72
92,273,#e6e3e4
93,273,#cecacc
94,273,#b2aeb0
95,273,#807c7d
96,273,#9a8d7c
97,273,#f0efe9
98,273,#c4c2c2
99,273,#c0bfbd
100,273,#c7c8c0
101,273,#c3c4c1
102,273,#cfd2d0
103,273,#ced0cd
104,273,#808282
105,273,#bebfc0
106,273,#c1c3c4
107,273,#bcbbc5
108,273,#6f676a
109,273,#686361
110,273,#e1e6e8
131,273,#a2a09d
132,273,#fdfbee
133,273,#fdfae9
134,273,#cbc5ae
135,273,#c0b8a6
136,273,#ece0cf
137,273,#e3d2be
138,273,#ecdfcc
139,273,#eee4d4
140,273,#f0e7d7
141,273,#f6ecdd
142,273,#f9f6f1
143,273,#f2ece4
144,273,#f1eade
145,273,#7f7264
146,273,#afa092
147,273,#a39784
148,273,#dcd4c6
149,273,#dfd6cc
150,273,#ece4d9
151,273,#d4ccc1
152,273,#e2dbce
153,273,#cbc2b9
154,273,#d3c9bd
155,273,#d3c7b7
156,273,#c3b6a6
157,273,#e0d8ce
158,273,#b5aba0
159,273,#c3baae
160,273,#bdb4a7
161,273,#b9b0a0
162,273,#9c978c
163,273,#918c84
164,273,#9c988b
165,273,#85827b
166,273,#958c83
167,273,#a2978b
168,273,#9c9289
169,273,#e3dad2
170,273,#999289
171,273,#c1bab2
172,273,#d2ccc8
173,273,#aba3a0
174,273,#7e736e
175,273,#c0b6ab
176,273,#c4b9ac
177,273,#ada398
178,273,#c0b3a8
179,273,#c5baac
180,273,#aba196
181,273,#ab9e94
182,273,#b5aaa1
183,273,#9e9389
184,273,#c4b9ad
185,273,#bcaea2
186,273,#baac9f
187,273,#a39484
188,273,#dbcabc
189,273,#c9b7a4
190,273,#958676
191,273,#a99c8c
192,273,#a2978b
193,273,#a8a099
194,273,#f1ece8
195,273,#959290
196,273,#9f9d9d
197,273,#c8cac8
198,273,#d7d5df
259,273,#3d3541
260,273,#dccbc2
261,273,#dacdc4
262,273,#45404c
263,273,#c7c2c1
264,273,#ded7c2
265,273,#b9af9c
266,273,#a29587
267,273,#ccbfb2
268,273,#cdc1b3
269,273,#c9bdaf
270,273,#c5bcaa
271,273,#c6baaf
272,273,#cab9a5
273,273,#b5b2a4
274,273,#728693
276,273,#d4d1d3
277,273,#cec4bb
278,273,#c3beb5
279,273,#c9c5ba
280,273,#cfd0c9
281,273,#c0b7ae
282,273,#c4bcb1
283,273,#cbc6ba
284,273,#c4baae
285,273,#cdc9c0
286,273,#d0cdc6
287,273,#d9d8d1
288,273,#d4d1cb
289,273,#f3e9e0
290,273,#d6d1c7
291,273,#c8c1b7
292,273,#cbc1b5
293,273,#ccc5bd
294,273,#c4bab0
295,273,#baac9c
296,273,#b0a091
297,273,#bcb09d
298,273,#bdae9b
299,273,#bbae9d
300,273,#b6aca0
301,273,#bcb3aa
302,273,#c8bfb7
303,273,#d1c8c0
304,273,#c5bdb2
305,273,#c3bfb6
306,273,#beb9b5
307,273,#aaa7a1
308,273,#bbb7b3
309,273,#c6c1bd
310,273,#c8c4bb
311,273,#c6c2b9
312,273,#c7c0b7
313,273,#bdb4ab
314,273,#c8beb5
315,273,#c7c3ba
316,273,#ccc5bd
317,273,#cec9c0
318,273,#cdc9c0
319,273,#d6d2c9
320,273,#c6c2b9
321,273,#c4bbb2
322,273,#d7cdc0
323,273,#d2c6b8
324,273,#cabeb1
325,273,#c9c0b0
326,273,#d0c4b5
327,273,#e1d5c8
328,273,#e5d9cd
329,273,#dcd1c5
330,273,#cfc5b9
331,273,#dacec2
332,273,#dcd1c5
333,273,#d8ccc0
334,273,#dbcdc2
335,273,#ded1c1
336,273,#dacabb
337,273,#e0cfbc
338,273,#d6c4b1
339,273,#d5c2b0
340,273,#d4c2a9
341,273,#dbc4ab
342,273,#ddc8b0
343,273,#dfc7ac
344,273,#dcc6ae
345,273,#d6c2aa
346,273,#d2c0aa
347,273,#dbcbb8
348,273,#d6c6b6
349,273,#ccbcac
350,273,#d8cbba
351,273,#d6cabc
352,273,#a59b93
353,273,#bab2a5
354,273,#aba7a2
355,273,#b9b1a6
356,273,#c0bcb3
357,273,#bcb9b2
358,273,#bcb9b4
359,273,#a3a2a0
360,273,#bcbdb8
361,273,#c1c3c2
362,273,#c0c4c6
363,273,#b2babd
364,273,#bfc5c5
365,273,#c4c8cb
366,273,#cccccc
367,273,#c1c5c2
368,273,#c8c9cd
369,273,#cbcdcd
370,273,#c4c5c1
371,273,#c6c5c3
372,273,#cdcac5
373,273,#c3c2be
374,273,#c6c1bc
375,273,#b4b3ae
376,273,#c0bcb9
377,273,#c4bdb5
378,273,#c0bbb8
379,273,#bdbcb7
380,273,#bfbbb5
381,273,#bdb8b2
382,273,#c1bab2
383,273,#cbc3b8
384,273,#ccc5bb
385,273,#c2b8ae
386,273,#b5aba1
387,273,#968e84
388,273,#b1aaa1
389,273,#b5aea7
390,273,#c5beb3
391,273,#b1aca4
392,273,#a9a69d
393,273,#9e9b94
394,273,#b2afaa
395,273,#acaca4
396,273,#bcb9b2
397,273,#afaba1
398,273,#8f867d
399,273,#b6b2a7
400,273,#9c958f
401,273,#958e88
402,273,#7c7872
403,273,#8b8983
404,273,#868582
405,273,#95928c
406,273,#706f6c
407,273,#737676
408,273,#656a6c
409,273,#80868c
410,273,#222d36
411,273,#777d82
412,273,#242f3b
413,273,#828b90
414,273,#9da2a6
415,273,#888c95
416,273,#9fa4a7
417,273,#999f9e
418,273,#c1c5c6
419,273,#b5b5b9
420,273,#afb0ab
421,273,#a19e99
422,273,#cbccca
423,273,#b7b7b6
424,273,#bbbab9
425,273,#808281
426,273,#878e93
427,273,#c4c9c8
428,273,#b5b5b3
429,273,#b3b2ad
430,273,#bcb9b2
431,273,#b9b5ac
432,273,#d2cbc1
433,273,#e5e3dc
434,273,#9a9997
435,273,#d0cfca
436,273,#d6d3ce
437,273,#dfdcd4
438,273,#d3cfc6
439,273,#e0dcd3
440,273,#cec5bc
441,273,#c7beb5
442,273,#cec6bb
443,273,#c6bdb4
444,273,#cac1b8
445,273,#c8c0b5
446,273,#c2b9b0
447,273,#c4beb3
448,273,#c0b9af
449,273,#c3bcb4
450,273,#b4ada5
451,273,#c0b9b1
452,273,#b7b3ac
453,273,#b9b4ae
454,273,#b9b2ac
455,273,#b3ab9e
456,273,#aca497
457,273,#aaa297
458,273,#ada49b
459,273,#aba29b
460,273,#a5a29b
461,273,#a7a49f
462,273,#a4a09d
463,273,#a29e9b
464,273,#a4a09d
465,273,#a5a49f
466,273,#a3a29d
467,273,#999a95
468,273,#979795
469,273,#a0a0a0
470,273,#9f9f9d
471,273,#90908e
472,273,#98999b
473,273,#929395
474,273,#9e9fa1
475,273,#a7a7a5
476,273,#aeada9
477,273,#b6b3ad
478,273,#b8b5ad
479,273,#bcb8ad
480,273,#bdb7ad
481,273,#cec7bb
482,273,#cac1b6
483,273,#cec6bb
484,273,#d8d0c5
485,273,#e0d4c6
486,273,#e9d9cc
487,273,#f3e6d6
488,273,#f9ecdc
489,273,#efe2d2
490,273,#f8f0e1
491,273,#fff9ed
492,273,#fdf7e8
493,273,#f8efe0
494,273,#fbf2e3
495,273,#f5e9db
496,273,#f9eddf
497,273,#f0e6d7
498,273,#e2d9ca
499,273,#f9f0e1
500,273,#f6eddc
501,273,#f7ebdb
502,273,#ebdece
503,273,#e7daca
504,273,#e6d9c9
505,273,#e0d3c2
506,273,#d9ccbc
507,273,#daccbf
508,273,#d4c6b9
509,273,#d6c8bb
510,273,#cec2b4
511,273,#d0c4b6
512,273,#d4c9b8
513,273,#d4c8b8
514,273,#d5c9bb
515,273,#b7ada1
516,273,#b9afa3
517,273,#9e968b
518,273,#9b9388
519,273,#a0988d
520,273,#a79f94
521,273,#b5aba1
522,273,#a59d92
523,273,#b2aba1
524,273,#b6b1ab
525,273,#b8b5b0
526,273,#c1beb9
527,273,#bfbeb9
528,273,#c1beb9
529,273,#bab5b1
530,273,#c2bfb8
531,273,#ccc9c4
532,273,#c5c2bd
533,273,#c9c5c2
534,273,#d6d3d2
535,273,#c3c2c0
536,273,#b2b1ac
537,273,#c1beb9
538,273,#bebbb6
539,273,#c3c0bb
540,273,#c3c0bb
541,273,#c5c2bd
542,273,#c4c0bd
543,273,#c0bcb9
544,273,#c4c0bd
545,273,#c0bfbb
546,273,#c0bfbb
547,273,#c6c5c1
548,273,#bab9b5
549,273,#bfbeba
550,273,#c7c4bf
551,273,#c3c0bb
552,273,#cdcac3
553,273,#cecbc4
554,273,#cecbc4
555,273,#cdcac5
556,273,#ccc9c4
557,273,#cbcac5
558,273,#c9c5c2
559,273,#cbc6c1
560,273,#cdc6bc
561,273,#d6cec3
562,273,#c6bfb5
563,273,#d9d1c7
564,273,#c9c1b6
565,273,#dfd5c9
566,273,#c5bbb2
567,273,#c9beb7
568,273,#e5e1e0
569,273,#7e736a
570,273,#7f7370
571,273,#22232e
572,273,#bdb7c0
573,273,#585658
574,273,#737076
575,273,#050416
576,273,#0e0f23
72,274,#060717
73,274,#94949d
74,274,#f6f4f7
75,274,#f7f6f7
76,274,#f1f0eb
77,274,#d2d0d0
78,274,#bbb9b8
79,274,#dad9d6
80,274,#c2c1bb
81,274,#c8c7c4
82,274,#bdbdbb
83,274,#ccccca
84,274,#cdceca
85,274,#cfccc6
86,274,#b6b2b1
87,274,#b4b4af
88,274,#c4c3c0
89,274,#c1c1bf
90,274,#a6a6a6
91,274,#e5e5e6
92,274,#e6e7e1
93,274,#bfbfb9
94,274,#b1b0a9
95,274,#c1bfb8
96,274,#b6b4b0
97,274,#bdbbb3
98,274,#c3c1b9
99,274,#afaca7
100,274,#b0afa9
101,274,#aca9a1
102,274,#a5a397
103,274,#c4c3be
104,274,#b6b7b0
105,274,#c0c0be
106,274,#999997
107,274,#b3bbb9
108,274,#a5a5a4
109,274,#bfc1c4
110,274,#a6adb5
111,274,#b0bbc1
112,274,#9babb1
113,274,#8f99a2
114,274,#a2a6a3
115,274,#dadbdf
116,274,#b9bec5
119,274,#ededf3
120,274,#dadbde
121,274,#dddee1
122,274,#94979e
123,274,#09091a
130,274,#8097a5
131,274,#5a656f
132,274,#6d7d84
133,274,#4e5d68
134,274,#3b4c57
135,274,#414c52
136,274,#91928e
137,274,#cebfaf
138,274,#f7eadd
139,274,#dcd4ca
140,274,#d1c9c5
141,274,#b6afa7
142,274,#979495
143,274,#c1bcb7
144,274,#c0bbaa
145,274,#c5bdba
146,274,#7b7675
147,274,#5f6167
148,274,#5b6369
149,274,#bab9b3
150,274,#e1d7cb
151,274,#eee6da
152,274,#efe5d9
153,274,#e5dad4
154,274,#e1d8cf
155,274,#dbd2c6
156,274,#c9bdaf
157,274,#bfb7aa
158,274,#c4baae
159,274,#aea197
160,274,#b0a89d
161,274,#b5aca3
162,274,#b8afa7
163,274,#a9a097
164,274,#aca298
165,274,#e7ded1
166,274,#cac1b8
167,274,#bcafa7
168,274,#a0968a
169,274,#c1b8b0
170,274,#b5afa7
171,274,#b5aea8
172,274,#d8cfcb
173,274,#b4aaa6
174,274,#958b87
175,274,#999694
176,274,#8f8b86
177,274,#c5bdb3
178,274,#b3a9a0
179,274,#ddd6cc
180,274,#c6c1b6
181,274,#b6aea5
182,274,#bbb2a4
183,274,#bdb3a6
184,274,#c4baae
185,274,#e8ddcd
186,274,#b6aa9c
187,274,#e1d8c9
188,274,#f3ece0
189,274,#aca698
190,274,#cdc6bc
191,274,#bebbb2
192,274,#b2b0b3
193,274,#b9b5b6
194,274,#d7d8dd
195,274,#8d9198
196,274,#b3b2b4
197,274,#515460
258,274,#0b0111
259,274,#cabdac
260,274,#cbc6c1
261,274,#cbc3ba
262,274,#cbbfbc
263,274,#c6bab2
264,274,#cabeb0
265,274,#c3b8ac
266,274,#bbb1a6
267,274,#beb2a4
268,274,#beb2a4
269,274,#beb3a1
270,274,#afb1b0
271,274,#cad6df
272,274,#d6d5cf
273,274,#cbc5bb
274,274,#d7d5cb
275,274,#d5d3cb
276,274,#bbb098
277,274,#beb7ab
278,274,#c4c4c1
279,274,#cdc7c5
280,274,#ddd8d2
281,274,#c6beb3
282,274,#cec5bd
283,274,#d1cbc5
284,274,#bfb7b4
285,274,#bebab1
286,274,#bcb9b2
287,274,#bbbab4
288,274,#cac9c6
289,274,#bab5af
290,274,#ccc6be
291,274,#c5bcb5
292,274,#c2bbaf
293,274,#bcb2a6
294,274,#bbb1a5
295,274,#bab5ab
296,274,#bab2a7
297,274,#b6afa4
298,274,#c3b6ab
299,274,#c2b8a9
300,274,#ccbfaf
301,274,#c2b6aa
302,274,#c1b7ab
303,274,#c7bbaf
304,274,#c9bbae
305,274,#c5bbad
306,274,#c6bcb2
307,274,#d0c9be
308,274,#d4cbc2
309,274,#d4cac1
310,274,#d0c7be
311,274,#d3cac1
312,274,#cec8bc
313,274,#d0c7be
314,274,#cdc2bc
315,274,#cbc4bc
316,274,#d1c8c1
317,274,#cfc8be
318,274,#cfc8be
319,274,#b2aba1
320,274,#a7a398
321,274,#dbd2cb
322,274,#cec7bc
323,274,#cec4b8
324,274,#cfc1b4
325,274,#d9ccbc
326,274,#dbcbbc
327,274,#ded1c3
328,274,#d5c8b8
329,274,#d5c5b5
330,274,#dccfbf
331,274,#d4c4b5
332,274,#d7cbbb
333,274,#d6c9b9
334,274,#decebf
335,274,#ccbfaf
336,274,#d1c1b2
337,274,#dbcebc
338,274,#dfd0bb
339,274,#deccb6
340,274,#dac8b2
341,274,#ddc8b3
342,274,#dbc9b1
343,274,#d9c3ae
344,274,#dcc8b0
345,274,#d6c2aa
346,274,#d7c5af
347,274,#cdbca8
348,274,#d0bfad
349,274,#cbbaa8
350,274,#cdbeab
351,274,#c9bcab
352,274,#c4b7a5
353,274,#cac1b8
354,274,#c2b8ad
355,274,#b8b1a7
356,274,#bcb5ab
357,274,#c2b9b0
358,274,#bbb7ae
359,274,#b9b8b3
360,274,#b9b8b3
361,274,#bfbfbd
362,274,#bdbdbd
363,274,#bfc4c8
364,274,#c0c5c9
365,274,#c0c8ce
366,274,#babfc2
367,274,#c3c8cc
368,274,#c6c9d0
369,274,#c6cacb
370,274,#c2c5c9
371,274,#c5c4c7
372,274,#bfbeba
373,274,#c5c6c4
374,274,#c2bfba
375,274,#cac9c4
376,274,#bfbbb8
377,274,#bfc0b8
378,274,#b3b3b1
379,274,#b9b8b4
380,274,#a9a9a7
381,274,#aaaba5
382,274,#bdbab3
383,274,#cbc1b8
384,274,#aea8a0
385,274,#b9b5ac
386,274,#b3afa6
387,274,#8e8c88
388,274,#a6a5a1
389,274,#acaba9
390,274,#7e7e7c
391,274,#999893
392,274,#888782
393,274,#969590
394,274,#8c8b86
395,274,#a09f9a
396,274,#95948f
397,274,#a3a098
398,274,#aea79f
399,274,#b6b3aa
400,274,#a6a29a
401,274,#827d76
402,274,#9f9a93
403,274,#9e9891
404,274,#a09990
405,274,#8f8c85
406,274,#98948e
407,274,#7b7d7a
408,274,#949693
409,274,#929292
410,274,#898b89
411,274,#9e9a96
412,274,#a4a9aa
413,274,#a5a39d
414,274,#898c8d
415,274,#acb0b2
416,274,#868a8c
417,274,#626265
418,274,#878787
419,274,#9fa09c
420,274,#a1a39e
421,274,#9e9d99
422,274,#aeb0b0
423,274,#a2a6a8
424,274,#8f949c
425,274,#787a78
426,274,#b2b2b1
427,274,#adb5b6
428,274,#bab7b3
429,274,#8a8984
430,274,#a9a6a1
431,274,#c9c4be
432,274,#c1bdb4
433,274,#cec9c3
434,274,#d9d2cc
435,274,#d9d5cc
436,274,#d0c9c1
437,274,#cfc5bf
438,274,#b0aca3
439,274,#d9d0c9
440,274,#c8bfb6
441,274,#cdc4bb
442,274,#c4bcb0
443,274,#c5bdb2
444,274,#c3bbb0
445,274,#c0b8ad
446,274,#c4bbb6
447,274,#c1bcb1
448,274,#b6b2a9
449,274,#bdb8b2
450,274,#b8b1ab
451,274,#b8b1ab
452,274,#afaba4
453,274,#ada8a2
454,274,#b1aaa4
455,274,#b1aaa2
456,274,#ada69e
457,274,#b0a79e
458,274,#b0a7a0
459,274,#a59c95
460,274,#9f9c95
461,274,#a5a29d
462,274,#a29e9b
463,274,#a4a09d
464,274,#a29e9b
465,274,#a5a29b
466,274,#a19e97
467,274,#a29f98
468,274,#9c9994
469,274,#9b9794
470,274,#989793
471,274,#9e9d99
472,274,#a8a59f
473,274,#a4a19b
474,274,#a3a09a
475,274,#aea9a3
476,274,#bfb6ae
477,274,#cfc4b6
478,274,#d4c6b7
479,274,#dfd0c1
480,274,#dccebf
481,274,#d6c8b9
482,274,#cbc2b3
483,274,#c3b9ad
484,274,#c4b7ae
485,274,#c9bfb3
486,274,#d4c6bb
487,274,#ebdfd1
488,274,#dcd0c2
489,274,#ede1d3
490,274,#f4e9d7
491,274,#e6daca
492,274,#e5dccb
493,274,#f5ecdb
494,274,#f5ecdb
495,274,#fdf7e7
496,274,#fbf1e3
497,274,#fcf2e6
498,274,#f5ebdf
499,274,#f3e9dd
500,274,#dfd6c7
501,274,#f1e5d7
502,274,#ecded1
503,274,#ddd1c3
504,274,#dbd2c3
505,274,#ccc0b0
506,274,#c8bcae
507,274,#c3b7ab
508,274,#bbafa3
509,274,#aca094
510,274,#a4988c
511,274,#a99d91
512,274,#a89e92
513,274,#9b9185
514,274,#988e84
515,274,#aba398
516,274,#9f978c
517,274,#a29c90
518,274,#a49c91
519,274,#b2a89e
520,274,#aca296
521,274,#b2a69a
522,274,#b3a99d
523,274,#b0a89d
524,274,#8b847c
525,274,#817c76
526,274,#c0bbb5
527,274,#c9c6c1
528,274,#c7c2be
529,274,#c5c0bc
530,274,#ccc9c2
531,274,#c7c2bc
532,274,#b8b4ab
533,274,#bab3ab
534,274,#d0c7c0
535,274,#cecac0
536,274,#d5d2cb
537,274,#c0bdb8
538,274,#cdcac5
539,274,#c3c0bb
540,274,#c7c4bf
541,274,#c6c3be
542,274,#bfbbb8
543,274,#c1bdba
544,274,#c0bcb9
545,274,#bfbebc
546,274,#c6c5c3
547,274,#b8b7b3
548,274,#c6c5c1
549,274,#c1c0bc
550,274,#c0bfba
551,274,#cbcac5
552,274,#b7b6b4
553,274,#d1d0ce
554,274,#bcbbb9
555,274,#bebebc
556,274,#bdbdbb
557,274,#bcbcba
558,274,#b7b7b7
559,274,#c9c8c4
560,274,#a6a6a4
561,274,#afaba7
562,274,#bcbbba
563,274,#b8b6b3
564,274,#bdb8b2
565,274,#babbb7
566,274,#c1bdb9
567,274,#d6d9d3
568,274,#e4e0db
569,274,#b5b5bb
570,274,#3e404b
571,274,#6c6666
572,274,#65656c
62,275,#595769
63,275,#c8caca
64,275,#191829
65,275,#080718
66,275,#75747b
67,275,#e3e1e2
68,275,#eae8e9
69,275,#c1bfc0
70,275,#b6b5b3
71,275,#868a8f
72,275,#b7b3ad
73,275,#928985
74,275,#f5f0ec
75,275,#837e7a
76,275,#a39f9c
77,275,#f6f4ec
78,275,#b7b1ab
79,275,#beb6ad
80,275,#b4b0a7
81,275,#bab6b4
82,275,#6b6c6b
83,275,#c9c9c9
84,275,#d0cecf
85,275,#bdbeb9
86,275,#b5b4b0
87,275,#b1b0ab
88,275,#a7a6a1
89,275,#bcbcb8
90,275,#bbbab5
91,275,#afaca7
92,275,#b2ada6
93,275,#ccc5bd
94,275,#9c938c
95,275,#bfbeb6
96,275,#a19a94
97,275,#aaa59f
98,275,#b0aba5
99,275,#a29d97
100,275,#93908b
101,275,#96938e
102,275,#9a9792
103,275,#c1c0bd
104,275,#c7c7c5
105,275,#b3b5b4
106,275,#d1d3d7
107,275,#c0c1c5
108,275,#c1c1c2
109,275,#ababac
110,275,#a2a2a0
111,275,#a8a8a8
112,275,#a0a4a4
113,275,#a5a6aa
114,275,#bdbdbb
115,275,#727272
116,275,#bdbdbd
117,275,#ccccca
118,275,#b1b1b1
119,275,#a3a6a9
120,275,#8d9495
121,275,#898f95
122,275,#8b9396
123,275,#b6bbbf
124,275,#a5a9aa
125,275,#afb2b9
126,275,#c8ccd1
127,275,#e5e7e3
128,275,#c0c0c6
129,275,#cad4d9
130,275,#b6c4ce
131,275,#8b98a4
132,275,#8b9cac
135,275,#848d94
136,275,#a8b1b8
137,275,#a9a6a5
138,275,#9d9a91
139,275,#bbb7b1
140,275,#b0aca3
141,275,#bfbbb2
142,275,#beb7af
143,275,#c3beb2
144,275,#ded3c8
145,275,#d2ccc0
146,275,#c7beb5
147,275,#c8c1b6
148,275,#afada8
149,275,#cfd1d6
150,275,#cccac6
151,275,#c9c6c1
152,275,#c9c2b7
153,275,#dfd6cd
154,275,#ddd3ca
155,275,#ded5cc
156,275,#d1c8bf
157,275,#d5cec6
158,275,#cac3bb
159,275,#b3aca3
160,275,#c7c3bb
161,275,#bfbcb7
162,275,#b9b6b1
163,275,#b8b5b0
164,275,#9a9792
165,275,#b0ada6
166,275,#b9b9b7
167,275,#bdbab5
168,275,#b8b3ad
169,275,#a8a199
170,275,#81786f
171,275,#928981
172,275,#a49f95
173,275,#9a968d
174,275,#675a4f
175,275,#8b7f71
176,275,#827970
177,275,#655b58
178,275,#d4cccc
179,275,#b6b2b7
180,275,#bbb8b0
181,275,#a1a09f
182,275,#d7d5c9
183,275,#bcbab0
184,275,#b7b4b5
185,275,#b0b0ab
186,275,#b5b1aa
187,275,#d1cbc6
188,275,#9e9a92
189,275,#b5afa3
190,275,#bfbcb9
191,275,#918f90
192,275,#b4b7bf
193,275,#6b6f7a
194,275,#646a73
195,275,#c5c7c6
196,275,#ccc7c1
197,275,#c7c2b9
198,275,#c3c0ba
199,275,#cdccca
200,275,#9c9da6
257,275,#09061c
258,275,#626163
259,275,#d3d1c5
260,275,#e7e5dc
261,275,#b0aba2
262,275,#b7b2a8
263,275,#d1cac2
264,275,#c0b7b1
265,275,#bab4a8
266,275,#bab2a9
267,275,#a79e97
268,275,#5d5655
269,275,#c9cace
270,275,#acb1b0
271,275,#b8b8b6
272,275,#bbbab5
273,275,#b6b6ad
274,275,#babab4
275,275,#b2b3b1
276,275,#a9abae
277,275,#c8c9c2
278,275,#cbcccb
279,275,#cdd1d1
280,275,#bcb4a9
281,275,#b4afa9
282,275,#bcbdc0
283,275,#bfbdbc
284,275,#ada79e
285,275,#c4c1b9
286,275,#b5b5b0
287,275,#b9b5af
288,275,#b1aca4
289,275,#bdbab5
290,275,#c1beb7
291,275,#b4afa9
292,275,#c1b8ad
293,275,#bfb6a5
294,275,#b6aa9e
295,275,#c0b4a4
296,275,#aaa197
297,275,#a19a90
298,275,#b5aea4
299,275,#b2aba1
300,275,#bbb3a8
301,275,#c0b8ad
302,275,#c2baaf
303,275,#c7bdb4
304,275,#c2b8ac
305,275,#beb4a8
306,275,#c1b7ab
307,275,#c2b9ab
308,275,#cfc5b9
309,275,#ccc2b8
310,275,#c3bdb1
311,275,#cbc2b9
312,275,#bfb8ae
313,275,#c7c0b6
314,275,#d1cac2
315,275,#c4bbb2
316,275,#c9c2ba
317,275,#bcb5ab
318,275,#aba49c
319,275,#c4bdb5
320,275,#ccc5bb
321,275,#beb7ad
322,275,#c5bdb1
323,275,#d6cdc4
324,275,#bbb3a8
325,275,#e1d7cb
326,275,#ded2c6
327,275,#ded4c8
328,275,#ddd3c7
329,275,#dfd5c9
330,275,#dcd0c2
331,275,#d9ccbd
332,275,#d9c9b9
333,275,#d2c2b2
334,275,#dacaba
335,275,#cfc2b1
336,275,#d2c5b4
337,275,#d4c7b7
338,275,#c5b39f
339,275,#c1b09e
340,275,#c2b2a2
341,275,#e2d1c1
342,275,#dccbb7
343,275,#d8c6b2
344,275,#d9c4b1
345,275,#d2c0ac
346,275,#d4c2ae
347,275,#cdbda9
348,275,#cdbbab
349,275,#cdbaac
350,275,#c5b8a8
351,275,#cabdad
352,275,#c3baab
353,275,#c2baad
354,275,#c4bcb1
355,275,#bab1a8
356,275,#bcb5ab
357,275,#b4b2ac
358,275,#b4b3af
359,275,#b1afae
360,275,#abacae
361,275,#abafb2
362,275,#a9aeb1
363,275,#aaaeb1
364,275,#adaeb2
365,275,#c2c7c7
366,275,#c7c8c8
367,275,#bdc4c7
368,275,#c8cccd
369,275,#d0cfcc
370,275,#cecece
371,275,#cbcbc9
372,275,#bfbfbd
373,275,#b7b7b5
374,275,#b3b3b1
375,275,#b8b7b5
376,275,#b9b8b4
377,275,#b9bab9
378,275,#c0c0c0
379,275,#9e9d9b
380,275,#afb1b0
381,275,#a5a5a5
382,275,#bdb9b0
383,275,#a29f98
384,275,#b7b6b2
385,275,#bdb9b6
386,275,#afaba8
387,275,#a5a5a3
388,275,#acacaa
389,275,#868581
390,275,#9d9c97
391,275,#8e8d88
392,275,#918e89
393,275,#706f6b
394,275,#696967
395,275,#8c8984
396,275,#88837f
397,275,#8e8b84
398,275,#afaaa4
399,275,#99948e
400,275,#9b978e
401,275,#8d8980
402,275,#74716a
403,275,#a59e94
404,275,#999591
405,275,#8d8d89
406,275,#908f8c
407,275,#8d8a85
408,275,#918e89
409,275,#95928d
410,275,#97948f
411,275,#a5a4a0
412,275,#9b9c96
413,275,#959593
414,275,#b2b2b0
415,275,#b2b4b3
416,275,#797979
417,275,#898b88
418,275,#949391
419,275,#9b9d9b
420,275,#a7a69f
421,275,#7f7d7e
422,275,#acaaa5
423,275,#949390
424,275,#a9a8a7
425,275,#a1a2a6
426,275,#7b8188
427,275,#aeada9
428,275,#a9a8a3
429,275,#b5b2ae
430,275,#aaa79e
431,275,#b5b2ad
432,275,#cdccc4
433,275,#e1ded7
434,275,#bab5af
435,275,#cbc4ba
436,275,#c9c2b8
437,275,#cac3bb
438,275,#c1beb7
439,275,#c2bab2
440,275,#b9b3ab
441,275,#bdb3a9
442,275,#bbb3a5
443,275,#c0b6ac
444,275,#bdb4ad
445,275,#b4aea2
446,275,#b4afa9
447,275,#bfb8ae
448,275,#b2aba3
449,275,#b3aca4
450,275,#b4b1ac
451,275,#b4afa9
452,275,#b4b0a7
453,275,#b5b0ac
454,275,#b2aba5
455,275,#aea79d
456,275,#aba299
457,275,#aea79f
458,275,#a7a096
459,275,#9f988e
460,275,#a09c93
461,275,#9f9a94
462,275,#9b9b96
463,275,#9a9994
464,275,#9e9b96
465,275,#9b9692
466,275,#95908a
467,275,#9b9690
468,275,#9a958f
469,275,#b0aba5
470,275,#b5b1a8
471,275,#aca8a0
472,275,#aba99e
473,275,#bcb2a8
474,275,#c3b6a6
475,275,#d1c4b4
476,275,#dacaba
477,275,#dac9b7
478,275,#d9c8b6
479,275,#e5d4c4
480,275,#efe0cd
481,275,#e9dac7
482,275,#eaddcc
483,275,#faead6
484,275,#f8e8d8
485,275,#f5e9d9
486,275,#f4e9d9
487,275,#f4e7d4
488,275,#f2e5d5
489,275,#fbede2
490,275,#f7eadd
491,275,#fbefe1
492,275,#fbf3e4
493,275,#f2e9da
494,275,#f7ecde
495,275,#f0e4d8
496,275,#efe3d7
497,275,#f1e8d8
498,275,#f6eedf
499,275,#fbf1e7
500,275,#e7dfd2
501,275,#e2d6ca
502,275,#c9bbae
503,275,#cdbfb2
504,275,#cabcaf
505,275,#d1c5b5
506,275,#c9bdaf
507,275,#cbc2b2
508,275,#beb5a6
509,275,#c5bbaf
510,275,#b3aa9c
511,275,#aea498
512,275,#bab1a5
513,275,#b3aba0
514,275,#bbb4aa
515,275,#bab2a7
516,275,#bcb0a7
517,275,#bdb5aa
518,275,#bdb5aa
519,275,#bfb7ac
520,275,#b6aea3
521,275,#bbb3a8
522,275,#b3ab9f
523,275,#bbb3a8
524,275,#cbc2b9
525,275,#bdb4ad
526,275,#a69f97
527,275,#b5b1a8
528,275,#d2cec5
529,275,#dad6cd
530,275,#cbc2b9
531,275,#c5beb6
532,275,#b9b5ac
533,275,#cec9c3
534,275,#b6b1ad
535,275,#c1beb9
536,275,#bdbab5
537,275,#b3b2ad
538,275,#cac7c2
539,275,#c6c1bd
540,275,#bdb9b6
541,275,#c0bcb9
542,275,#cbc7c4
543,275,#c4c0bd
544,275,#b6b2af
545,275,#c7c3c0
546,275,#cbc7c4
547,275,#b7b7b0
548,275,#c1c0bb
549,275,#c4c3bf
550,275,#c2c1bc
551,275,#b8b7b5
552,275,#aeaeac
553,275,#bebebc
554,275,#bdbdbd
555,275,#bfc5c5
556,275,#a3a5a4
557,275,#b8bec2
558,275,#a9aaa9
559,275,#a2a3a3
560,275,#b0b4b5
561,275,#95999c
562,275,#bdbec4
563,275,#bec4c0
564,275,#aaabb0
565,275,#d2d6da
566,275,#a7a7ad
567,275,#6f7b8c
568,275,#737b8a
569,275,#6c7383
570,275,#797d7f
571,275,#6f6d69
572,275,#868497
53,276,#4b4a5c
54,276,#d2ced0
55,276,#d4d3cf
56,276,#acaba5
57,276,#bebdb9
58,276,#d6d5d0
59,276,#dad9d3
60,276,#fffffc
61,276,#f9f9f7
62,276,#cccac1
63,276,#ada9a7
64,276,#c8c7c0
65,276,#acaaae
66,276,#afabaf
67,276,#cfcfcb
68,276,#d1cec8
69,276,#c2b9b0
70,276,#e0d9d3
71,276,#d3ccc6
72,276,#b1b0aa
73,276,#706a68
74,276,#37332f
75,276,#847e78
76,276,#e6e2df
77,276,#d5d0ca
78,276,#e5e1e0
79,276,#afafad
80,276,#ddd3c6
81,276,#c1b9ae
82,276,#9f9a93
83,276,#b0ada8
84,276,#c6c3c0
85,276,#9f9b99
86,276,#e7e3dd
87,276,#bab4a8
88,276,#e3e0d7
89,276,#d0cdc8
90,276,#a4a39f
91,276,#dbd7d4
92,276,#c7c6c2
93,276,#ceccc8
94,276,#bcb8b5
95,276,#b8b5ac
96,276,#a5a09c
97,276,#949491
98,276,#a9a9a7
99,276,#969694
100,276,#9b9a97
101,276,#9f9e9b
102,276,#b1b0b0
103,276,#919295
104,276,#b5babf
105,276,#3f4a4e
106,276,#4e5660
107,276,#8e969c
108,276,#8c949b
109,276,#959ba1
110,276,#bcbfc2
111,276,#969493
112,276,#b6b1a5
113,276,#a59f99
114,276,#aca7a4
115,276,#dedbd6
116,276,#b6b3ae
117,276,#b1b1a9
118,276,#c9c6c0
119,276,#c1beb9
120,276,#b1afac
121,276,#a6a4a4
122,276,#b3b3b5
123,276,#a3a5a6
124,276,#a9adae
125,276,#bcbcbc
126,276,#cecfce
127,276,#bbbbb9
128,276,#cbcbc9
129,276,#ccc9c7
130,276,#bab4b1
131,276,#b5b2ad
132,276,#afaa9a
133,276,#b5b1a3
134,276,#97948e
135,276,#a8a59e
136,276,#a09b93
137,276,#a09c98
138,276,#a6a197
139,276,#a49b93
140,276,#aaa59e
141,276,#8d8981
142,276,#a39b93
143,276,#b3b1ae
144,276,#b1b0ab
145,276,#b4b1aa
146,276,#c4c0b7
147,276,#bcb8ad
148,276,#c2bbb1
149,276,#c6beb4
150,276,#cbc2b9
151,276,#c2baaf
152,276,#d0c6ba
153,276,#c1b7ad
154,276,#c6bdb4
155,276,#d7d0c6
156,276,#e0d9d1
157,276,#c9c7c2
158,276,#c4c3bf
159,276,#c0bfbd
160,276,#c6c5c3
161,276,#b6b7b2
162,276,#a8a8a6
163,276,#b9b9b7
164,276,#bfbfbd
165,276,#b9bab5
166,276,#b1b0ac
167,276,#afafad
168,276,#a2a2a0
169,276,#a6a6a5
170,276,#8b867e
171,276,#afa99f
172,276,#c1b9ad
173,276,#a09c95
174,276,#b1aba5
175,276,#b6b2a6
176,276,#a19d99
177,276,#909091
178,276,#7e7978
179,276,#998f8d
180,276,#9d968e
181,276,#b8b5ac
182,276,#7b797a
183,276,#9b978f
184,276,#d8d2c5
185,276,#c2bfbe
186,276,#a29fa1
187,276,#eae6de
188,276,#d8d5cd
189,276,#faf9f5
190,276,#8f8f8d
191,276,#a9a8a6
192,276,#a8a5a1
193,276,#c0bbb6
194,276,#c3bbb2
195,276,#aeadab
196,276,#a8a6a3
197,276,#a1a5a4
198,276,#a8aaa8
199,276,#adaca9
200,276,#a0a09a
201,276,#b8b7b3
202,276,#b5b5b0
203,276,#b1afae
204,276,#afacb0
205,276,#2a2938
206,276,#1a192d
255,276,#04081a
256,276,#bbc1bd
257,276,#969fa5
258,276,#7f818a
259,276,#3d3c4a
260,276,#32373b
261,276,#37393e
262,276,#888988
263,276,#6a6d6e
264,276,#a7abb1
265,276,#aaadb2
266,276,#acadaf
267,276,#adb3b5
268,276,#b0b1b4
269,276,#b4b6b7
270,276,#b4b4b0
271,276,#a9a9a8
272,276,#acacb0
273,276,#b1b5b6
274,276,#acb4bb
275,276,#bec8ca
276,276,#c8d0d9
277,276,#b4bdc0
278,276,#b9c3c5
279,276,#bdc4ca
280,276,#a7a6a3
281,276,#b8b7b2
282,276,#b1b2ab
283,276,#acafae
284,276,#aeada9
285,276,#9e9a94
286,276,#ababab
287,276,#abadac
288,276,#c9c6c1
289,276,#c7c4bf
290,276,#b8b5ae
291,276,#e5e0da
292,276,#d2cbc3
293,276,#c3bcb0
294,276,#cdc4bd
295,276,#b6a9a0
296,276,#beb4a8
297,276,#bcb2a8
298,276,#bbb1a7
299,276,#bbb1a7
300,276,#b9afa6
301,276,#bbb1a8
302,276,#b8b1a7
303,276,#c3bab3
304,276,#bab0a6
305,276,#c9c1b6
306,276,#c4bcb1
307,276,#bcb7ac
308,276,#b7b3a8
309,276,#cbc7be
310,276,#c7c0b6
311,276,#beb7af
312,276,#b7b0a6
313,276,#c4bdb3
314,276,#beb7af
315,276,#c7c0b6
316,276,#bfb8b0
317,276,#c7c3ba
318,276,#b9b4ae
319,276,#c7c2bc
320,276,#bcb8ae
321,276,#a6a298
322,276,#afa89e
323,276,#bdb6b0
324,276,#d4cdc4
325,276,#d4cdc5
326,276,#cdc2bc
327,276,#c0b7ae
328,276,#c4bbb2
329,276,#ccc3ba
330,276,#d0ccc3
331,276,#a59e94
332,276,#ccc2b6
333,276,#c2b7ab
334,276,#e6dbcf
335,276,#d9cdc1
336,276,#d8ccc0
337,276,#beb2a5
338,276,#cebdae
339,276,#d6c7b7
340,276,#d8cbbb
341,276,#c5b5a6
342,276,#d5c4b4
343,276,#d4c3b3
344,276,#dcccbc
345,276,#d7c6b7
346,276,#d6c5b6
347,276,#d1c0af
348,276,#cebeae
349,276,#c8bbab
350,276,#c6bcb1
351,276,#c4baaf
352,276,#beb6ab
353,276,#c2b9af
354,276,#c0b7af
355,276,#b9b5ac
356,276,#b5b2ab
357,276,#aaa69f
358,276,#a2a19c
359,276,#a2a6a4
360,276,#979b9c
361,276,#96999a
362,276,#919391
363,276,#9e9e9d
364,276,#989696
365,276,#a5a4a0
366,276,#aeaaa7
367,276,#c9c9c7
368,276,#cdcfce
369,276,#b5b7b9
370,276,#b4b5b7
371,276,#b7b8ba
372,276,#b8bab9
373,276,#adafae
374,276,#b6b8b7
375,276,#b0b4b3
376,276,#b1b5b6
377,276,#babec1
378,276,#bec2c3
379,276,#babcbb
380,276,#bdbdbd
381,276,#b5b4b2
382,276,#b5b6b1
383,276,#afafad
384,276,#b6b6b4
385,276,#aaa6a3
386,276,#9e9a97
387,276,#92918d
388,276,#a6a39e
389,276,#928d87
390,276,#888580
391,276,#84817c
392,276,#7e7973
393,276,#746f69
394,276,#908b85
395,276,#7e7b74
396,276,#817c76
397,276,#868279
398,276,#a29b93
399,276,#99928a
400,276,#938c82
401,276,#8f887e
402,276,#918c81
403,276,#a09c93
404,276,#a39f96
405,276,#9d9990
406,276,#aeaaa1
407,276,#a3a09b
408,276,#a19e99
409,276,#aeaba6
410,276,#9a9792
411,276,#9d9c98
412,276,#9c9e99
413,276,#9d9ea0
414,276,#b2b3b5
415,276,#b2b4b1
416,276,#929493
417,276,#a4a6a1
418,276,#b5b2ad
419,276,#bab7b0
420,276,#bfbcb5
421,276,#aca8a5
422,276,#adadaa
423,276,#7c7d7c
424,276,#cdcece
425,276,#a5a4a0
426,276,#a2a6a7
427,276,#b2b7b7
428,276,#a4a9a9
429,276,#c1c4c5
430,276,#c0c2be
431,276,#cac6c5
432,276,#c7c4bd
433,276,#b6b1ab
434,276,#c2bbb5
435,276,#cec7bf
436,276,#c1bab2
437,276,#afa89f
438,276,#c3c1c2
439,276,#9a9995
440,276,#92918c
441,276,#afa8a1
442,276,#b4afa8
443,276,#b4b0a7
444,276,#b6ada4
445,276,#b7b0a8
446,276,#b0aba5
447,276,#ada9a0
448,276,#b1aca6
449,276,#b1aca6
450,276,#a5a29b
451,276,#afaca7
452,276,#9fa09a
453,276,#a3a2a0
454,276,#a29e9a
455,276,#aca9a4
456,276,#aca7a1
457,276,#a7a398
458,276,#a29e95
459,276,#9c9793
460,276,#96918b
461,276,#9c9791
462,276,#918e85
463,276,#99968f
464,276,#96938e
465,276,#868581
466,276,#8b8883
467,276,#94928e
468,276,#878682
469,276,#969591
470,276,#a29f98
471,276,#a19d9a
472,276,#adaaa1
473,276,#b4aca1
474,276,#bdb3a7
475,276,#c8bcac
476,276,#ccbfae
477,276,#c9baa8
478,276,#cfbfaf
479,276,#cdbdae
480,276,#d4c4b5
481,276,#d8c8b9
482,276,#d6caba
483,276,#dfd0bd
484,276,#e0d3c2
485,276,#e8d7c6
486,276,#e9d8c7
487,276,#f0dfcc
488,276,#f3e2d0
489,276,#f9e8d7
490,276,#f7efde
491,276,#dbd2c1
492,276,#e9e0d1
493,276,#e1d8c9
494,276,#e5d9cb
495,276,#dbcfc3
496,276,#ebdfd3
497,276,#d4c8b9
498,276,#cec2b4
499,276,#cfc3b5
500,276,#d2c5b4
501,276,#dfcfbf
502,276,#e8dacd
503,276,#e5d7ca
504,276,#cfc1b4
505,276,#d2c7b5
506,276,#d4c8b8
507,276,#c3baab
508,276,#cac0b4
509,276,#c2b8ae
510,276,#bbb4ae
511,276,#bcb5af
512,276,#bbb6ae
513,276,#b7b2ac
514,276,#b8b5b0
515,276,#bbb8b1
516,276,#bcb9b2
517,276,#bcb5af
518,276,#b2aba5
519,276,#b8b1ab
520,276,#bfb8b0
521,276,#c1bab2
522,276,#c5c1b6
523,276,#c8c1b7
524,276,#c4bbb2
525,276,#ccc3ba
526,276,#c9c2ba
527,276,#bdb8b2
528,276,#cdc8c2
529,276,#bdb8b2
530,276,#bdb9af
531,276,#bbb8b3
532,276,#bcb9b3
533,276,#9d9a95
534,276,#bcb8b5
535,276,#c1c0bc
536,276,#d0cfcb
537,276,#b0b0ac
538,276,#a6a5a1
539,276,#a7a3a0
540,276,#bbb7b4
541,276,#bbb7b4
542,276,#bebbb6
543,276,#cbc8c3
544,276,#b5b2ad
545,276,#b8b4b1
546,276,#c4c0bd
547,276,#bebdb8
548,276,#b0afab
549,276,#b7b6b4
550,276,#b5b5b3
551,276,#babab8
552,276,#afb0b2
553,276,#a3a4a6
554,276,#b6b7b9
555,276,#aaaeaf
556,276,#969a9d
557,276,#a7a9a6
558,276,#9fa2a7
559,276,#a6a8b5
560,276,#8f979a
561,276,#a3a7a8
562,276,#a8a9a3
563,276,#717482
564,276,#abb0b8
565,276,#cacbd1
566,276,#484f52
567,276,#c9d0d6
568,276,#b0b6b9
569,276,#969ca3
570,276,#bbbbc2
49,277,#c9c6c8
50,277,#c0bebf
51,277,#bfbdbb
52,277,#a5a299
53,277,#d3ccbc
54,277,#b5afa8
55,277,#dcd8d1
56,277,#d5cfca
57,277,#c2c2c1
58,277,#838485
59,277,#d0d0d0
60,277,#d9d8d6
61,277,#eae9e8
62,277,#d1d0d0
63,277,#d7d6d3
64,277,#d4d3d0
65,277,#b1b0ab
66,277,#b5b4af
67,277,#9e9e97
68,277,#b2b1ac
69,277,#b9b8b4
70,277,#c5c6be
71,277,#ada9a0
72,277,#b9b4a8
73,277,#c6beb2
74,277,#b3a899
75,277,#c8c1b5
76,277,#d3c9bc
77,277,#ded2c4
78,277,#e0d4c6
79,277,#ddd1c2
80,277,#dacec0
81,277,#d5cbbf
82,277,#c2bbb3
83,277,#e0d9d1
84,277,#d9d4ce
85,277,#d6d2cb
86,277,#c8c4bb
87,277,#d0ccc1
88,277,#a7a9a8
89,277,#9ea4a9
90,277,#c9ced2
91,277,#a6aaab
92,277,#aeb2b3
93,277,#7a7c7b
94,277,#bbbdba
95,277,#a4a4a2
96,277,#a3a3a1
97,277,#b7b9b5
98,277,#c3c4c7
99,277,#a4a6a5
100,277,#9a9fa2
101,277,#9a9fa2
102,277,#b8c0c3
103,277,#b5b7ba
104,277,#c0c1c4
105,277,#9da0a2
106,277,#9fa0a2
107,277,#bcbebd
108,277,#b4b4b2
109,277,#c8c7c3
110,277,#bfbdb1
111,277,#d1cabf
112,277,#9a9284
113,277,#9b8e7d
114,277,#a29889
115,277,#cec8c0
116,277,#cecbc3
117,277,#cfcdc9
118,277,#b9b7b3
119,277,#a5a39e
120,277,#c5bfbb
121,277,#bcb7b1
122,277,#aaa199
123,277,#aca49b
124,277,#aca499
125,277,#aca196
126,277,#a3978c
127,277,#b9ad9d
128,277,#b2a693
129,277,#b3a490
130,277,#b5ac9d
131,277,#c5bbac
132,277,#c5bdb1
133,277,#c0b8ad
134,277,#c9c3bb
135,277,#cecac0
136,277,#ded9cf
137,277,#cac4b9
138,277,#c2beb6
139,277,#b8b7b2
140,277,#d3d0c8
141,277,#e0dbd8
142,277,#a4a49b
143,277,#696868
144,277,#a8a49d
145,277,#a29e96
146,277,#aea69e
147,277,#b2afa5
148,277,#bdb9b0
149,277,#c9c0b9
150,277,#bcb3a9
151,277,#b9b0a8
152,277,#ccc5b8
153,277,#bab1a8
154,277,#c9bfb4
155,277,#c3bfb6
156,277,#a5a299
157,277,#b2b2aa
158,277,#a9a69f
159,277,#aca7a3
160,277,#b0ada5
161,277,#afa9a3
162,277,#a5a6a0
163,277,#a3a19d
164,277,#a09a95
165,277,#82817c
166,277,#827f7a
167,277,#a3a39e
168,277,#989897
169,277,#dbdadd
170,277,#d1d6da
171,277,#a2a9ad
172,277,#acb0b2
173,277,#989a9a
174,277,#a8a9a4
175,277,#acada8
176,277,#b2b1af
177,277,#c1beb7
178,277,#aba9a5
179,277,#9c9b9c
180,277,#9b9a97
181,277,#959491
182,277,#c8c8c1
183,277,#989997
184,277,#787c80
185,277,#767a7c
186,277,#7c7f84
187,277,#717980
188,277,#777d84
189,277,#a9a5a5
190,277,#b2aca7
191,277,#9c9690
192,277,#ada59c
193,277,#b0aaa1
194,277,#b4afa7
195,277,#b7b2a8
196,277,#a49d93
197,277,#a39c91
198,277,#c0b9ad
199,277,#beb6ab
200,277,#b3b0a8
201,277,#b9afa6
202,277,#aba79d
203,277,#b7b2aa
204,277,#bebab3
205,277,#b7b2ad
206,277,#aeaaa7
207,277,#afacac
208,277,#918e8e
209,277,#a3a1a2
210,277,#7c847f
211,277,#8b939f
251,277,#293d51
252,277,#5a6a77
253,277,#737e88
254,277,#80858b
255,277,#778188
256,277,#7f8a93
257,277,#869097
258,277,#7f8a91
259,277,#788189
260,277,#6d777f
261,277,#79828a
262,277,#888f92
263,277,#8d9295
264,277,#929699
265,277,#9fa3a4
266,277,#a3a7a9
267,277,#a6a7a8
268,277,#9ea1a4
269,277,#a5acb2
270,277,#a6adb6
271,277,#a8acb3
272,277,#bbc9d3
273,277,#a4b5c1
274,277,#a6a9ad
275,277,#aeb4b7
276,277,#b1b6b9
277,277,#aaafb2
278,277,#a7abac
279,277,#afb1b0
280,277,#a39e98
281,277,#b3b0ab
282,277,#a8a3a3
283,277,#a1a0a2
284,277,#b3b5b4
285,277,#a8a8a6
286,277,#aaaca9
287,277,#bebfb9
288,277,#bbb4ae
289,277,#c6beb3
290,277,#d6cfc4
291,277,#e0d8ce
292,277,#c0b8af
293,277,#d3cac1
294,277,#d7cfc4
295,277,#c0bcb3
296,277,#cfc9c7
297,277,#c8c1b8
298,277,#cdc6bc
299,277,#bab3ab
300,277,#c3c1bc
301,277,#ada8a1
302,277,#aaa399
303,277,#b4b2ad
304,277,#cfc8be
305,277,#bab0a6
306,277,#ccc2b8
307,277,#bfb6ad
308,277,#bdb4ac
309,277,#bfb8b0
310,277,#bebeb6
311,277,#c1bab4
312,277,#c0b9ad
313,277,#c9c5bc
314,277,#b8b6b0
315,277,#cfc8c0
316,277,#c3bcb4
317,277,#bfbbb1
318,277,#cac2ba
319,277,#c8c1ba
320,277,#b5b0ab
321,277,#b6b1ac
322,277,#c7c4bd
323,277,#ccc9c2
324,277,#bdb8b2
325,277,#c4bfba
326,277,#d1c8c1
327,277,#dcd9d1
328,277,#beb7af
329,277,#d2cec5
330,277,#b1aea7
331,277,#c9c2bb
332,277,#dad7cf
333,277,#aca89f
334,277,#c4bbb2
335,277,#cec3bd
336,277,#d9d1c6
337,277,#cdc6ba
338,277,#a8a093
339,277,#d0c8bb
340,277,#e1d9ce
341,277,#d6ccc0
342,277,#b8afa4
343,277,#c1b9af
344,277,#c5beb4
345,277,#bcb6ad
346,277,#cec8bf
347,277,#c7c7c0
348,277,#cccbc6
349,277,#ccc9c4
350,277,#c7c7bf
351,277,#c5c1b8
352,277,#c4bdb2
353,277,#c8c0b6
354,277,#c6bdb5
355,277,#c4beb5
356,277,#c3bab1
357,277,#bab3a9
358,277,#b9b3a8
359,277,#bab4a9
360,277,#beb9af
361,277,#bbb4ad
362,277,#b2afa5
363,277,#b3afa7
364,277,#b6afa9
365,277,#a09c93
366,277,#979189
367,277,#a7a39d
368,277,#aaa7a2
369,277,#afaca7
370,277,#b4b1aa
371,277,#b7b4af
372,277,#aaa9a3
373,277,#b6b5b0
374,277,#b9b8b4
375,277,#c1c1bf
376,277,#c7c6c4
377,277,#c6c6c7
378,277,#bababb
379,277,#cccacb
380,277,#c9c8c6
381,277,#cac9c7
382,277,#b1b0ab
383,277,#aaaaa2
384,277,#b5b4b1
385,277,#c1beb9
386,277,#c9c5c2
387,277,#b9b5b2
388,277,#bfbbb7
389,277,#a8a3a0
390,277,#acaaa6
391,277,#a6a29f
392,277,#93928d
393,277,#9c9793
394,277,#989792
395,277,#a1a199
396,277,#a8a39d
397,277,#b2aba3
398,277,#b9b2a8
399,277,#b1ab9f
400,277,#b5aea4
401,277,#a69f95
402,277,#b4aea8
403,277,#b3aea8
404,277,#b7b2ac
405,277,#bab5b1
406,277,#aba6a2
407,277,#a8a59f
408,277,#a4a19a
409,277,#a5a29b
410,277,#a09b95
411,277,#a5a49f
412,277,#8f9291
413,277,#8d9193
414,277,#8d9295
415,277,#aab1b1
416,277,#8e9599
417,277,#9699a0
418,277,#6c7071
419,277,#8e9094
420,277,#7b7d7c
421,277,#2a3236
422,277,#a3a19d
423,277,#acaba6
424,277,#a5a4a1
425,277,#949a9a
426,277,#949693
427,277,#cfcdcf
428,277,#a5a4a3
429,277,#b4b2af
430,277,#b8b7b3
431,277,#b8b7b5
432,277,#9b9c99
433,277,#a0a19c
434,277,#888782
435,277,#888681
436,277,#a19a91
437,277,#a7a29b
438,277,#aaa399
439,277,#988f87
440,277,#b1aba0
441,277,#b4aca2
442,277,#bab4ad
443,277,#b9b1a9
444,277,#a89f95
445,277,#797573
446,277,#aeaba6
447,277,#a9a398
448,277,#bbb4ab
449,277,#a49d96
450,277,#a79f97
451,277,#a39f97
452,277,#788185
453,277,#959ca1
454,277,#91908f
455,277,#929392
456,277,#928e8b
457,277,#94918a
458,277,#94918c
459,277,#8f8a86
460,277,#a8a19a
461,277,#9d968e
462,277,#96918d
463,277,#9e9a96
464,277,#989491
465,277,#97948f
466,277,#a49f99
467,277,#a59f92
468,277,#b3aca1
469,277,#a29b91
470,277,#aea6a2
471,277,#afa89f
472,277,#b7afa0
473,277,#bbb1a4
474,277,#afa39a
475,277,#bbb0a5
476,277,#aca295
477,277,#b9b1a6
478,277,#b9b0a8
479,277,#a9a59f
480,277,#b2aea7
481,277,#bbb7ae
482,277,#aea69c
483,277,#bcb5aa
484,277,#c1b9b0
485,277,#b3aca2
486,277,#b2aba3
487,277,#b8b4aa
488,277,#bab5af
489,277,#bcb8af
490,277,#c6c1b6
491,277,#d7d1c5
492,277,#d3c9bd
493,277,#cfc5b9
494,277,#c9bfb3
495,277,#c2baab
496,277,#cdbfaf
497,277,#c4b8a9
498,277,#beb2a2
499,277,#c0b4a4
500,277,#bdb2a4
501,277,#beb2a4
502,277,#bbab9c
503,277,#c1b4a4
504,277,#bdb2a6
505,277,#bfb3a5
506,277,#bcb0a3
507,277,#b5aca1
508,277,#b9afa5
509,277,#c0b4a9
510,277,#beb7ae
511,277,#aeaca7
512,277,#b2ada7
513,277,#a39e98
514,277,#aea9a3
515,277,#bab7b2
516,277,#adaaa5
517,277,#bfbbb4
518,277,#b2b1ad
519,277,#b2aeab
520,277,#b0ada6
521,277,#afaca7
522,277,#c9c4be
523,277,#bab5af
524,277,#ada7a1
525,277,#a5a198
526,277,#bfbbb5
527,277,#bebab7
528,277,#b4b0ad
529,277,#b2aeab
530,277,#b8b7b3
531,277,#afaeaa
532,277,#b6b7b2
533,277,#babbb6
534,277,#aaaba6
535,277,#bbb7b4
536,277,#aca8a5
537,277,#bdbab5
538,277,#c2bfba
539,277,#b2afaa
540,277,#b0afab
541,277,#b7b6b2
542,277,#aeada8
543,277,#b9b8b3
544,277,#b5b4af
545,277,#a9a9a2
546,277,#b1b1ad
547,277,#b1b2b1
548,277,#afafad
549,277,#b1b0ac
550,277,#bab9b6
551,277,#b7b6b3
552,277,#b3b3b1
553,277,#afafad
554,277,#a4a4a2
555,277,#9e9f9a
556,277,#a1a09d
557,277,#a09f9d
558,277,#919290
559,277,#9e9f9c
560,277,#999997
561,277,#b9b9b8
562,277,#b5b6b4
563,277,#b6b6b2
564,277,#c2beb9
565,277,#8a8b91
566,277,#7a7a82
567,277,#4a4e55
568,277,#8e909b
569,277,#a7a9b0
570,277,#a8abb4
36,278,#edeefc
37,278,#f1f0f7
38,278,#b8b7bd
39,278,#d0cfd5
40,278,#474751
41,278,#8c8c95
42,278,#a6a8b0
43,278,#656772
44,278,#515262
45,278,#363546
47,278,#bbbcba
48,278,#dbdcdf
49,278,#afb0b4
50,278,#cacbc4
51,278,#b3b3aa
52,278,#3a332f
53,278,#dfd7ca
54,278,#ddd4c5
55,278,#eae2d1
56,278,#e1d9cf
57,278,#b9b5b1
58,278,#a0a1a1
59,278,#949496
60,278,#a5a5a5
61,278,#d0d0d0
62,278,#d9d8d6
63,278,#e4e3e1
64,278,#c8c7c5
65,278,#c3c2be
66,278,#a2a19d
67,278,#afaeaa
68,278,#bebdba
69,278,#a4a3a1
70,278,#b4b6b5
71,278,#c4c4c4
72,278,#c9c9cb
73,278,#bfbfbf
74,278,#c4c3c1
75,278,#c4c2bc
76,278,#c9c2bb
77,278,#dbd2ca
78,278,#d1c8c0
79,278,#ddd4cc
80,278,#d3c8c1
81,278,#cdc4be
82,278,#c0bab3
83,278,#c9c4bf
84,278,#bfbcb7
85,278,#c2c4bf
86,278,#a2a3a3
87,278,#999b9f
88,278,#8e979e
89,278,#828b90
90,278,#869099
91,278,#99a1a9
92,278,#969da3
93,278,#91969a
94,278,#909497
95,278,#9da1a3
96,278,#979b9c
97,278,#999e99
98,278,#a4a8a7
99,278,#9fa3a2
100,278,#a2a3a5
101,278,#babec1
102,278,#9aa6a9
103,278,#686e74
104,278,#84888d
105,278,#707171
106,278,#aeaba6
107,278,#d5cdc3
108,278,#cac1b7
109,278,#b8aea5
110,278,#a09c93
111,278,#b5aca3
112,278,#b4a89c
113,278,#c2b4a7
114,278,#aa9e92
115,278,#b8a796
116,278,#b6a594
117,278,#cbbaa7
118,278,#cdbca9
119,278,#cbbaa7
120,278,#b3a28f
121,278,#c6b5a2
122,278,#c9b8a7
123,278,#b1a08e
124,278,#bfae9b
125,278,#c6b9a9
126,278,#dcd0c0
127,278,#c3b7a8
128,278,#b7ae9f
129,278,#9c958a
130,278,#8e877c
131,278,#9e978c
132,278,#b5ada2
133,278,#a39b90
134,278,#b1a89f
135,278,#b7afa4
136,278,#b0a89d
137,278,#c8c1b5
138,278,#c6beb3
139,278,#d0c4b9
140,278,#bfb7ac
141,278,#b6ada4
142,278,#c3b8aa
143,278,#b7aea4
144,278,#bfb1a4
145,278,#b4ab9b
146,278,#b7ab9c
147,278,#c3b5a8
148,278,#c5b9ac
149,278,#d9d1c4
150,278,#dfd8ce
151,278,#b5ada5
152,278,#c1bfb7
153,278,#cdc9c5
154,278,#a29e99
155,278,#adaaa4
156,278,#9f9b9a
157,278,#c6c6c5
158,278,#a9a8a4
159,278,#8d8a83
160,278,#a4a296
161,278,#a7a49d
162,278,#cacacb
163,278,#a8a7a6
164,278,#8a8781
165,278,#8c857e
166,278,#989189
167,278,#bfbfb8
168,278,#bdbcb5
169,278,#c5c4c0
170,278,#e2e2e3
171,278,#e1e5ea
172,278,#939ea4
173,278,#9aa3aa
174,278,#9fa6b0
175,278,#979ca0
176,278,#878b8c
177,278,#888b8e
178,278,#898d91
179,278,#7d8084
180,278,#798086
181,278,#798087
182,278,#747882
183,278,#7c838b
184,278,#778087
185,278,#7a7f83
186,278,#797e82
187,278,#878783
188,278,#9a9a95
189,278,#999289
190,278,#9a978e
191,278,#9f9c93
192,278,#99958d
193,278,#9f988f
194,278,#a79e92
195,278,#ada091
196,278,#a69c90
197,278,#a49b97
198,278,#a39c93
199,278,#a29c8e
200,278,#aa9f90
201,278,#968f88
202,278,#7b7a77
203,278,#78787c
204,278,#6c7277
205,278,#5d6670
206,278,#5f6a75
210,278,#394a5c
211,278,#677681
212,278,#657072
213,278,#6a7475
214,278,#61686e
215,278,#666e75
216,278,#878b98
217,278,#4b495f
248,278,#526474
249,278,#6b7b80
250,278,#7c8486
251,278,#797d7e
252,278,#7e8080
253,278,#96999b
254,278,#989a9e
255,278,#91969a
256,278,#8b9298
257,278,#828d93
258,278,#666f76
259,278,#888f97
260,278,#85888c
261,278,#84878b
262,278,#7a7e7f
263,278,#7e8283
264,278,#88898b
265,278,#808588
266,278,#92979a
267,278,#b0b5b9
268,278,#9ca3a9
269,278,#99a2a9
270,278,#929899
271,278,#90989d
272,278,#919aa3
273,278,#8b949d
274,278,#94989b
275,278,#919598
276,278,#a2a6a7
277,278,#a0a4a5
278,278,#9d9f9e
279,278,#acacaa
280,278,#9f9f9d
281,278,#ababa9
282,278,#b6b8b4
283,278,#c8c7c4
284,278,#c0bbb7
285,278,#bbb8b0
286,278,#a5a39e
287,278,#c5c1bc
288,278,#cac2b7
289,278,#b2aa9f
290,278,#d9cfc3
291,278,#b5aea5
292,278,#a8a59e
293,278,#cbc6c0
294,278,#b6afa7
295,278,#b6afa5
296,278,#b3aca2
297,278,#aea697
298,278,#aea69b
299,278,#c7beb5
300,278,#cdc8c2
301,278,#cac3bb
302,278,#c3bcb4
303,278,#cfc7bd
304,278,#bfb5a9
305,278,#b6aca2
306,278,#c5bbb1
307,278,#bbb1a5
308,278,#bcb4a9
309,278,#bfb6ad
310,278,#b9b2aa
311,278,#d0c9c1
312,278,#bebbb3
313,278,#bcb8af
314,278,#cbc2b9
315,278,#cbc4bc
316,278,#cbc4bc
317,278,#c8c4b9
318,278,#cec5be
319,278,#c4bfb9
320,278,#c8c1b9
321,278,#c6bfb7
322,278,#d1cac2
323,278,#c4bdb5
324,278,#c9c0b9
325,278,#cec9c5
326,278,#bebab2
327,278,#d4cfc9
328,278,#d4cbc6
329,278,#cac3bd
330,278,#c8c5bf
331,278,#c4c4c2
332,278,#dad8d2
333,278,#d0cdc6
334,278,#d5cec8
335,278,#c2c1bc
336,278,#c7c2bc
337,278,#bbb7b1
338,278,#dad7d1
339,278,#c7c4be
340,278,#c6bfb5
341,278,#d9d2c7
342,278,#cfc2b4
343,278,#bdb5aa
344,278,#c3bfb6
345,278,#c6c2bb
346,278,#cbc6c0
347,278,#c9c5bc
348,278,#cec7bf
349,278,#d1c9c1
350,278,#d0c9c3
351,278,#cfc5bc
352,278,#d1c4bb
353,278,#cfc3b5
354,278,#c3b6a5
355,278,#ccb9a7
356,278,#ccb9a7
357,278,#c8b7a6
358,278,#cab9a8
359,278,#cab9a8
360,278,#c9bcab
361,278,#c3b5a7
362,278,#bbb3a3
363,278,#c4bcad
364,278,#bfb5a9
365,278,#bab4a8
366,278,#bcb4a9
367,278,#b3ada1
368,278,#b1ab9f
369,278,#b0a99f
370,278,#b2aea5
371,278,#bcb7b1
372,278,#beb9b3
373,278,#b7b2ac
374,278,#b6b1ab
375,278,#aeaba4
376,278,#b5b0aa
377,278,#b6b3ab
378,278,#b8b5ae
379,278,#aea9a4
380,278,#b4b1ac
381,278,#c3c0bb
382,278,#cac8c8
383,278,#b5b4af
384,278,#b6b5b0
385,278,#c3c0b9
386,278,#bebbb6
387,278,#cac6c3
388,278,#afaba8
389,278,#c3bfbc
390,278,#d7d6d2
391,278,#a9a5a2
392,278,#c6c5c0
393,278,#b6b1ad
394,278,#d1cdc8
395,278,#c5c2b9
396,278,#b9b4ae
397,278,#b3b2ad
398,278,#adaca7
399,278,#cccbc6
400,278,#c5c2bd
401,278,#c0bdb8
402,278,#c0bbb5
403,278,#b7b2ac
404,278,#b9b4ae
405,278,#b6b1ab
406,278,#b2ada7
407,278,#b3aea8
408,278,#b8b3ad
409,278,#afaaa4
410,278,#b1a89f
411,278,#b8b1a7
412,278,#adaca7
413,278,#acaca8
414,278,#a5a5a3
415,278,#9da0a1
416,278,#86888b
417,278,#b1b1b1
418,278,#a6a6a4
419,278,#aaaaa8
420,278,#8f9291
421,278,#585d60
422,278,#868684
423,278,#abaca7
424,278,#a5a5a5
425,278,#a3a5a2
426,278,#a3a3a1
427,278,#8d8c87
428,278,#afaeaa
429,278,#939192
430,278,#a9a9a7
431,278,#a0a0a2
432,278,#a1a1a1
433,278,#8c8b89
434,278,#b6b2af
435,278,#9b9a98
436,278,#b1aaa4
437,278,#a8a7a2
438,278,#a8a59e
439,278,#aba6a0
440,278,#9f9c95
441,278,#a09b95
442,278,#b0ada8
443,278,#a09d96
444,278,#aca8a2
445,278,#a19e95
446,278,#a8a398
447,278,#aea79d
448,278,#a29b93
449,278,#aba49e
450,278,#aaa297
451,278,#a3a09b
452,278,#a5a29b
453,278,#959490
454,278,#aba6a2
455,278,#92918c
456,278,#807f7d
457,278,#7d7d7d
458,278,#8f8e8a
459,278,#8f8c84
460,278,#9b9891
461,278,#9a9790
462,278,#a5a198
463,278,#a19d93
464,278,#9f9b91
465,278,#aea79d
466,278,#b2a9a0
467,278,#aba299
468,278,#b3aaa1
469,278,#b0a79e
470,278,#aaa498
471,278,#bbb0a4
472,278,#a99b8e
473,278,#b1a79b
474,278,#a9a397
475,278,#a29d95
476,278,#ada399
477,278,#aba9a3
478,278,#a2a19e
479,278,#aba7a4
480,278,#aca59b
481,278,#bab2a7
482,278,#c7bdb3
483,278,#c1b7ad
484,278,#bab0a6
485,278,#bbb3a8
486,278,#b2a9a0
487,278,#bfb8b0
488,278,#bab2af
489,278,#b8b1a9
490,278,#c2b9b2
491,278,#c4bbb4
492,278,#c7bdb3
493,278,#c8beb4
494,278,#c6bcb2
495,278,#cac2b7
496,278,#bbafa3
497,278,#cfc3b7
498,278,#a89c90
499,278,#c1b5a9
500,278,#b0a69a
501,278,#b6aca0
502,278,#b5a99b
503,278,#b7ab9d
504,278,#bcb2a6
505,278,#ada193
506,278,#a69a8c
507,278,#aca296
508,278,#aca296
509,278,#bdb3a9
510,278,#b2a89f
511,278,#aca7a3
512,278,#afa9a3
513,278,#b2ada7
514,278,#afaaa4
515,278,#adaaa5
516,278,#aca9a4
517,278,#aea9a3
518,278,#a3a29e
519,278,#adaaa5
520,278,#a9a6a1
521,278,#b4b1ac
522,278,#a6a39e
523,278,#aca9a4
524,278,#bab7b2
525,278,#c0bdb6
526,278,#9e9b96
527,278,#9e9a97
528,278,#afaba8
529,278,#a19d9a
530,278,#a5a4a0
531,278,#b5b4b0
532,278,#a4a39f
533,278,#b4b3af
534,278,#acaba7
535,278,#a9a5a2
536,278,#a39f9c
537,278,#aba8a3
538,278,#b3b0ab
539,278,#b1aea9
540,278,#a8a7a2
541,278,#acaba6
542,278,#b1aea9
543,278,#b1aea9
544,278,#b7b4af
545,278,#a6a39c
546,278,#b2afaa
547,278,#b7b3ae
548,278,#b6b1ab
549,278,#b5b0aa
550,278,#bab7b2
551,278,#a9a6a1
552,278,#a5a29d
553,278,#a29f9a
554,278,#adaaa5
555,278,#a8a7a2
556,278,#a9a8a3
557,278,#aba8a3
558,278,#9a9792
559,278,#999691
560,278,#9b9895
561,278,#bbb5b4
562,278,#bfb9b1
563,278,#b8b0a6
564,278,#bcb2a8
565,278,#aea7ae
566,278,#6a6374
567,278,#413f4b
568,278,#88849a
569,278,#262435
570,278,#727080
571,278,#b5b3b5
577,278,#82818c
584,278,#1a152e
36,279,#f6f7f9
37,279,#fcfdfe
38,279,#e5e6ea
39,279,#e3e4e8
40,279,#a0a0a3
41,279,#acacaf
42,279,#89888c
43,279,#9a999d
44,279,#79797c
45,279,#5e5e5b
46,279,#e1e1e0
47,279,#8f8f8e
48,279,#b2b2b0
49,279,#bab9b9
50,279,#c7c7c5
51,279,#bdbdbd
52,279,#e2e7e7
53,279,#fefeff
54,279,#cccccc
55,279,#eae7e1
56,279,#eeece7
57,279,#e0d9d1
58,279,#e4e3e1
59,279,#ececed
60,279,#efeff1
61,279,#ededee
62,279,#cccccc
63,279,#dddddd
64,279,#d0d0d0
65,279,#c3c3c3
66,279,#a2a2a2
67,279,#ababab
68,279,#bfbfbf
69,279,#a6a6a8
70,279,#adb3b3
71,279,#b0b5b8
72,279,#b4b8ba
73,279,#b8bbbd
74,279,#b3b6b9
75,279,#a5a8a9
76,279,#bbbbbb
77,279,#c7c6c4
78,279,#c3c2c0
79,279,#c4c3c1
80,279,#c4c3c1
81,279,#c1c1c1
82,279,#acaeaf
83,279,#a1a4a6
84,279,#93989b
85,279,#a2a6a9
86,279,#94989b
87,279,#8c9394
88,279,#8a9396
89,279,#9b9ea2
90,279,#88939b
91,279,#8d959e
92,279,#9ca5ab
93,279,#8e979c
94,279,#9da5a8
95,279,#8d969d
96,279,#92979c
97,279,#8b9094
98,279,#a8adae
99,279,#92979e
100,279,#899095
101,279,#b0b1b0
102,279,#a5a197
103,279,#aca297
104,279,#b2a79a
105,279,#a99d8f
106,279,#a1978c
107,279,#bab0a4
108,279,#afa59b
109,279,#b0a79e
110,279,#b4aca1
111,279,#bcb2a6
112,279,#c2b5a8
113,279,#c2baaf
114,279,#b7ab9f
115,279,#bbb1a5
116,279,#b2a698
117,279,#b5a797
118,279,#b1a293
119,279,#b3a495
120,279,#b4a696
121,279,#a6978a
122,279,#aea396
123,279,#b7ac9f
124,279,#bcb1a6
125,279,#b2a9a0
126,279,#a7a19b
127,279,#898781
128,279,#908d86
129,279,#9a958f
130,279,#908b85
131,279,#9f9a94
132,279,#8a8782
133,279,#9e9993
134,279,#9e978f
135,279,#938d81
136,279,#a79f94
137,279,#aea699
138,279,#a29a8f
139,279,#c4bcb3
140,279,#b4aea2
141,279,#bdb4ad
142,279,#b9afa5
143,279,#bfb7aa
144,279,#b5a89f
145,279,#b4aa9e
146,279,#b5ab9f
147,279,#9c9282
148,279,#8e8274
149,279,#87796e
150,279,#a39589
151,279,#83756b
152,279,#8d8172
153,279,#7d736a
154,279,#978e86
155,279,#585754
156,279,#7f7d84
157,279,#898b8a
158,279,#8a8a8a
159,279,#999896
160,279,#7b7773
161,279,#818383
162,279,#adaeae
163,279,#8c8d8f
164,279,#919296
165,279,#9f9fa0
166,279,#828182
167,279,#919597
168,279,#95999b
169,279,#909495
170,279,#949798
171,279,#858587
172,279,#91969a
173,279,#83878a
174,279,#8a8d8c
175,279,#8c9294
176,279,#969a9d
177,279,#b7bbbe
178,279,#d4d7d7
179,279,#8c8d89
180,279,#9c9e9b
181,279,#a4a6a7
182,279,#999b9b
183,279,#8e8f8f
184,279,#7f7f81
185,279,#777978
186,279,#a3a2a0
187,279,#6e6e6c
188,279,#737577
189,279,#909191
190,279,#908f8b
191,279,#8c8b87
192,279,#96928a
193,279,#9d9c96
194,279,#9d9e9a
195,279,#7b8081
196,279,#5d5f5e
197,279,#7f7e79
198,279,#a0a19f
199,279,#35383d
200,279,#6c747a
201,279,#303e4f
202,279,#223849
203,279,#243a4c
204,279,#4d6171
205,279,#7c8284
206,279,#73797f
207,279,#667072
208,279,#656f71
209,279,#636d6f
210,279,#5e666a
211,279,#646d74
212,279,#5b6774
213,279,#55626b
214,279,#545f6f
215,279,#54606b
216,279,#4e5b63
217,279,#626e74
218,279,#6c757a
219,279,#797d80
220,279,#9fa7b0
231,279,#838b9e
232,279,#747e87
233,279,#828b98
234,279,#778091
242,279,#122539
243,279,#3f5467
244,279,#b2b4be
245,279,#7d8585
246,279,#848686
247,279,#5d5f5f
248,279,#777872
249,279,#a09d9e
250,279,#bebebc
251,279,#b0afb2
252,279,#8d9498
253,279,#838a8e
254,279,#858b8f
255,279,#797e81
256,279,#878f92
257,279,#868f94
258,279,#838a90
259,279,#7f848a
260,279,#7f828a
261,279,#6c6f77
262,279,#7f878a
263,279,#90979a
264,279,#787d81
265,279,#71797c
266,279,#747c7f
267,279,#7a8289
268,279,#7d868d
269,279,#7d868d
270,279,#818487
271,279,#848588
272,279,#7f8387
273,279,#87888b
274,279,#8d9194
275,279,#b7b8ba
276,279,#b2b4b3
277,279,#8b8d8c
278,279,#9b9b99
279,279,#8b8b89
280,279,#949293
281,279,#b6b2b1
282,279,#c6c5c1
283,279,#bcb9b3
284,279,#c4c0b6
285,279,#bcb7b1
286,279,#c8c1b7
287,279,#b6b1ae
288,279,#e9e6db
289,279,#d6d2cd
290,279,#9d9d9d
291,279,#888785
292,279,#8e8b83
293,279,#c1bab0
294,279,#a89e94
295,279,#b5ada0
296,279,#d2c9c1
297,279,#d4cdc1
298,279,#f1ede4
299,279,#eeece8
300,279,#e0ddd8
301,279,#e7e4df
302,279,#d2d3cf
303,279,#e1d9d0
304,279,#d8d0c5
305,279,#c1b7ad
306,279,#cbc1b7
307,279,#d2c6b8
308,279,#c6bdae
309,279,#bbb1a5
310,279,#c6c2b7
311,279,#c0b7b0
312,279,#d1c8be
313,279,#c7c0b8
314,279,#c7c0ba
315,279,#c3bcb6
316,279,#c9c2bc
317,279,#c0bcb3
318,279,#cac3bd
319,279,#c9c6c1
320,279,#bab7b2
321,279,#c5c2bd
322,279,#bdbab3
323,279,#c7c2bc
324,279,#cac3bd
325,279,#cac7c1
326,279,#bebebc
327,279,#c6c5c0
328,279,#cac5c1
329,279,#bdbbb6
330,279,#c5c4c2
331,279,#cccac8
332,279,#c4c1bc
333,279,#bdb9b6
334,279,#d7d3d2
335,279,#c1bcb6
336,279,#c6c1be
337,279,#edece8
338,279,#d3d2ce
339,279,#cccbc7
340,279,#c9c6bf
341,279,#cac6bd
342,279,#cdc5bb
343,279,#cdc3b7
344,279,#d2c8bc
345,279,#d2c8bf
346,279,#cfc5bb
347,279,#d2c6ba
348,279,#cfc3b7
349,279,#d3c5ba
350,279,#d1c5b7
351,279,#d1c1b1
352,279,#cfbfab
353,279,#d1c0ac
354,279,#cbb9a5
355,279,#cbb9a6
356,279,#cdbcac
357,279,#d3c3b4
358,279,#cfbeaf
359,279,#d3c2b3
360,279,#cabba6
361,279,#c5b6a3
362,279,#c0b0a0
363,279,#c5b8a8
364,279,#c6baaa
365,279,#cec6b9
366,279,#cdc3b7
367,279,#c5bcb0
368,279,#bab2a7
369,279,#b5aca3
370,279,#beb8ac
371,279,#beb7ad
372,279,#b2aba3
373,279,#bab3a9
374,279,#b2aca0
375,279,#ada79b
376,279,#aaa297
377,279,#a89e92
378,279,#9f978c
379,279,#a49d95
380,279,#aba49a
381,279,#ada69c
382,279,#aca49b
383,279,#b9b1a5
384,279,#b9b0a7
385,279,#b6b2a9
386,279,#c1bcb6
387,279,#c5c1be
388,279,#cbc7c4
389,279,#d0ccc9
390,279,#c4c3bf
391,279,#c1bdba
392,279,#d4d4ce
393,279,#dfd7d4
394,279,#d3cbc8
395,279,#c1bdb2
396,279,#c8c5be
397,279,#c3c0bb
398,279,#c1beb9
399,279,#cbc7c4
400,279,#c6c3bc
401,279,#c5c2bb
402,279,#beb9b3
403,279,#c2bdb7
404,279,#c1bcb6
405,279,#c3bfb6
406,279,#bbb7ae
407,279,#bab3ab
408,279,#bdb6ae
409,279,#b6afa7
410,279,#b8b1a8
411,279,#b1ab9f
412,279,#beb5ac
413,279,#beb7ae
414,279,#a7a39a
415,279,#aeaba5
416,279,#aaa7a0
417,279,#aaa9a4
418,279,#a9a7a8
419,279,#b0afab
420,279,#a8a5a0
421,279,#a5a29d
422,279,#a9a6a1
423,279,#9e9b94
424,279,#a4a09e
425,279,#a7a49d
426,279,#8b8a86
427,279,#a1a09b
428,279,#999894
429,279,#989792
430,279,#a6a5a0
431,279,#aaa9a5
432,279,#9e9d99
433,279,#a8a5a0
434,279,#97948d
435,279,#9d9c97
436,279,#a49d95
437,279,#afaca3
438,279,#aba8a3
439,279,#a6a199
440,279,#bab6ad
441,279,#a69f97
442,279,#aaa39b
443,279,#a29d97
444,279,#9a9792
445,279,#8d8c87
446,279,#9d9a97
447,279,#98918a
448,279,#9b948e
449,279,#9e9791
450,279,#7c7c77
451,279,#a7a3a0
452,279,#a59e93
453,279,#a39e96
454,279,#948a81
455,279,#918d84
456,279,#aaa299
457,279,#9d998f
458,279,#a49f95
459,279,#a7a096
460,279,#aaa198
461,279,#a79e95
462,279,#a69d94
463,279,#afa69d
464,279,#a89f96
465,279,#aca9a0
466,279,#a39e98
467,279,#aca59f
468,279,#a69f97
469,279,#aaa399
470,279,#aba398
471,279,#a29b90
472,279,#b2ada1
473,279,#a7a195
474,279,#b8aea4
475,279,#9c988f
476,279,#a29d99
477,279,#9d9c97
478,279,#9c9e9d
479,279,#bcb3ac
480,279,#c7bdb1
481,279,#c6baac
482,279,#d3c7b9
483,279,#cfc3b5
484,279,#cec2b4
485,279,#d2c6b8
486,279,#c9bdb1
487,279,#c4baae
488,279,#cfc5bc
489,279,#cfc5ba
490,279,#cec2b5
491,279,#d2c8be
492,279,#c6bdb4
493,279,#b9b0a7
494,279,#b9b0a7
495,279,#c0b7b0
496,279,#beb7ae
497,279,#bfb5ab
498,279,#9a9086
499,279,#b8aea4
500,279,#b3a99f
501,279,#b3aba0
502,279,#bbb3a8
503,279,#b7ada1
504,279,#b6aa9c
505,279,#a69a8e
506,279,#a4988c
507,279,#b0a496
508,279,#afa599
509,279,#aca39a
510,279,#9e978d
511,279,#a8a5a0
512,279,#a7a29e
513,279,#a7a29e
514,279,#b8b3af
515,279,#b0ada8
516,279,#a9a6a1
517,279,#bfbab6
518,279,#9f9e9a
519,279,#89867f
520,279,#979692
521,279,#b2b1ad
522,279,#aaa9a5
523,279,#a5a4a0
524,279,#aaa9a5
525,279,#aaa9a4
526,279,#b6b5b1
527,279,#afaeaa
528,279,#a9a8a4
529,279,#a5a4a0
530,279,#b8b4b1
531,279,#a8a4a1
532,279,#a19d9a
533,279,#a8a4a1
534,279,#aca8a5
535,279,#afaca7
536,279,#aca9a4
537,279,#989590
538,279,#aaa7a2
539,279,#adaaa5
540,279,#a4a19a
541,279,#b0ada6
542,279,#a8a39f
543,279,#afaaa6
544,279,#aea9a5
545,279,#b2ada9
546,279,#b3aea8
547,279,#aea9a3
548,279,#b6b1ab
549,279,#b2b0ac
550,279,#b5b0aa
551,279,#bab5af
552,279,#aea9a3
553,279,#ada8a2
554,279,#a29d97
555,279,#aba8a1
556,279,#b2afa8
557,279,#aaa59f
558,279,#b8b3ad
559,279,#b9b4ae
560,279,#b4aea2
561,279,#b7afa4
562,279,#bfb5a9
563,279,#c4baae
564,279,#beb4a8
565,279,#bcb6a2
566,279,#827e7c
567,279,#4f5058
568,279,#4d4b60
569,279,#7e7c91
570,279,#595b64
571,279,#433e51
572,279,#666577
573,279,#b2b4c5
577,279,#2e2626
578,279,#bdb6ad
579,279,#c6c1b6
580,279,#d4d1c4
581,279,#d6cec0
582,279,#e2ddd9
583,279,#dcd9d1
584,279,#dbd6d0
585,279,#cdc8c2
586,279,#d3ceca
587,279,#dbd5ca
588,279,#dcd6cb
589,279,#cdc6bb
590,279,#ccc6bb
591,279,#c8c2b7
592,279,#d6d1c1
593,279,#dbd6c8
594,279,#d0cabf
595,279,#504852
0,280,#c8c6c4
1,280,#d2cecd
2,280,#e3dfde
3,280,#d6d3d2
4,280,#cac6c6
5,280,#cfcec0
6,280,#e0dccf
7,280,#d7d1cf
8,280,#aca6a8
9,280,#a5a3a6
10,280,#888589
11,280,#76747b
12,280,#474750
13,280,#403f4f
14,280,#373946
15,280,#424451
16,280,#424351
17,280,#3e3c4f
18,280,#343348
20,280,#1d1e32
26,280,#c8c8d2
27,280,#c0c1c7
28,280,#aaabad
29,280,#aeb0af
30,280,#b5b7b6
31,280,#babcbb
32,280,#bec0be
33,280,#bcbeba
34,280,#c2c4c0
35,280,#b5b6b8
36,280,#c3c4c6
37,280,#b5b7b6
38,280,#9d9d9b
39,280,#969593
40,280,#989898
41,280,#b0b0b0
42,280,#545454
43,280,#939393
44,280,#a5a5a7
45,280,#dcdedd
46,280,#d6d7d9
47,280,#f6f5f2
48,280,#b0afac
49,280,#c8c7c4
50,280,#e3e2e0
51,280,#c6c5c3
52,280,#91908d
53,280,#a9a8a6
54,280,#bab9b7
55,280,#a5a5a2
56,280,#a7a6a2
57,280,#bbbbb7
58,280,#cbcbc9
59,280,#bbbbbb
60,280,#b3b5b2
61,280,#afafad
62,280,#c9cac9
63,280,#9c9e9d
64,280,#b5b7b6
65,280,#bfc1bf
66,280,#b9bbbe
67,280,#999fa0
68,280,#a5aeb3
69,280,#a6b3bc
70,280,#aab4bd
71,280,#9da6ae
72,280,#b5bdc1
73,280,#b0b5b9
74,280,#afb3b5
75,280,#a8a9ac
76,280,#a2a5a9
77,280,#959da0
78,280,#99a0a6
79,280,#969fa6
80,280,#858e95
81,280,#a3acb3
82,280,#929da1
83,280,#a6afb4
84,280,#9ca5aa
85,280,#b1b8be
86,280,#989fa5
87,280,#939ca1
88,280,#90979d
89,280,#9a9fa5
90,280,#959ea4
91,280,#a1aab1
92,280,#a2adb3
93,280,#a0aab4
94,280,#a1acb4
95,280,#9198a0
96,280,#bdc4cc
97,280,#b6c0c4
98,280,#596269
99,280,#939aa4
100,280,#797e80
101,280,#9a9995
102,280,#b0a79d
103,280,#b9b1a6
104,280,#b1a99e
105,280,#9b9289
106,280,#ada49b
107,280,#a0978e
108,280,#b0a79e
109,280,#bbb3a8
110,280,#c1b9ae
111,280,#aaa297
112,280,#bab2a7
113,280,#bab1a6
114,280,#bdb4a9
115,280,#b4aea0
116,280,#a8a093
117,280,#a9a092
118,280,#a99f96
119,280,#bab2a7
120,280,#9f978c
121,280,#9e948a
122,280,#867d72
123,280,#938b80
124,280,#a69e93
125,280,#989188
126,280,#aca59c
127,280,#968e82
128,280,#a79d96
129,280,#a2998f
130,280,#a0978d
131,280,#8a837b
132,280,#bcb8af
133,280,#b7b3aa
134,280,#a19d94
135,280,#9f9c93
136,280,#b6b2a9
137,280,#b3aea5
138,280,#b6b2a9
139,280,#b4b0a7
140,280,#bdb6ac
141,280,#afa89e
142,280,#b9b0a7
143,280,#b5aca3
144,280,#aea59c
145,280,#b6ada4
146,280,#afa69d
147,280,#b4aca1
148,280,#aba398
149,280,#aaa297
150,280,#a89d91
151,280,#948c7f
152,280,#928677
153,280,#756a5f
154,280,#958c83
155,280,#6a6458
156,280,#231f2a
157,280,#cbcbd7
158,280,#a9a9b1
159,280,#8b8c91
160,280,#b5b6b8
161,280,#a3a3a3
162,280,#4b4b4d
163,280,#888885
164,280,#828382
165,280,#8c8e8b
166,280,#898a8a
167,280,#92979a
168,280,#8f9497
169,280,#8d9296
170,280,#8a8d91
171,280,#999ca0
172,280,#9a9b9e
173,280,#797b7d
174,280,#818588
175,280,#797e82
176,280,#7d8286
177,280,#7d8187
178,280,#8e8e8e
179,280,#939391
180,280,#969c9d
181,280,#9c9c9d
182,280,#7d8488
183,280,#717578
184,280,#797675
185,280,#747878
186,280,#74797e
187,280,#a9a9a2
188,280,#a3a19e
189,280,#7f8284
190,280,#7b8385
191,280,#787979
192,280,#777876
193,280,#515d65
194,280,#535c65
195,280,#555e62
196,280,#566269
197,280,#44535a
198,280,#656e73
199,280,#777b7e
200,280,#767c7e
201,280,#757879
202,280,#747878
203,280,#6d7172
204,280,#707477
205,280,#6f7574
206,280,#616a6d
207,280,#55626b
208,280,#505e67
209,280,#51626c
210,280,#4d5f6d
211,280,#445662
212,280,#495a64
213,280,#495a64
214,280,#505e69
215,280,#4b5b62
216,280,#4a5766
217,280,#41515f
218,280,#415261
219,280,#56697a
220,280,#2f4453
221,280,#2f3d48
222,280,#4a5154
223,280,#7b7b7c
224,280,#a29f9c
225,280,#aba69f
226,280,#cccac8
227,280,#828e97
228,280,#77818a
229,280,#767e88
230,280,#777e8a
231,280,#222e3a
232,280,#4e595f
233,280,#565f66
234,280,#6c737d
235,280,#6c7675
236,280,#788281
237,280,#7a8793
238,280,#4c5663
239,280,#728091
241,280,#121d31
242,280,#575b5f
243,280,#787978
244,280,#a49f99
245,280,#b7b3aa
246,280,#a4a39e
247,280,#858788
248,280,#787b7f
249,280,#757c81
250,280,#687780
251,280,#5f6d79
252,280,#5b6678
253,280,#5c6972
254,280,#58676e
255,280,#6c7a82
256,280,#79818d
257,280,#899297
258,280,#777f86
259,280,#7c8288
260,280,#7b8083
261,280,#7f8487
262,280,#878b8b
263,280,#929495
264,280,#9a9a9b
265,280,#959999
266,280,#878b8d
267,280,#7e858b
268,280,#858a90
269,280,#9b9ea3
270,280,#888b8a
271,280,#989b9c
272,280,#7e8287
273,280,#707477
274,280,#979899
275,280,#979998
276,280,#898a8c
277,280,#909493
278,280,#acaba7
279,280,#c4c3c1
280,280,#cacac7
281,280,#bfbeba
282,280,#d3d2ce
283,280,#aba9a5
284,280,#afaaa8
285,280,#b0aaa3
286,280,#d7d2ce
287,280,#ded5cc
288,280,#d3c7b8
289,280,#c4beb2
290,280,#b3b3ae
291,280,#d9d5cf
292,280,#a7a39c
293,280,#ded9d3
294,280,#d3ccc4
295,280,#c2bdb4
296,280,#c1b8b1
297,280,#bcb5ab
298,280,#c7beb5
299,280,#c8beb2
300,280,#c5bbb2
301,280,#d7d3ca
302,280,#d6cfc7
303,280,#beb6ac
304,280,#c7bfb2
305,280,#b9b1a6
306,280,#b1a79b
307,280,#c5bcb1
308,280,#b6aca1
309,280,#afa396
310,280,#c7c0b6
311,280,#b5b4af
312,280,#b1ad9f
313,280,#c2bbb3
314,280,#b6afa6
315,280,#c3bfb6
316,280,#b6b1ab
317,280,#afb0a6
318,280,#aca9a0
319,280,#b2a9a2
320,280,#b9b2ac
321,280,#ada69c
322,280,#b6b4ad
323,280,#c8c7c2
324,280,#b9b8b4
325,280,#bcbbb7
326,280,#bebdb9
327,280,#bfbeba
328,280,#b9b8b6
329,280,#bfbebc
330,280,#d3d4d5
331,280,#c5c3bd
332,280,#c2c2bc
333,280,#bcbbb9
334,280,#d2d1cd
335,280,#cbcbc9
336,280,#c5c4c0
337,280,#c8ccce
338,280,#d9dad9
339,280,#c1bfbc
340,280,#d8d3cd
341,280,#cfc8c2
342,280,#cac5bc
343,280,#cdc6bc
344,280,#d2c8be
345,280,#cdc5b8
346,280,#cfc5b9
347,280,#d2c6b8
348,280,#d1c3b6
349,280,#d4c4b7
350,280,#d4c4b4
351,280,#d3c3b3
352,280,#d0c0b0
353,280,#cdbdad
354,280,#cfbfaf
355,280,#ccbcac
356,280,#cdbdad
357,280,#c3b6a6
358,280,#b8ab9b
359,280,#d1c4b4
360,280,#c5b9a9
361,280,#d0c4b6
362,280,#aea296
363,280,#aa9e92
364,280,#b8aca0
365,280,#b6ad9e
366,280,#ada397
367,280,#a89e92
368,280,#aaa094
369,280,#aba195
370,280,#a8a296
371,280,#a9a298
372,280,#a39e95
373,280,#afaba2
374,280,#beb9b3
375,280,#a8a49b
376,280,#b4ada5
377,280,#9b9589
378,280,#9d958a
379,280,#a0988d
380,280,#a69e91
381,280,#9d9385
382,280,#aaa293
383,280,#bab1a8
384,280,#bfb6ad
385,280,#bbb7ae
386,280,#c2bdb6
387,280,#d3d0c9
388,280,#dbd8d3
389,280,#dbd7d4
390,280,#d6d2c9
391,280,#d7d3ca
392,280,#cbc4bc
393,280,#c5beb6
394,280,#cbc4bc
395,280,#c2beb5
396,280,#d1ccc6
397,280,#cac7c2
398,280,#c8c5c0
399,280,#c5c0bc
400,280,#c2beb5
401,280,#c5c1b8
402,280,#c2beb5
403,280,#bcb8af
404,280,#bcb8af
405,280,#c6bfb7
406,280,#b8b1a9
407,280,#c2b9b0
408,280,#aea59c
409,280,#c0b7ae
410,280,#b4aea2
411,280,#c0b7ac
412,280,#bab2aa
413,280,#b2aba3
414,280,#b5aea6
415,280,#ada69e
416,280,#aaa59f
417,280,#b1ada4
418,280,#aba79e
419,280,#9d9990
420,280,#aca89f
421,280,#9a968d
422,280,#a39c94
423,280,#a09b95
424,280,#8f8c87
425,280,#949693
426,280,#8a8c8b
427,280,#9a9b95
428,280,#a4a39e
429,280,#9e9b96
430,280,#a4a19c
431,280,#908d88
432,280,#9a9792
433,280,#a09d96
434,280,#a59e96
435,280,#99928a
436,280,#9c958d
437,280,#98948b
438,280,#b5b1a8
439,280,#949087
440,280,#938f86
441,280,#959188
442,280,#a29b91
443,280,#978f85
444,280,#9d948b
445,280,#a1998e
446,280,#a69e93
447,280,#a9a196
448,280,#9d958a
449,280,#a49b92
450,280,#9a958c
451,280,#9d9892
452,280,#a19a92
453,280,#918a82
454,280,#9d968e
455,280,#948d85
456,280,#9e9993
457,280,#9f9f97
458,280,#aaa69d
459,280,#aea59c
460,280,#ada99e
461,280,#9f9b92
462,280,#a49f99
463,280,#a5a198
464,280,#aba79e
465,280,#a6a299
466,280,#a8a49b
467,280,#aba79c
468,280,#aaa69b
469,280,#a8a199
470,280,#b0aa9e
471,280,#ada598
472,280,#a39b90
473,280,#a89f96
474,280,#a9a099
475,280,#a39d91
476,280,#a7a29c
477,280,#a09e95
478,280,#9d9d98
479,280,#a7a29c
480,280,#b9afa5
481,280,#c0b6ac
482,280,#c5bbb1
483,280,#c2b8ae
484,280,#cac0b6
485,280,#c7bdb4
486,280,#c7bdb4
487,280,#d4cac0
488,280,#d7cdc3
489,280,#d1c7bd
490,280,#d0c7be
491,280,#cfc6bd
492,280,#ccc5bb
493,280,#cac3b9
494,280,#c7c0b6
495,280,#bfb8b0
496,280,#bbb4ac
497,280,#a7a398
498,280,#a0998f
499,280,#ada49b
500,280,#b0a99f
501,280,#b2a9a0
502,280,#9f968d
503,280,#9f968d
504,280,#b2a9a0
505,280,#a59d90
506,280,#a49c91
507,280,#aca69a
508,280,#c9c3b7
509,280,#c6bfb5
510,280,#a6a39c
511,280,#b7b2ae
512,280,#b1aea9
513,280,#b1aea9
514,280,#908d88
515,280,#8f8e89
516,280,#979691
517,280,#aca89e
518,280,#979691
519,280,#95908c
520,280,#97948d
521,280,#9b9891
522,280,#969591
523,280,#a6a5a1
524,280,#989793
525,280,#a1a09b
526,280,#a8a5a0
527,280,#b3b0ab
528,280,#9e9b96
529,280,#9f9c97
530,280,#97948d
531,280,#a09b95
532,280,#a7a29c
533,280,#a29e95
534,280,#ada99e
535,280,#a8a49b
536,280,#a9a59c
537,280,#a49d93
538,280,#a49d93
539,280,#a19a92
540,280,#a7a29c
541,280,#a19c96
542,280,#a8a59c
543,280,#a9a59c
544,280,#b7b0a8
545,280,#ada9a0
546,280,#b8afa8
547,280,#bebab0
548,280,#aca7a1
549,280,#afaba2
550,280,#aea79f
551,280,#b9b2aa
552,280,#a69d94
553,280,#a79e95
554,280,#a0978e
555,280,#b0a7a2
556,280,#988f88
557,280,#c1b8af
558,280,#c7bbaf
559,280,#bbb5ab
560,280,#c8beb3
561,280,#c1b3a8
562,280,#c5bea4
563,280,#827a70
564,280,#9a9492
565,280,#c8beb8
566,280,#cdc5b6
567,280,#d5c5be
568,280,#cfc4c0
569,280,#c9c2ca
570,280,#9997a5
571,280,#3e3c42
576,280,#bcbec5
577,280,#8f8a86
578,280,#cacec8
579,280,#cdcfbd
580,280,#cac8bf
581,280,#d2cdc7
582,280,#b4b3af
583,280,#c2c0bd
584,280,#d9d7d4
585,280,#d3cfcc
586,280,#e1ded9
587,280,#d5d0ca
588,280,#cdc8c2
589,280,#cec9c3
590,280,#d9d2ca
591,280,#d9d2ca
592,280,#cdc5bc
593,280,#d0c8bf
594,280,#d8cfc7
595,280,#cbc7c2
596,280,#c7c2bf
597,280,#c8c2b6
598,280,#c3bdb4
599,280,#c6c1bb
0,281,#c8c1b7
1,281,#cac1b8
2,281,#d2c8c1
3,281,#d3c7c1
4,281,#ddcfc9
5,281,#dbcfc0
6,281,#d7ccbf
7,281,#d2cdc7
8,281,#cec7c3
9,281,#cac1bd
10,281,#cec4c4
11,281,#cbc5c5
12,281,#c2bec2
13,281,#c1bfc3
14,281,#d2d1d6
15,281,#c0c1c6
16,281,#b2b3b8
17,281,#b1b3b3
18,281,#b5b7b8
19,281,#c3c4c7
20,281,#b6b7b7
21,281,#b8baba
22,281,#c2c3c5
23,281,#c6c7ca
24,281,#b6b7ba
25,281,#989c9c
26,281,#b4b6b3
27,281,#dadedc
28,281,#c8cccd
29,281,#9ea1a6
30,281,#a4a6a5
31,281,#b3b4b6
32,281,#a8aaa8
33,281,#a9aba7
34,281,#b5b7b3
35,281,#babbbd
36,281,#a9aaac
37,281,#909591
38,281,#919392
39,281,#828186
40,281,#d5d5d5
41,281,#c9cacc
42,281,#a7a7ab
43,281,#7d7e82
44,281,#777c7e
45,281,#a1a6aa
46,281,#bbc0c6
47,281,#99a0a7
48,281,#a5acb4
49,281,#b0b6be
50,281,#bec5cb
51,281,#b1b8be
52,281,#aab3b6
53,281,#9aa1a9
54,281,#8d94a1
55,281,#8b949e
56,281,#939ba2
57,281,#9aa3a8
58,281,#99a2a7
59,281,#9ba4ab
60,281,#989c9d
61,281,#9a9b9d
62,281,#a5a8a9
63,281,#a7abac
64,281,#a8acad
65,281,#a5a7a8
66,281,#a1a4a8
67,281,#8f97a0
68,281,#a6b0b9
69,281,#9ba5ae
70,281,#9ca6b0
71,281,#9da9b5
72,281,#acb6bf
73,281,#9da7b0
74,281,#a2acb6
75,281,#9da4ae
76,281,#a7aeb8
77,281,#a0abb1
78,281,#9da6ad
79,281,#9ca3a9
80,281,#989fa5
81,281,#8f969c
82,281,#919a9f
83,281,#7d848a
84,281,#7f868c
85,281,#959aa0
86,281,#90959b
87,281,#969ea0
88,281,#9ca1a4
89,281,#aaaeb1
90,281,#abafaf
91,281,#a3a7a9
92,281,#b7b8b7
93,281,#b5b6b9
94,281,#aeafb0
95,281,#aaaeb1
96,281,#aeb2b5
97,281,#a5abaa
98,281,#a4a8a8
99,281,#a9aaaa
100,281,#9fa09a
101,281,#a29f9a
102,281,#a7a49d
103,281,#b0ada6
104,281,#adaaa3
105,281,#aaa79f
106,281,#b2afa7
107,281,#b3ada7
108,281,#c3bcb3
109,281,#bdb3a8
110,281,#c2b8ae
111,281,#c3b9af
112,281,#c8bcb0
113,281,#c9bdb0
114,281,#c2b6a9
115,281,#aca499
116,281,#a4a097
117,281,#817d77
118,281,#b8b1a7
119,281,#afa79c
120,281,#aca39a
121,281,#928980
122,281,#a39990
123,281,#a1978e
124,281,#948a81
125,281,#999188
126,281,#aea69d
127,281,#aba69b
128,281,#b6b1a8
129,281,#9b9491
130,281,#87847f
131,281,#a6a39e
132,281,#aca6a0
133,281,#c0b9b3
134,281,#aba49e
135,281,#c2beb5
136,281,#c2bdb7
137,281,#cbc6c0
138,281,#b9b4ae
139,281,#aea9a3
140,281,#b2aba3
141,281,#beb7af
142,281,#b4ada5
143,281,#bcb5ad
144,281,#c2bbb3
145,281,#b9b0a7
146,281,#d1c8bf
147,281,#b2aba1
148,281,#beb7ad
149,281,#aaa399
150,281,#a69f97
151,281,#a9a29a
152,281,#d0c9bf
153,281,#d4cdc5
154,281,#7e776f
155,281,#d9d4d2
156,281,#9a9596
157,281,#969599
158,281,#4a4a4d
159,281,#b2b2b3
160,281,#939498
161,281,#969694
162,281,#898a8c
163,281,#939395
164,281,#959190
165,281,#837f7e
166,281,#847f7f
167,281,#898e8f
168,281,#868b8e
169,281,#7f8488
170,281,#7a7f83
171,281,#7f8488
172,281,#878e94
173,281,#858e95
174,281,#67717a
175,281,#6e777e
176,281,#6c757c
177,281,#838d94
178,281,#8c8f93
179,281,#7f8083
180,281,#828786
181,281,#7e878f
182,281,#8c9199
183,281,#5e636a
184,281,#32414a
185,281,#60686e
186,281,#e5e6e6
187,281,#464f53
188,281,#586268
189,281,#59636c
190,281,#5d686e
191,281,#666f74
192,281,#676f71
193,281,#677278
194,281,#5d686e
195,281,#687176
196,281,#626d73
197,281,#5d6c74
198,281,#5f6c74
199,281,#606a73
200,281,#646e75
201,281,#636e74
202,281,#606b71
203,281,#5e696f
204,281,#6b767c
205,281,#646f74
206,281,#59666e
207,281,#56646d
208,281,#596770
209,281,#66737c
210,281,#5d6871
211,281,#58636d
212,281,#5c686f
213,281,#616b73
214,281,#606971
215,281,#5e676d
216,281,#667684
217,281,#4d5e6a
218,281,#576872
219,281,#475560
220,281,#55636c
221,281,#7d848a
222,281,#969c9c
223,281,#929497
224,281,#91969a
225,281,#757f84
226,281,#727a82
227,281,#697277
228,281,#7f888f
229,281,#7b858e
230,281,#8c939b
231,281,#8d95a0
232,281,#7b838b
233,281,#70777d
234,281,#757a7e
235,281,#7d8589
236,281,#80858a
237,281,#848682
238,281,#949493
239,281,#868b92
240,281,#818a8e
241,281,#898c8e
242,281,#908f8a
243,281,#989792
244,281,#96928f
245,281,#787878
246,281,#838385
247,281,#868b8c
248,281,#9fa6aa
249,281,#7b868b
250,281,#92989c
251,281,#8d98a3
252,281,#616d7d
253,281,#616c7a
254,281,#626a7b
255,281,#313845
256,281,#515a66
257,281,#7f8284
258,281,#838486
259,281,#b1b2ac
260,281,#9b9b99
261,281,#9b9b99
262,281,#858989
263,281,#989da0
264,281,#7f8488
265,281,#7e8387
266,281,#87888e
267,281,#7f8687
268,281,#7c8282
269,281,#7f8386
270,281,#808486
271,281,#77797b
272,281,#74777a
273,281,#9fa4a7
274,281,#878d91
275,281,#b9babc
276,281,#a0a4a7
277,281,#747c82
278,281,#70797e
279,281,#7d8288
280,281,#7a7f85
281,281,#8c8f94
282,281,#aeb2b3
283,281,#888c8f
284,281,#a9adb1
285,281,#a7a9ac
286,281,#71767a
287,281,#59696e
288,281,#8f98a6
289,281,#8f928b
290,281,#968c7f
291,281,#ded5c8
292,281,#bcb3a8
293,281,#c8c0b4
294,281,#d6cfc1
295,281,#d0c4b4
296,281,#c0b5a9
297,281,#b7afa6
298,281,#ada49b
299,281,#afa89e
300,281,#c1b9ac
301,281,#ded7cf
302,281,#bcb4a6
303,281,#d7cdc1
304,281,#c2b5ac
305,281,#cec4bb
306,281,#cec9c4
307,281,#cfccc6
308,281,#a8a59e
309,281,#b3afa6
310,281,#c8c6c2
311,281,#d5d2d1
312,281,#c6c3b9
313,281,#b9b5b2
314,281,#bcbcb9
315,281,#b2b3b1
316,281,#d5d6d5
317,281,#bbb9b5
318,281,#bbb7ae
319,281,#b5afa3
320,281,#aaa39b
321,281,#c1bbaf
322,281,#aeaaa1
323,281,#bab7b0
324,281,#b7b4af
325,281,#b2b1ac
326,281,#b6b5b0
327,281,#b7b8b2
328,281,#afb0ab
329,281,#b4b4b2
330,281,#b6b7b5
331,281,#c0c0bd
332,281,#c3c2be
333,281,#bbbab8
334,281,#c1c0bc
335,281,#bbb8b3
336,281,#b5afac
337,281,#c3bdb6
338,281,#d9d2cb
339,281,#cec6bd
340,281,#cfc7bc
341,281,#ccc2b8
342,281,#cbbeb6
343,281,#cec1b8
344,281,#d0c2b7
345,281,#cdc1b3
346,281,#cdbfb2
347,281,#cbc1b0
348,281,#c8bcac
349,281,#cdc0b0
350,281,#cdbfb2
351,281,#cdbfb2
352,281,#cec1b1
353,281,#cec1b1
354,281,#c6b9a9
355,281,#c3b7a7
356,281,#c5b9a9
357,281,#b7ae9f
358,281,#bab1a2
359,281,#bbb2a3
360,281,#b8afa0
361,281,#afa599
362,281,#bbafa3
363,281,#bbafa3
364,281,#afa397
365,281,#b2a99a
366,281,#afa599
367,281,#a89e92
368,281,#a59b8f
369,281,#a79d91
370,281,#a5998b
371,281,#a5998d
372,281,#a09789
373,281,#a2988c
374,281,#a2988e
375,281,#a0988d
376,281,#a2988e
377,281,#a8a093
378,281,#8c8276
379,281,#92887c
380,281,#a59c8e
381,281,#afa69d
382,281,#beb6ac
383,281,#c0b7b0
384,281,#bdb5aa
385,281,#b8afa0
386,281,#b4aa9e
387,281,#a9a194
388,281,#bab2a7
389,281,#b3aaa1
390,281,#b8afa6
391,281,#b6ada4
392,281,#bdb4ab
393,281,#bbb2a9
394,281,#c3bab1
395,281,#bab4a8
396,281,#c1bab0
397,281,#b3afa3
398,281,#b4aea2
399,281,#b1a99e
400,281,#b2a9a0
401,281,#aea59c
402,281,#aea59c
403,281,#aca39a
404,281,#a59c93
405,281,#a89f96
406,281,#9a9188
407,281,#978e85
408,281,#a0978e
409,281,#a89f96
410,281,#928d87
411,281,#9f9a94
412,281,#9d9990
413,281,#a5a198
414,281,#a9a59c
415,281,#99968d
416,281,#99968d
417,281,#9e9a91
418,281,#9b978e
419,281,#9a968d
420,281,#9d9a93
421,281,#a3a099
422,281,#99948e
423,281,#a3a09b
424,281,#9c9a96
425,281,#a6a6a3
426,281,#a39e9b
427,281,#9c9892
428,281,#a19c96
429,281,#a49d97
430,281,#9b9690
431,281,#9b9690
432,281,#99958e
433,281,#9d9a93
434,281,#a09d98
435,281,#99928a
436,281,#908981
437,281,#a19a90
438,281,#9f988e
439,281,#a0998f
440,281,#9f968d
441,281,#928980
442,281,#988e84
443,281,#a0968c
444,281,#a2988e
445,281,#a29a8f
446,281,#a29a8f
447,281,#9f998d
448,281,#a29c90
449,281,#a19a90
450,281,#a2998f
451,281,#97948d
452,281,#a19c96
453,281,#817c76
454,281,#a09b95
455,281,#a6a39b
456,281,#9a9792
457,281,#a09d98
458,281,#a5a09c
459,281,#a8a19b
460,281,#aaa7a0
461,281,#a5a29d
462,281,#9a9995
463,281,#a3a09a
464,281,#a9a097
465,281,#afa59c
466,281,#a59e94
467,281,#a59e94
468,281,#ada59a
469,281,#b0a69c
470,281,#afa599
471,281,#b2a89e
472,281,#beb4a7
473,281,#ada397
474,281,#b1a79d
475,281,#b8b1a9
476,281,#b2a89f
477,281,#bdb5ac
478,281,#c3baaf
479,281,#bdb3a9
480,281,#bab0a6
481,281,#bcb2a8
482,281,#c8beb4
483,281,#c0b6ac
484,281,#c2b8ae
485,281,#ccc2b9
486,281,#c6bcb3
487,281,#c6bdb4
488,281,#c2b9b0
489,281,#c4bbb2
490,281,#c5beb6
491,281,#beb7af
492,281,#beb7af
493,281,#c1bab2
494,281,#bfb8b0
495,281,#b2ada7
496,281,#b7b2ac
497,281,#b7b4ab
498,281,#b3afa6
499,281,#cbc4bc
500,281,#9f9c93
501,281,#a6a299
502,281,#b3aca4
503,281,#b0a9a1
504,281,#b7b0a8
505,281,#cac1b8
506,281,#c7beb7
507,281,#c4c0b5
508,281,#bbb7ae
509,281,#bab5af
510,281,#abaca6
511,281,#afaeaa
512,281,#a9a49e
513,281,#a49f99
514,281,#afaaa4
515,281,#a4a19a
516,281,#97948d
517,281,#99968e
518,281,#9a9b96
519,281,#999592
520,281,#9f9c97
521,281,#9e9b96
522,281,#9e9b96
523,281,#95928d
524,281,#a29f9a
525,281,#a19e99
526,281,#a7a29e
527,281,#a7a29c
528,281,#a49f99
529,281,#a6a19b
530,281,#9d9a93
531,281,#9d9892
532,281,#a09c93
533,281,#949087
534,281,#aca89f
535,281,#a8a197
536,281,#a7a096
537,281,#a69f95
538,281,#a59e94
539,281,#9e978f
540,281,#a59e96
541,281,#aba49c
542,281,#afaba0
543,281,#b7b0a6
544,281,#b6ada4
545,281,#b6ada4
546,281,#b3aca2
547,281,#b8b1a6
548,281,#b4ada5
549,281,#b4ada3
550,281,#ada49b
551,281,#ada49b
552,281,#a79e95
553,281,#a0978e
554,281,#a79e95
555,281,#a29c90
556,281,#bcb5ab
557,281,#a3a197
558,281,#565652
559,281,#9ea5ae
560,281,#81828b
561,281,#aba8a3
562,281,#969293
563,281,#bfbbbc
564,281,#b2b0b2
565,281,#bfb9bc
566,281,#d7d3d1
567,281,#b7aeb5
568,281,#cbc1c2
569,281,#a39d99
570,281,#b2aeac
571,281,#9c9590
572,281,#b3b0a8
573,281,#bab6ac
574,281,#bfb9ae
575,281,#c6bbb5
576,281,#c5b7b3
577,281,#c7c0a7
578,281,#d3d0c1
579,281,#bcbab8
580,281,#b2afaa
581,281,#beb9b5
582,281,#acaba8
583,281,#afaeab
584,281,#a4a3a0
585,281,#b1b0ab
586,281,#a4a39f
587,281,#c1bdb9
588,281,#b6b3ae
589,281,#bab7b2
590,281,#c2bfbc
591,281,#bfbdb9
592,281,#b6b8b2
593,281,#a7a9a8
594,281,#b1b5bb
595,281,#9b9e9e
596,281,#b7b7b5
597,281,#c1beb9
598,281,#cbc7c0
599,281,#c7bfb6
0,282,#bbbcb8
1,282,#b4b4b4
2,282,#b9babc
3,282,#b8b8ba
4,282,#bbbbbd
5,282,#c1c1be
6,282,#c3c2c2
7,282,#b6b7b5
8,282,#b4b4b3
9,282,#b6b6b5
10,282,#b9bcbb
11,282,#bfc0c0
12,282,#c0c0c0
13,282,#c0c0be
14,282,#c2c2c1
15,282,#c1c6c9
16,282,#bcc1c4
17,282,#babec1
18,282,#b1b5b7
19,282,#adb1b4
20,282,#abb0b3
21,282,#abafb2
22,282,#b3b8ba
23,282,#abb1b2
24,282,#a6abad
25,282,#a1a5a6
26,282,#999d9f
27,282,#919598
28,282,#b7bbbe
29,282,#c5c9cc
30,282,#b2b6b9
31,282,#979b9e
32,282,#a8acae
33,282,#959998
34,282,#a3a7a9
35,282,#a0a2a1
36,282,#949597
37,282,#8d9295
38,282,#8b8c90
39,282,#909495
40,282,#929b9f
41,282,#9199a2
42,282,#8d9aa2
43,282,#909ea6
44,282,#909ea7
45,282,#8395a1
46,282,#a2b3be
47,282,#7b8790
48,282,#9aa3ac
49,282,#bac1cb
50,282,#c5c9cd
51,282,#bfc4c8
52,282,#9fa5a7
53,282,#a2a6a8
54,282,#a0a1a4
55,282,#a3a7aa
56,282,#b2b4b8
57,282,#cdcfd2
58,282,#bbbcbf
59,282,#afb0b4
60,282,#969b9f
61,282,#7d848a
62,282,#717c7e
63,282,#80898b
64,282,#949899
65,282,#8b8d8f
66,282,#9a9da2
67,282,#868b8f
68,282,#989da3
69,282,#979ca3
70,282,#939aa3
71,282,#92979b
72,282,#838c95
73,282,#737d86
74,282,#808a94
75,282,#9fa7ad
76,282,#a0a8b0
77,282,#939ba5
78,282,#969da7
79,282,#8a919a
80,282,#879095
81,282,#bbc4cb
82,282,#999da0
83,282,#999ea1
84,282,#a5adb5
85,282,#b9babe
86,282,#aaaeb1
87,282,#9b9fa0
88,282,#babec1
89,282,#a8abb0
90,282,#bbc1c7
91,282,#b5bbc1
92,282,#a1a8af
93,282,#a5adb5
94,282,#b2bac1
95,282,#a3a7aa
96,282,#95969a
97,282,#999b9a
98,282,#797b78
99,282,#a4a5a2
100,282,#a6a5a3
101,282,#8a8987
102,282,#a6a7a2
103,282,#a8a9a4
104,282,#aaaba6
105,282,#a0a09e
106,282,#b7b6b4
107,282,#adaca7
108,282,#afaea7
109,282,#b9b6af
110,282,#b0b0ab
111,282,#b4b4af
112,282,#b9b5af
113,282,#b8b3ad
114,282,#b5b0aa
115,282,#beb6ab
116,282,#b8afa6
117,282,#bab2a8
118,282,#b1aa9f
119,282,#b8b1a7
120,282,#b6afa5
121,282,#beb7af
122,282,#a4a097
123,282,#a49d95
124,282,#b2aaa2
125,282,#afaca3
126,282,#aba69d
127,282,#bdb6ae
128,282,#a59e94
129,282,#b2aba1
130,282,#aca59c
131,282,#b8afa5
132,282,#b0a598
133,282,#b9afa3
134,282,#aea69b
135,282,#bfb5a9
136,282,#b3a99e
137,282,#b6b0a7
138,282,#aea9a0
139,282,#a19b93
140,282,#aba79e
141,282,#aca7a1
142,282,#a9a8a0
143,282,#9d9a93
144,282,#9a958f
145,282,#a7a098
146,282,#aaa39b
147,282,#99958a
148,282,#b5aca3
149,282,#a49d93
150,282,#a9a196
151,282,#b1a99e
152,282,#a79e95
153,282,#a89f96
154,282,#9c938a
155,282,#7d756a
156,282,#aba59b
157,282,#a9a8a5
158,282,#5d5b5b
159,282,#3b393b
160,282,#706f72
161,282,#919297
162,282,#7c858b
163,282,#8e9699
164,282,#91999d
165,282,#888f98
166,282,#4f5457
167,282,#565b5b
168,282,#5f6367
169,282,#899298
170,282,#96a0a5
171,282,#9ea6ae
172,282,#a4abb1
173,282,#6d7276
174,282,#878a8c
175,282,#858a8e
176,282,#8a8f93
177,282,#8c9799
178,282,#545f6a
179,282,#505e6b
180,282,#53646c
181,282,#54636c
182,282,#6e7474
183,282,#91989c
184,282,#56636e
185,282,#4c5a67
186,282,#394a58
187,282,#66747f
188,282,#657079
189,282,#61686f
190,282,#606b74
191,282,#5c6770
192,282,#5d6b6d
193,282,#646f73
194,282,#687178
195,282,#646e76
196,282,#5f6871
197,282,#677077
198,282,#5e676e
199,282,#626e77
200,282,#5b656f
201,282,#5d6d79
202,282,#626b74
203,282,#656d77
204,282,#636b75
205,282,#5c6971
206,282,#59646d
207,282,#5e666e
208,282,#646b73
209,282,#686f77
210,282,#70777b
211,282,#6e757c
212,282,#6f7578
213,282,#687173
214,282,#677276
215,282,#5e6c74
216,282,#455768
217,282,#384a59
218,282,#435361
219,282,#4a5863
220,282,#415661
221,282,#445765
222,282,#4b5f68
223,282,#4b585c
224,282,#757875
225,282,#9a9a99
226,282,#adaaa9
227,282,#c4c0b9
228,282,#a5adb1
229,282,#79838c
230,282,#747f85
231,282,#7f848a
232,282,#868c8f
233,282,#767b7c
234,282,#929391
235,282,#798388
236,282,#293b4a
237,282,#5d6670
238,282,#5c666b
239,282,#798183
240,282,#7e8281
241,282,#88888a
242,282,#78787b
243,282,#909192
244,282,#939499
245,282,#919596
246,282,#969da2
247,282,#929599
248,282,#869098
249,282,#686d77
250,282,#515661
251,282,#868791
252,282,#a5a3a1
253,282,#b0aba4
254,282,#bbb5b1
255,282,#aeaca0
256,282,#a7a09a
257,282,#a9aaa4
258,282,#8c8c87
259,282,#b2b0ad
260,282,#a4a3a3
261,282,#7b797c
262,282,#7a7a77
263,282,#b5b7b7
264,282,#a9aaaf
265,282,#a3a4a2
266,282,#949599
267,282,#a6a9a5
268,282,#5d6162
269,282,#c0c5c7
270,282,#8b8c88
271,282,#7d7975
272,282,#a9aeb0
273,282,#878e95
274,282,#717a7d
275,282,#717776
276,282,#9c9e9f
277,282,#767671
278,282,#747672
279,282,#979796
280,282,#8b8d89
281,282,#7e7e82
282,282,#838786
283,282,#656a6a
284,282,#6f7377
285,282,#666e74
286,282,#4f585b
287,282,#696f76
288,282,#a8a59e
289,282,#f2e4d3
290,282,#f7eddc
291,282,#e3d6c5
292,282,#dfceba
293,282,#cabaaa
294,282,#c3b3a4
295,282,#cabeb5
296,282,#c8bdb1
297,282,#e0d5c8
298,282,#beb1a1
299,282,#b7a895
300,282,#ada497
301,282,#cdbeb3
302,282,#b3afa5
303,282,#b7aea2
304,282,#c7bdb3
305,282,#bdb9b0
306,282,#bbb4a9
307,282,#a9a398
308,282,#cbc6bc
309,282,#c4b9ad
310,282,#c8bfb5
311,282,#b6afa3
312,282,#d1cbbf
313,282,#b2aea6
314,282,#b3afab
315,282,#bebfbd
316,282,#cccbc7
317,282,#b2ada5
318,282,#a9a59c
319,282,#a19d94
320,282,#b2afa6
321,282,#b3aea7
322,282,#938f85
323,282,#b9b5ac
324,282,#aea9a6
325,282,#a09d93
326,282,#a6a39a
327,282,#afa9a1
328,282,#b3aca5
329,282,#b6afa8
330,282,#b1aea8
331,282,#b1aea9
332,282,#b3aea7
333,282,#b7b3ab
334,282,#b7b3aa
335,282,#bab6ac
336,282,#b7b2a9
337,282,#b2ada4
338,282,#b6b2a9
339,282,#b7b3aa
340,282,#b9b2a8
341,282,#bab3a9
342,282,#b6ada4
343,282,#beb5ac
344,282,#b9b1a7
345,282,#b9b0a7
346,282,#bbb2a9
347,282,#c0b6ad
348,282,#beb4aa
349,282,#bcb2a8
350,282,#bab2a5
351,282,#bcb2a6
352,282,#bab0a6
353,282,#bdb3a9
354,282,#bdb3a9
355,282,#b4aba2
356,282,#b8afa6
357,282,#b9afa4
358,282,#b7ada1
359,282,#b7ada1
360,282,#afa89d
361,282,#afa79c
362,282,#a9a095
363,282,#aea59a
364,282,#9f968c
365,282,#a79d93
366,282,#a79d93
367,282,#a89e94
368,282,#a69c92
369,282,#a3998f
370,282,#a59b91
371,282,#a3998f
372,282,#a2988c
373,282,#a3998d
374,282,#a1978b
375,282,#a0968a
376,282,#a1978b
377,282,#a0968c
378,282,#a2988e
379,282,#a1978d
380,282,#a69c90
381,282,#a59b8f
382,282,#a3998e
383,282,#a49a8f
384,282,#a59b8f
385,282,#a0968a
386,282,#a2988c
387,282,#a1988a
388,282,#a49a8e
389,282,#a69c92
390,282,#a3998f
391,282,#a3998f
392,282,#a3998f
393,282,#a2988e
394,282,#a2988e
395,282,#9e9488
396,282,#9e9488
397,282,#a0968a
398,282,#a49a8e
399,282,#a3998d
400,282,#a0968a
401,282,#a0968a
402,282,#a2988c
403,282,#a49a8e
404,282,#a49a8e
405,282,#9b9187
406,282,#a3998f
407,282,#998f85
408,282,#9c9288
409,282,#9f958b
410,282,#a3998f
411,282,#9e948a
412,282,#a2988e
413,282,#a49a91
414,282,#9c9389
415,282,#a39a8f
416,282,#a1978b
417,282,#9e9488
418,282,#9c9286
419,282,#978d81
420,282,#958b7f
421,282,#9e9488
422,282,#a49a90
423,282,#9f958b
424,282,#a3998f
425,282,#9f958b
426,282,#9c9288
427,282,#9c9389
428,282,#a0968c
429,282,#9e948a
430,282,#9b9588
431,282,#9e968a
432,282,#a1998c
433,282,#a29a8d
434,282,#9e968a
435,282,#9c948a
436,282,#978e84
437,282,#968c82
438,282,#9c9288
439,282,#a49a90
440,282,#9d9588
441,282,#9c9489
442,282,#978f84
443,282,#9e968b
444,282,#a0988d
445,282,#a0988b
446,282,#a39b8e
447,282,#a39a90
448,282,#a69c92
449,282,#a69c92
450,282,#9f998d
451,282,#a19a92
452,282,#a3a19a
453,282,#a19e97
454,282,#a49f9b
455,282,#a6a29a
456,282,#a7a39b
457,282,#a5a09a
458,282,#a7a29c
459,282,#aba6a0
460,282,#a9a39b
461,282,#a8a197
462,282,#afa79c
463,282,#b6aea3
464,282,#b5aba1
465,282,#b6aea3
466,282,#b5ada2
467,282,#b4aaa0
468,282,#bab0a6
469,282,#aba293
470,282,#c7bdb2
471,282,#beb4aa
472,282,#b1aa9f
473,282,#b3aba0
474,282,#b5aba2
475,282,#bfb6ad
476,282,#bfb6ad
477,282,#bab1aa
478,282,#c2b9b0
479,282,#c0b8ad
480,282,#c3b9b0
481,282,#c4bab1
482,282,#c1b7ae
483,282,#c3b9b0
484,282,#cac0b7
485,282,#c2b9b0
486,282,#c3bab1
487,282,#c1b8af
488,282,#bcb3aa
489,282,#bfb6af
490,282,#c2bbb3
491,282,#bbb4ae
492,282,#b8b3ad
493,282,#bdb8b2
494,282,#b8b3ad
495,282,#bcb9b4
496,282,#b4b1ac
497,282,#b6b1aa
498,282,#b6afa7
499,282,#b4aba4
500,282,#b6b1ab
501,282,#aaa59f
502,282,#b2aea5
503,282,#b2afa6
504,282,#c1beb5
505,282,#cac5bf
506,282,#ccc7c1
507,282,#cdcbc3
508,282,#a6a39c
509,282,#b3b0ab
510,282,#adada5
511,282,#918e8b
512,282,#aea89f
513,282,#a09991
514,282,#aca59a
515,282,#9c9894
516,282,#b3b0ac
517,282,#9b9893
518,282,#999691
519,282,#979390
520,282,#a2a19c
521,282,#989896
522,282,#9a9993
523,282,#aaa7a0
524,282,#9c9791
525,282,#a8a59e
526,282,#a19c96
527,282,#aea9a3
528,282,#9e9993
529,282,#aaa69d
530,282,#9f9a96
531,282,#a9a59c
532,282,#a5a19a
533,282,#a5a09a
534,282,#a9a49e
535,282,#918d84
536,282,#a7a39a
537,282,#a5a195
538,282,#aeaaa1
539,282,#a39f96
540,282,#aea79f
541,282,#aba49c
542,282,#b6b2a9
543,282,#bbb1a6
544,282,#bbb2a9
545,282,#b5aea2
546,282,#c3bab1
547,282,#b6a8a1
548,282,#afb0a9
549,282,#b9b1ab
550,282,#b6b1a5
551,282,#ada89f
552,282,#c2bbb3
553,282,#b7aea5
554,282,#bfb5ac
555,282,#aca399
556,282,#979085
557,282,#8d8787
558,282,#5b6371
559,282,#97989a
560,282,#bcbdba
561,282,#7d838b
562,282,#6c6a71
563,282,#a2a3a0
564,282,#3b3b49
565,282,#82848a
566,282,#b5b0b2
567,282,#a3a79d
568,282,#a7ada9
569,282,#b3b0ac
570,282,#b1b1ac
571,282,#b2b2af
572,282,#b3b4b2
573,282,#b7b7b2
574,282,#bcb8b3
575,282,#bfb9ae
576,282,#c0b8ae
577,282,#c6bfb4
578,282,#c9c0b6
579,282,#c8beb5
580,282,#c1bab0
581,282,#b9b5ae
582,282,#aaa9a6
583,282,#a7a6a4
584,282,#a4a2a3
585,282,#b2afa8
586,282,#b7b4ae
587,282,#b6b5b0
588,282,#aeada9
589,282,#969593
590,282,#a7abac
591,282,#8f9394
592,282,#898c89
593,282,#878b88
594,282,#8e9291
595,282,#919392
596,282,#aaabad
597,282,#a9acab
598,282,#b3b7b6
599,282,#b4b5b5
0,283,#a3a9b0
1,283,#9fa6aa
2,283,#a2a8ac
3,283,#a0a5aa
4,283,#aaafb4
5,283,#858d96
6,283,#899098
7,283,#99a1a5
8,283,#9aa1a5
9,283,#959a9f
10,283,#9ca1a4
11,283,#a6aaad
12,283,#b0b0b3
13,283,#b4b3b7
14,283,#b3b3b6
15,283,#b5b6b8
16,283,#bdbec0
17,283,#b7bbbf
18,283,#aaafb3
19,283,#b9bec2
20,283,#bdc5c8
21,283,#c6cbcf
22,283,#b1b6ba
23,283,#b7bcc0
24,283,#b6bbbf
25,283,#b0b5b9
26,283,#a3a8ac
27,283,#a2a6aa
28,283,#a2a6a9
29,283,#9ea2a5
30,283,#9ba0a3
31,283,#999da0
32,283,#606368
33,283,#8d9192
34,283,#8f9396
35,283,#8e908f
36,283,#8d8e90
37,283,#888c8d
38,283,#959698
39,283,#95999c
40,283,#86939b
41,283,#88959e
42,283,#9199a1
43,283,#979ea6
44,283,#90979f
45,283,#8f979a
46,283,#92979a
47,283,#8a9194
48,283,#898e92
49,283,#8c8f93
50,283,#888b90
51,283,#8b8e93
52,283,#83898d
53,283,#868c91
54,283,#888c91
55,283,#85898c
56,283,#878b8e
57,283,#868b8a
58,283,#6e7375
59,283,#73767d
60,283,#878b8c
61,283,#9a9b9b
62,283,#9a9a98
63,283,#969798
64,283,#828387
65,283,#6f787c
66,283,#63676a
67,283,#5c5e5e
68,283,#6c6e6e
69,283,#757678
70,283,#7f8282
71,283,#939391
72,283,#797e82
73,283,#6c7176
74,283,#8f9499
75,283,#a5adb0
76,283,#a1a8ae
77,283,#8d9599
78,283,#979fa2
79,283,#9ca4a7
80,283,#9ca3a9
81,283,#b2bac4
82,283,#dce0e2
83,283,#94989b
84,283,#92979b
85,283,#9fa7aa
86,283,#969b9f
87,283,#b1b6ba
88,283,#999ea2
89,283,#a9aeb2
90,283,#a7aaaf
91,283,#979a9f
92,283,#a1a5a8
93,283,#a6aaad
94,283,#b1b5b8
95,283,#959a9d
96,283,#999da0
97,283,#b5b6ba
98,283,#a5a6aa
99,283,#a6a7ab
100,283,#abafb0
101,283,#abafb0
102,283,#9ea09f
103,283,#979998
104,283,#a2a4a3
105,283,#a1a3a0
106,283,#939391
107,283,#b4b5b0
108,283,#b6b5b1
109,283,#b4b3af
110,283,#b4b1ac
111,283,#adaaa5
112,283,#b8b5ae
113,283,#aba8a1
114,283,#aba8a1
115,283,#aaa9a1
116,283,#acaaa5
117,283,#a7a6a1
118,283,#b2b1ac
119,283,#a7a6a1
120,283,#ababa5
121,283,#acaca8
122,283,#a5a6a1
123,283,#a6a5a1
124,283,#a4a09d
125,283,#aca89d
126,283,#b6afa5
127,283,#b7afa4
128,283,#b8afa6
129,283,#b6ada4
130,283,#b1ada4
131,283,#aba49a
132,283,#979289
133,283,#b2aea5
134,283,#aeaaa1
135,283,#a29f98
136,283,#a29f98
137,283,#9c9994
138,283,#93908b
139,283,#9a9792
140,283,#9d9c97
141,283,#999894
142,283,#9e9b95
143,283,#aba6a0
144,283,#b3aca6
145,283,#b2aba1
146,283,#b0a99f
147,283,#928a7f
148,283,#b7aaa1
149,283,#b1a79d
150,283,#b7afa2
151,283,#d6cec3
152,283,#d1c9be
153,283,#b1a99e
154,283,#c2baaf
155,283,#9a938b
156,283,#aba49c
157,283,#918d84
158,283,#a8a39d
159,283,#928d89
160,283,#b2ada8
161,283,#b6b2af
162,283,#8f8d8f
163,283,#a09e9f
164,283,#c5cace
165,283,#999faa
166,283,#7c8493
167,283,#5e717d
168,283,#525e69
169,283,#646f77
170,283,#777c7e
171,283,#676c6f
172,283,#868a8d
173,283,#797e82
174,283,#7a838a
175,283,#798289
176,283,#778087
177,283,#77818a
178,283,#76808a
179,283,#747f84
180,283,#606d73
181,283,#59666e
182,283,#5b676d
183,283,#5a656b
184,283,#666e75
185,283,#686c70
186,283,#696e71
187,283,#666e73
188,283,#666e72
189,283,#6b7073
190,283,#727b7f
191,283,#737b81
192,283,#677177
193,283,#606d75
194,283,#53636c
195,283,#5e6d73
196,283,#5f6d75
197,283,#5d6770
198,283,#415463
199,283,#83898c
200,283,#7c8689
201,283,#616c72
202,283,#5f6b71
203,283,#616e74
204,283,#5c696f
205,283,#5d6770
206,283,#69737c
207,283,#606d73
208,283,#657278
209,283,#5c696f
210,283,#636e75
211,283,#63717c
212,283,#6d7e8c
213,283,#3a4c5a
214,283,#627383
215,283,#6c7e89
216,283,#4c5a67
217,283,#404d58
218,283,#1d2630
219,283,#38444e
220,283,#606973
221,283,#687073
222,283,#6a6e70
223,283,#828385
224,283,#9a9a9f
225,283,#bdbdb9
226,283,#babdba
227,283,#cbcfd3
228,283,#7e868f
229,283,#838790
230,283,#79848a
231,283,#8a9197
232,283,#888b8c
233,283,#8e8e8d
234,283,#a09e9a
235,283,#949390
236,283,#979796
237,283,#8b8d8b
238,283,#8c8a8a
239,283,#949394
240,283,#999d9d
241,283,#8f9297
242,283,#8c959b
243,283,#90999e
244,283,#878f99
245,283,#86919c
246,283,#7e8a96
247,283,#707c8b
248,283,#708496
256,283,#576375
257,283,#6a768a
258,283,#414d5e
259,283,#3e4855
260,283,#404c52
261,283,#58636b
262,283,#81858c
263,283,#9ca1a5
264,283,#969b9f
265,283,#aeb4b4
266,283,#9ea6ac
267,283,#5b6164
268,283,#656a70
269,283,#767b81
270,283,#515b61
271,283,#747b7e
272,283,#4f5558
273,283,#666b6f
274,283,#a8a8a7
275,283,#737574
276,283,#8b8b8d
277,283,#9e9d98
278,283,#aca79f
279,283,#a79d94
280,283,#a89e95
281,283,#b2a89e
282,283,#a39b8e
283,283,#bdb5a8
284,283,#a1988d
285,283,#cdc7bc
286,283,#96918a
287,283,#858281
288,283,#939391
289,283,#8b8e92
290,283,#9d9d9b
291,283,#dfd4c2
292,283,#d2c1ab
293,283,#a99c8d
294,283,#b8ab9c
295,283,#b2a391
296,283,#c1b4a5
297,283,#d2cac0
298,283,#c5bbb2
299,283,#d4c9bd
300,283,#c5c0b5
301,283,#c0b7b2
302,283,#a9a69e
303,283,#cac1b8
304,283,#c4bdb7
305,283,#cac9c5
306,283,#c1bcb6
307,283,#ccc5bb
308,283,#b9b6af
309,283,#b5aca4
310,283,#a99f95
311,283,#b4aba2
312,283,#b3b0a9
313,283,#b9b8b3
314,283,#afaeaa
315,283,#a6a8a7
316,283,#aaaaa8
317,283,#a6a39f
318,283,#aaa6a2
319,283,#a6a29e
320,283,#babab2
321,283,#a5a09c
322,283,#a1a19a
323,283,#9d9c97
324,283,#a4a39f
325,283,#a2a19c
326,283,#a4a39f
327,283,#a1a19f
328,283,#a1a19f
329,283,#a6a6a4
330,283,#a5a4a0
331,283,#a4a39f
332,283,#a3a29d
333,283,#a5a4a0
334,283,#a4a39f
335,283,#a5a29d
336,283,#a5a29d
337,283,#a4a19c
338,283,#a6a39e
339,283,#a7a49f
340,283,#aaa7a1
341,283,#adaaa4
342,283,#b1ada3
343,283,#ada99f
344,283,#aca89e
345,283,#b2a9a0
346,283,#afa69d
347,283,#aea79d
348,283,#ada69c
349,283,#afa89e
350,283,#aaa69b
351,283,#b0a99f
352,283,#ada79b
353,283,#aca69a
354,283,#ada79b
355,283,#aba398
356,283,#afa79c
357,283,#aba299
358,283,#aaa198
359,283,#aaa198
360,283,#a9a397
361,283,#a8a095
362,283,#aaa297
363,283,#a9a196
364,283,#9e968b
365,283,#a2988e
366,283,#a0968c
367,283,#a0968c
368,283,#a2988e
369,283,#a2988e
370,283,#a3998f
371,283,#a59b91
372,283,#a0968a
373,283,#a2988c
374,283,#a2988c
375,283,#a2988c
376,283,#a59b8f
377,283,#a49a90
378,283,#a59b91
379,283,#a59b91
380,283,#a49a8e
381,283,#a59b8f
382,283,#a3998d
383,283,#a3998d
384,283,#9f9589
385,283,#9b9185
386,283,#9f9589
387,283,#9d9485
388,283,#a1978b
389,283,#a2988e
390,283,#9f958b
391,283,#a0968c
392,283,#a3998f
393,283,#a3998f
394,283,#a1978d
395,283,#a1978b
396,283,#a79d91
397,283,#a69c90
398,283,#a79d91
399,283,#a2988c
400,283,#a1978b
401,283,#a0968a
402,283,#a69c90
403,283,#a69c90
404,283,#a3998d
405,283,#a3998f
406,283,#a2988e
407,283,#a0968c
408,283,#a1978d
409,283,#a59b91
410,283,#a0968c
411,283,#a2988e
412,283,#a2988e
413,283,#a2988e
414,283,#a1978d
415,283,#9d9387
416,283,#a3998d
417,283,#a59b8f
418,283,#a3998d
419,283,#a59b8f
420,283,#9c9286
421,283,#a1978b
422,283,#aca298
423,283,#a79d93
424,283,#a69c92
425,283,#a69c92
426,283,#9e948a
427,283,#aaa096
428,283,#a89e94
429,283,#a59b91
430,283,#a59d90
431,283,#a1978b
432,283,#a49a8e
433,283,#a1978b
434,283,#9f9589
435,283,#a39b8e
436,283,#9e9689
437,283,#9e948a
438,283,#988e84
439,283,#978d83
440,283,#9c9487
441,283,#a69e93
442,283,#a79f94
443,283,#a59d92
444,283,#a29a8f
445,283,#a29c90
446,283,#9d968c
447,283,#9b968e
448,283,#a09c93
449,283,#a5a198
450,283,#a5a09a
451,283,#9f9b92
452,283,#a9a59a
453,283,#aca59b
454,283,#b1a8a1
455,283,#aba49c
456,283,#afa8a0
457,283,#b6ada4
458,283,#b3aaa1
459,283,#b6ada4
460,283,#b6afa5
461,283,#b6ada4
462,283,#b2aca0
463,283,#b3aba0
464,283,#b1a99e
465,283,#b0a79e
466,283,#b4aba2
467,283,#b3aaa1
468,283,#b5aca3
469,283,#a69e94
470,283,#b2a9a0
471,283,#b9b0a7
472,283,#b8b2a6
473,283,#bbb2a9
474,283,#c0b7b0
475,283,#bbb4ac
476,283,#b3aca4
477,283,#b7aea7
478,283,#c0b7ae
479,283,#c2b9b0
480,283,#beb5ac
481,283,#c1b8af
482,283,#c4bab1
483,283,#bfb5ac
484,283,#c7bdb4
485,283,#c2b9b0
486,283,#b7aea5
487,283,#c2b9b0
488,283,#b4aba2
489,283,#bbb2ab
490,283,#beb7af
491,283,#b3aca6
492,283,#a6a19b
493,283,#ada8a2
494,283,#9c9791
495,283,#bfbcb7
496,283,#b4b1ac
497,283,#afafaa
498,283,#bdbcb8
499,283,#b9b5b2
500,283,#b0ada8
501,283,#a9a6a1
502,283,#b0aba7
503,283,#bfbab6
504,283,#b2ada9
505,283,#b3aea8
506,283,#aea9a3
507,283,#beb7af
508,283,#a09d98
509,283,#949695
510,283,#8f8f8e
511,283,#858587
512,283,#b6b7b8
513,283,#858587
514,283,#acaba7
515,283,#a19d9a
516,283,#a09c99
517,283,#9a9792
518,283,#a09d98
519,283,#a09c99
520,283,#9b9a96
521,283,#949492
522,283,#8e908d
523,283,#929290
524,283,#989896
525,283,#a4a39e
526,283,#a4a19c
527,283,#a09d94
528,283,#a6a39c
529,283,#a7a3a0
530,283,#9e9b96
531,283,#95928b
532,283,#a7a49f
533,283,#9f9c97
534,283,#aca9a4
535,283,#aba6a0
536,283,#a19c96
537,283,#b2aba1
538,283,#a7a09a
539,283,#b6afa9
540,283,#b6b1ab
541,283,#a6a19b
542,283,#b1aea5
543,283,#c0bbb3
544,283,#aaa59f
545,283,#9b948e
546,283,#b1aea9
547,283,#a4a9a4
548,283,#ada6a5
549,283,#beb8af
550,283,#bcb4b0
551,283,#b8b1aa
552,283,#a8a198
553,283,#ada7a0
554,283,#cdc8c4
555,283,#7a7c78
556,283,#bbb2a6
557,283,#d5cbc5
558,283,#ccccce
559,283,#b9b6ae
560,283,#515158
563,283,#696a7c
564,283,#8d8c8d
565,283,#9695a0
566,283,#535667
570,283,#99a1a8
571,283,#a2a6aa
572,283,#aaabac
573,283,#a8aaa9
574,283,#aaaaaa
575,283,#adaeac
576,283,#aeaead
577,283,#abacab
578,283,#aeaead
579,283,#b0adad
580,283,#aaabaa
581,283,#a9aaab
582,283,#a0a29d
583,283,#a5a7a3
584,283,#a3a5a3
585,283,#a4a7a7
586,283,#a3a6a6
587,283,#9da1a0
588,283,#9b9fa0
589,283,#a2a6a9
590,283,#a1a5a8
591,283,#a0a4a7
592,283,#a2a6a7
593,283,#a1a5a8
594,283,#8d9095
595,283,#7e8689
596,283,#8a9197
597,283,#879095
598,283,#8e979c
599,283,#989fa5
0,284,#8b9499
1,284,#8f989f
2,284,#85919a
3,284,#707d86
4,284,#818e97
5,284,#7f8c94
6,284,#889198
7,284,#8d969d
8,284,#99a0a8
9,284,#8e929b
10,284,#889294
11,284,#99a1a4
12,284,#9ca4a9
13,284,#9fa7ac
14,284,#a0a8ae
15,284,#a4abb1
16,284,#a4abb1
17,284,#a5acb2
18,284,#aeb5bb
19,284,#a9b0b6
20,284,#acb3b9
21,284,#a8afb5
22,284,#a6abb1
23,284,#adb2b8
24,284,#a0a5ab
25,284,#a4a7ac
26,284,#aaadb2
27,284,#adb2b6
28,284,#a2a7ab
29,284,#8f9498
30,284,#62676a
31,284,#53575a
32,284,#94979d
33,284,#9ea2a5
34,284,#999ca1
35,284,#969897
36,284,#999a9c
37,284,#92999b
38,284,#949ba1
39,284,#8c98a0
40,284,#8a959b
41,284,#8b9298
42,284,#757b81
43,284,#6e757b
44,284,#6f767c
45,284,#767c81
46,284,#818689
47,284,#878c8f
48,284,#909598
49,284,#8e9396
50,284,#8c908f
51,284,#898b8a
52,284,#848686
53,284,#7f7f80
54,284,#838183
55,284,#7a7c79
56,284,#727471
57,284,#908f8c
58,284,#8b8a87
59,284,#81807c
60,284,#7d7e79
61,284,#767875
62,284,#787b79
63,284,#7b7d7b
64,284,#868582
65,284,#8d8e89
66,284,#888885
67,284,#7b7d7a
68,284,#797b7a
69,284,#78797b
70,284,#6d7172
71,284,#797a7c
72,284,#787c80
73,284,#85898c
74,284,#a6aaad
75,284,#727878
76,284,#6f7477
77,284,#797e81
78,284,#767b7e
79,284,#898e91
80,284,#898e92
81,284,#8a949d
82,284,#9099a2
83,284,#9098a0
84,284,#adb4bc
85,284,#7b888e
86,284,#969fa6
87,284,#9ca3ab
88,284,#9ba2a8
89,284,#8e9699
90,284,#a1a6ac
91,284,#8a8f95
92,284,#9fa4a8
93,284,#72777b
94,284,#a9aeb2
95,284,#9da5a8
96,284,#a2a7ab
97,284,#999d9f
98,284,#919596
99,284,#818586
100,284,#a9aaac
101,284,#b0b1b3
102,284,#929697
103,284,#b5b9ba
104,284,#a8acad
105,284,#bbbfbe
106,284,#a8aaa9
107,284,#a0a29f
108,284,#a9a9a7
109,284,#afafad
110,284,#a3a29e
111,284,#a7a6a2
112,284,#969590
113,284,#b7b6b1
114,284,#adaca7
115,284,#9d9c97
116,284,#adaca8
117,284,#a9a5a2
118,284,#9f9b98
119,284,#ada9a6
120,284,#a9aaa5
121,284,#aaaaa8
122,284,#95948f
123,284,#a9a8a3
124,284,#aaa7a2
125,284,#acaba6
126,284,#a5a29d
127,284,#adaaa1
128,284,#b8b5ae
129,284,#989491
130,284,#a5a49f
131,284,#a6a39c
132,284,#9b9994
133,284,#a9a69f
134,284,#a9a59c
135,284,#948d84
136,284,#ada69d
137,284,#aca7a0
138,284,#a7a29c
139,284,#8a857f
140,284,#7f7c73
141,284,#b8b5ae
142,284,#99958d
143,284,#948d85
144,284,#948d85
145,284,#a9a196
146,284,#b9b1a6
147,284,#bbb4aa
148,284,#b1a79e
149,284,#aaa298
150,284,#a29b93
151,284,#a9a29c
152,284,#a6a39c
153,284,#99968f
154,284,#95928b
155,284,#a3a09b
156,284,#9e9993
157,284,#9d9990
158,284,#ada9a0
159,284,#a39e98
160,284,#aca9a4
161,284,#a2a19d
162,284,#909597
163,284,#999a9c
164,284,#878c8f
165,284,#7d848c
166,284,#757986
167,284,#8c9195
168,284,#8a8a8d
169,284,#8c8d90
170,284,#82868d
171,284,#9ea3ab
172,284,#a2abb2
173,284,#8d949a
174,284,#697076
175,284,#656c72
176,284,#6e757b
177,284,#6c7579
178,284,#697078
179,284,#6b7074
180,284,#656d6f
181,284,#5a656b
182,284,#6c767b
183,284,#5c676d
184,284,#616a71
185,284,#5e6a71
186,284,#667076
187,284,#687274
188,284,#656e73
189,284,#666f74
190,284,#667076
191,284,#646d75
192,284,#757e83
193,284,#6b747a
194,284,#6d757d
195,284,#46535d
196,284,#4c5864
197,284,#515f6a
198,284,#727a7e
199,284,#7e8589
200,284,#515c61
201,284,#6b757e
202,284,#6f767c
203,284,#757c82
204,284,#767d83
205,284,#69717b
206,284,#6b737d
207,284,#656f78
208,284,#616b74
209,284,#606a73
210,284,#3b4d59
211,284,#354351
212,284,#5b666e
213,284,#717a82
214,284,#8d949a
215,284,#979b9e
216,284,#9ca09f
217,284,#7a7e83
218,284,#7e8489
219,284,#80888e
220,284,#858e93
221,284,#7d8287
222,284,#73787c
223,284,#787d81
224,284,#888c91
225,284,#868f99
226,284,#899299
227,284,#7b858a
228,284,#777e84
229,284,#656c74
230,284,#6b747b
231,284,#6f767c
232,284,#797e82
233,284,#8d9092
234,284,#989897
235,284,#9fa1a0
236,284,#828992
237,284,#5d697b
238,284,#474b51
239,284,#959ea3
240,284,#858e9a
241,284,#5d697b
242,284,#7a8795
243,284,#313e47
244,284,#4f596a
245,284,#657585
246,284,#838f9b
247,284,#838d96
248,284,#98a0a4
249,284,#bbc1c7
250,284,#646b7f
251,284,#8a8d9c
252,284,#363943
253,284,#9fa3a8
254,284,#0d0e19
255,284,#9a9f9d
256,284,#a3a9a4
257,284,#babfc3
258,284,#76787e
259,284,#88898e
260,284,#9195a1
261,284,#777f8c
262,284,#778187
263,284,#677279
264,284,#5c6670
265,284,#657077
266,284,#6e7679
267,284,#7a8587
268,284,#485158
269,284,#798086
270,284,#939aa1
271,284,#777d7f
272,284,#8a8b89
273,284,#9a9c97
274,284,#979392
275,284,#8f8c84
276,284,#908c89
277,284,#847e76
278,284,#a69f95
279,284,#aea69d
280,284,#9b938a
281,284,#aca49c
282,284,#999283
283,284,#a59d90
284,284,#7f776c
285,284,#8f857e
286,284,#938a84
287,284,#686661
288,284,#72736b
289,284,#858581
290,284,#928e83
291,284,#9b978c
292,284,#a69f97
293,284,#bbb9b5
294,284,#a9a5a3
295,284,#bbb5ae
296,284,#ada59b
297,284,#978d83
298,284,#9b9188
299,284,#b8ada5
300,284,#b3b0ab
301,284,#b7b6ba
302,284,#b4b1ac
303,284,#b3aea9
304,284,#c3c1c1
305,284,#afaeac
306,284,#b5b0ac
307,284,#b4ada3
308,284,#c2bfba
309,284,#b6b1ad
310,284,#aaa7a0
311,284,#a9a8a4
312,284,#999c9b
313,284,#9d9f9e
314,284,#a7a7a7
315,284,#6c6e6d
316,284,#909291
317,284,#8c8c8c
318,284,#999999
319,284,#a3a3a3
320,284,#9d9e99
321,284,#9d9998
322,284,#9b9b99
323,284,#999997
324,284,#999997
325,284,#999a95
326,284,#979795
327,284,#929290
328,284,#9a9a98
329,284,#9f9f9d
330,284,#979998
331,284,#959796
332,284,#9c9c9c
333,284,#959595
334,284,#939393
335,284,#949494
336,284,#959595
337,284,#999999
338,284,#989898
339,284,#9c9c9c
340,284,#9ea09d
341,284,#939592
342,284,#969694
343,284,#989896
344,284,#9c9c9a
345,284,#9a9a96
346,284,#979792
347,284,#a1a09c
348,284,#a09f9b
349,284,#9b9a96
350,284,#a1a09b
351,284,#9f9d98
352,284,#a29d99
353,284,#a39e9a
354,284,#a29d99
355,284,#9a9790
356,284,#a29f98
357,284,#9d9991
358,284,#a39f96
359,284,#a8a49b
360,284,#a39c92
361,284,#a49b92
362,284,#a49c91
363,284,#9f978c
364,284,#a0988d
365,284,#a0968c
366,284,#a2988e
367,284,#a3998f
368,284,#a59b91
369,284,#a59b91
370,284,#a2988e
371,284,#a59b91
372,284,#a0968a
373,284,#a2988c
374,284,#9c9286
375,284,#a1978b
376,284,#a2988c
377,284,#a3998f
378,284,#a49a90
379,284,#a1978d
380,284,#9f9589
381,284,#9f9589
382,284,#a2988c
383,284,#a2988c
384,284,#a1978b
385,284,#a1978b
386,284,#a1978b
387,284,#9f9687
388,284,#9c9286
389,284,#9e948a
390,284,#9f958b
391,284,#9b9187
392,284,#a2988e
393,284,#aaa096
394,284,#a89e94
395,284,#a1978b
396,284,#a1978b
397,284,#9f9589
398,284,#a49a8e
399,284,#a59b8f
400,284,#a59b8f
401,284,#a2988c
402,284,#a0968a
403,284,#a1978b
404,284,#9e9488
405,284,#a3998f
406,284,#a3998f
407,284,#9e948a
408,284,#9f958b
409,284,#a0968c
410,284,#9f958b
411,284,#a1978d
412,284,#a2988e
413,284,#a3998f
414,284,#a59b91
415,284,#a2988c
416,284,#a69c90
417,284,#a69c90
418,284,#a59b8f
419,284,#a79d91
420,284,#ada397
421,284,#a69c90
422,284,#a99f95
423,284,#a79d93
424,284,#aaa096
425,284,#a2988e
426,284,#968c82
427,284,#968c80
428,284,#a0968a
429,284,#9d9387
430,284,#a49a8e
431,284,#a19589
432,284,#a4988c
433,284,#a5998d
434,284,#a2968a
435,284,#a09788
436,284,#a2998a
437,284,#9f958b
438,284,#9d9389
439,284,#a89e94
440,284,#a8a093
441,284,#9a9287
442,284,#a29b91
443,284,#a0998f
444,284,#9d968c
445,284,#9d9990
446,284,#9e9993
447,284,#9e9b94
448,284,#a8a59e
449,284,#a7a49d
450,284,#9b9893
451,284,#aaa7a0
452,284,#a7a49c
453,284,#a9a59f
454,284,#ada8a4
455,284,#a8a39d
456,284,#aaa59f
457,284,#a8a5a0
458,284,#aba8a3
459,284,#a8a5a0
460,284,#aeaaa7
461,284,#b0aba6
462,284,#b7b2ac
463,284,#b3aca6
464,284,#bbb4ae
465,284,#bcb3ac
466,284,#bdb4ad
467,284,#b7b0a6
468,284,#b9b2aa
469,284,#bab3ad
470,284,#bfb8b0
471,284,#bab3ab
472,284,#b8afa6
473,284,#c2bbb3
474,284,#b5b0aa
475,284,#afaaa4
476,284,#afaaa4
477,284,#b0a9a0
478,284,#b7b0a8
479,284,#bdb6b0
480,284,#c1bdb4
481,284,#b1a8a1
482,284,#bcb2a9
483,284,#c3b9b0
484,284,#c0b6ad
485,284,#b7aea5
486,284,#bdb4ab
487,284,#b4aba2
488,284,#b8afa6
489,284,#b6ada6
490,284,#bdb9b0
491,284,#b0aba5
492,284,#9e9993
493,284,#bab5af
494,284,#a6a19b
495,284,#b5b2ad
496,284,#a4a19c
497,284,#9e9d98
498,284,#a5a49f
499,284,#b2afaa
500,284,#a3a29e
501,284,#b1b0ac
502,284,#9e9d99
503,284,#bcbbb7
504,284,#83827e
505,284,#ababa9
506,284,#9c9c9a
507,284,#9c9b9b
508,284,#939393
509,284,#a1a19f
510,284,#919596
511,284,#6f7374
512,284,#666b6e
513,284,#919597
514,284,#8f908a
515,284,#afaba8
516,284,#afaba8
517,284,#bcb9b4
518,284,#a4a19c
519,284,#94908d
520,284,#9c9b99
521,284,#9a9b96
522,284,#989a95
523,284,#9b9c97
524,284,#9a9995
525,284,#9e9f9a
526,284,#a09f9b
527,284,#b2b1ae
528,284,#a7a6a2
529,284,#9f9f97
530,284,#9b9b93
531,284,#9d9c97
532,284,#a4a39f
533,284,#9c9b97
534,284,#999894
535,284,#a4a19c
536,284,#a29f9a
537,284,#adaba0
538,284,#aeaba6
539,284,#a5a29d
540,284,#a4a39f
541,284,#a6a5a1
542,284,#a6a29a
543,284,#bbbcba
544,284,#999997
545,284,#a1a2a1
546,284,#7b7c7e
547,284,#b6b7b7
548,284,#b2babd
549,284,#93999b
550,284,#8b9094
551,284,#95999e
552,284,#7d8589
553,284,#989da0
554,284,#848484
555,284,#8a929a
556,284,#a6a8b0
557,284,#818d8e
558,284,#8e9298
559,284,#9f9ea4
560,284,#a2a1a3
561,284,#70667e
562,284,#8a8c9c
563,284,#696c73
564,284,#c0c2bf
565,284,#d9cccb
566,284,#878182
567,284,#c1bbbb
568,284,#878b8f
569,284,#949b9a
570,284,#989d9d
571,284,#9a9ea0
572,284,#9ca0a3
573,284,#989da1
574,284,#9ba2a8
575,284,#9ea3a9
576,284,#a0a3aa
577,284,#a4a9ac
578,284,#a5a9ac
579,284,#abacb0
580,284,#a1a6aa
581,284,#a3a7aa
582,284,#a0a4a7
583,284,#a4a8ab
584,284,#a0a3a8
585,284,#a2a6a9
586,284,#a4a8ab
587,284,#a7a8aa
588,284,#a4a5a7
589,284,#abacb0
590,284,#aaadb2
591,284,#aaadb2
592,284,#a6aaac
593,284,#9fa3a6
594,284,#a2a5aa
595,284,#9ea3a7
596,284,#959aa0
597,284,#90979f
598,284,#8b949b
599,284,#8c979d
0,285,#92999f
1,285,#969da3
2,285,#959ea3
3,285,#949da4
4,285,#969ea8
5,285,#8d97a1
6,285,#8e98a2
7,285,#8b959e
8,285,#8c969f
9,285,#89939c
10,285,#8d97a0
11,285,#909aa4
12,285,#8a949e
13,285,#8d97a0
14,285,#919ba4
15,285,#8f99a2
16,285,#929ca5
17,285,#969ea6
18,285,#99a2a9
19,285,#9aa3aa
20,285,#9099a0
21,285,#969da5
22,285,#9ea5ab
23,285,#a2a9af
24,285,#a5acb2
25,285,#9aa2a5
26,285,#798086
27,285,#80858b
28,285,#969da3
29,285,#5a636a
30,285,#9ea3a8
31,285,#8e9398
32,285,#8e989a
33,285,#90989b
34,285,#909599
35,285,#7f878a
36,285,#858e95
37,285,#818b94
38,285,#727a84
39,285,#717983
40,285,#7e878e
41,285,#868f96
42,285,#7d848a
43,285,#575e64
44,285,#4f565c
45,285,#525659
46,285,#5f6364
47,285,#68696b
48,285,#656668
49,285,#6d6e70
50,285,#6e7273
51,285,#717576
52,285,#707475
53,285,#6c6d6d
54,285,#6a6965
55,285,#706d68
56,285,#73726e
57,285,#868581
58,285,#858480
59,285,#81807c
60,285,#777674
61,285,#777672
62,285,#6b6a66
63,285,#6b6b69
64,285,#6d6d6b
65,285,#757671
66,285,#71716f
67,285,#6f7271
68,285,#6f7271
69,285,#757776
70,285,#848685
71,285,#8b8c8e
72,285,#8d9295
73,285,#8b8f90
74,285,#717372
75,285,#818584
76,285,#848889
77,285,#7f8384
78,285,#73777a
79,285,#7c7f84
80,285,#798289
81,285,#80888e
82,285,#737d83
83,285,#6c757c
84,285,#757d87
85,285,#555d60
86,285,#889294
87,285,#959ea4
88,285,#99a1ab
89,285,#899297
90,285,#8c959a
91,285,#747b83
92,285,#8e959b
93,285,#82898f
94,285,#878e94
95,285,#a8adb0
96,285,#959a9d
97,285,#979ca0
98,285,#979ca0
99,285,#969a9d
100,285,#a8abb0
101,285,#9da0a5
102,285,#9a9ea1
103,285,#919598
104,285,#909497
105,285,#989c9f
106,285,#a5a9ac
107,285,#9ca0a1
108,285,#a0a4a5
109,285,#a9aaac
110,285,#a2a2a0
111,285,#afaeaa
112,285,#989791
113,285,#a4a39d
114,285,#a3a29d
115,285,#a2a29e
116,285,#b3b3b1
117,285,#a7a7a7
118,285,#a0a09f
119,285,#b0b0ad
120,285,#b6b5b0
121,285,#b4b3af
122,285,#989894
123,285,#989793
124,285,#a6a5a1
125,285,#9a9995
126,285,#a3a29e
127,285,#9c9b98
128,285,#9a9995
129,285,#999893
130,285,#979691
131,285,#908f8a
132,285,#95928b
133,285,#a8a49b
134,285,#b4ada3
135,285,#a19d92
136,285,#9f9890
137,285,#9a968c
138,285,#ada8a4
139,285,#8a857f
140,285,#b5aea5
141,285,#b1aaa2
142,285,#87847b
143,285,#8d8980
144,285,#a19a92
145,285,#b0a99f
146,285,#c3bcb4
147,285,#8a867d
148,285,#a9a59c
149,285,#96918b
150,285,#a9a6a1
151,285,#999691
152,285,#a8a39e
153,285,#948f8a
154,285,#b3aea9
155,285,#b5b2ab
156,285,#aeaba4
157,285,#bfbebc
158,285,#b4b4b2
159,285,#979795
160,285,#919191
161,285,#9e9fa1
162,285,#919391
163,285,#8e8f8c
164,285,#959593
165,285,#898e91
166,285,#979ca0
167,285,#818589
168,285,#8e9295
169,285,#7d8184
170,285,#8e9397
171,285,#72777b
172,285,#8a8e91
173,285,#7e7f81
174,285,#777777
175,285,#6d7174
176,285,#7a7e81
177,285,#727677
178,285,#757a7d
179,285,#62696e
180,285,#626a6f
181,285,#646a6e
182,285,#5b6065
183,285,#6c7379
184,285,#778087
185,285,#727b82
186,285,#7b838d
187,285,#7c878d
188,285,#67717a
189,285,#505a63
190,285,#5a646d
191,285,#68727b
192,285,#5f6c74
193,285,#637078
194,285,#647179
195,285,#65727a
196,285,#637079
197,285,#69737c
198,285,#66707a
199,285,#67717b
200,285,#68757d
201,285,#66737b
202,285,#6c7884
203,285,#67737f
204,285,#697581
205,285,#6a7780
206,285,#68757e
207,285,#646e78
208,285,#68727c
209,285,#6a747e
210,285,#67717a
211,285,#67717a
212,285,#727c84
213,285,#6f7982
214,285,#6e7882
215,285,#7f888f
216,285,#7c848e
217,285,#858d97
218,285,#7f8791
219,285,#7c848e
220,285,#7d888c
221,285,#7c8389
222,285,#7d8389
223,285,#8d9396
224,285,#989c9f
225,285,#9c9e9e
226,285,#9b9c9e
227,285,#848685
228,285,#9a9c99
229,285,#9fa0a5
230,285,#a8acae
231,285,#839198
232,285,#435263
233,285,#4d6271
236,285,#536471
237,285,#697582
238,285,#96a2b1
239,285,#5a6675
240,285,#5e6e7b
241,285,#768598
242,285,#424b5d
244,285,#95a2ae
245,285,#8f97a1
246,285,#2f3946
247,285,#929da1
248,285,#747f81
249,285,#747f81
250,285,#707b7f
251,285,#707a83
252,285,#78858e
253,285,#7c8992
254,285,#9daab3
255,285,#86939c
256,285,#5b6471
257,285,#616e7b
258,285,#7b858e
259,285,#74828d
260,285,#778087
261,285,#989eaa
262,285,#a5acb0
263,285,#858d92
264,285,#939ba4
265,285,#a1afba
266,285,#6f7881
267,285,#798488
268,285,#727c83
269,285,#464c58
270,285,#444953
271,285,#7b8690
272,285,#a6a7a2
273,285,#c0bbb2
274,285,#33312a
275,285,#bab6ab
276,285,#aaa297
277,285,#eae1d0
278,285,#b5ada2
279,285,#cdc7bb
280,285,#c6bdb3
281,285,#d5cdc2
282,285,#a89e94
283,285,#ece0d2
284,285,#efe1d4
285,285,#e1d8c9
286,285,#ccc3b4
287,285,#c4bcad
288,285,#d0c7b8
289,285,#d4c8ba
290,285,#ddd5c6
291,285,#f7ebdb
292,285,#e2d6c1
293,285,#d2cbba
294,285,#c6bca9
295,285,#aca495
296,285,#a09689
297,285,#998e84
298,285,#7b7975
299,285,#797775
300,285,#707374
301,285,#959593
302,285,#989a99
303,285,#999ea1
304,285,#a6a6a4
305,285,#777a79
306,285,#aea9a6
307,285,#a9aaa5
308,285,#9d9d9b
309,285,#a9a9a9
310,285,#a1a3a2
311,285,#999b9a
312,285,#9ea09f
313,285,#999b9a
314,285,#9a9c9b
315,285,#9c9d9f
316,285,#999a9c
317,285,#999b9a
318,285,#969897
319,285,#969897
320,285,#939496
321,285,#959698
322,285,#8f9392
323,285,#939594
324,285,#969696
325,285,#949695
326,285,#9a9c9b
327,285,#939496
328,285,#959698
329,285,#929395
330,285,#8d8e90
331,285,#939496
332,285,#949694
333,285,#8d8e90
334,285,#909196
335,285,#8b8f8e
336,285,#919392
337,285,#949597
338,285,#919294
339,285,#8c8d8f
340,285,#949496
341,285,#909193
342,285,#8e9390
343,285,#919392
344,285,#919193
345,285,#949693
346,285,#90928f
347,285,#949494
348,285,#939393
349,285,#9a9a9a
350,285,#8e8f8a
351,285,#959593
352,285,#90928f
353,285,#989994
354,285,#989792
355,285,#989792
356,285,#9b9893
357,285,#94918c
358,285,#9e9b94
359,285,#9c9791
360,285,#9b948a
361,285,#a59c93
362,285,#9f958b
363,285,#a49a90
364,285,#a2988e
365,285,#a2988e
366,285,#a49a90
367,285,#a49a90
368,285,#a3998f
369,285,#a3998f
370,285,#a0988d
371,285,#9f978c
372,285,#a1978d
373,285,#9d9389
374,285,#9d9389
375,285,#a1978d
376,285,#9c9288
377,285,#a2988e
378,285,#a1978d
379,285,#a1978d
380,285,#a2988c
381,285,#a0968c
382,285,#a0968a
383,285,#9f958b
384,285,#9f958c
385,285,#a1978b
386,285,#9e9488
387,285,#a1998e
388,285,#9f978c
389,285,#a1998e
390,285,#9f998b
391,285,#a09a8e
392,285,#9f978c
393,285,#9f968c
394,285,#998f86
395,285,#9f968f
396,285,#999287
397,285,#9b9289
398,285,#9a9288
399,285,#9d948a
400,285,#9e978d
401,285,#a1988c
402,285,#a1988d
403,285,#9d958a
404,285,#9f978c
405,285,#968e81
406,285,#9b9386
407,285,#978f82
408,285,#9a9285
409,285,#9a9285
410,285,#9d9387
411,285,#978d81
412,285,#a1998c
413,285,#9e9689
414,285,#9d9588
415,285,#9d958a
416,285,#a29a8f
417,285,#9d9387
418,285,#9c9286
419,285,#a89e92
420,285,#a0968a
421,285,#9d9387
422,285,#8f877c
423,285,#968e83
424,285,#a29a8f
425,285,#9a9285
426,285,#9c9487
427,285,#9d9387
428,285,#a0968a
429,285,#9f9589
430,285,#9e9689
431,285,#a3998d
432,285,#988f80
433,285,#9e9587
434,285,#9d9387
435,285,#a1998e
436,285,#a1998e
437,285,#9e958c
438,285,#9f968d
439,285,#a0978e
440,285,#938f86
441,285,#918d84
442,285,#96938c
443,285,#a7a49f
444,285,#a8a5a0
445,285,#afaca7
446,285,#aba8a3
447,285,#aeaaa7
448,285,#a7a3a0
449,285,#aeaaa7
450,285,#aca9a4
451,285,#b2afaa
452,285,#b0aca9
453,285,#b2aeab
454,285,#b5b1ae
455,285,#b5b1ae
456,285,#b6b2af
457,285,#acaca6
458,285,#abaaa5
459,285,#adaaa5
460,285,#b0ada8
461,285,#b2afaa
462,285,#aca4a1
463,285,#b3aba8
464,285,#bbb3b0
465,285,#b9b2ac
466,285,#b5aea8
467,285,#b3aca3
468,285,#b4ada3
469,285,#b5aea4
470,285,#b5aea6
471,285,#b7aea7
472,285,#b9b0a9
473,285,#c1b8b1
474,285,#b3aaa3
475,285,#aba49c
476,285,#b6b1ab
477,285,#b2ada7
478,285,#aaa59f
479,285,#aea9a3
480,285,#a19c96
481,285,#a29d97
482,285,#b7b1a8
483,285,#b1aaa2
484,285,#aca39c
485,285,#b4ada4
486,285,#aaa39d
487,285,#a1998f
488,285,#aba299
489,285,#b5aca5
490,285,#aea7a1
491,285,#a49f99
492,285,#aeaba3
493,285,#a6a19d
494,285,#9c9c99
495,285,#95948f
496,285,#989793
497,285,#adaca9
498,285,#6e706f
499,285,#949391
500,285,#a09f9c
501,285,#b0b0ae
502,285,#999b98
503,285,#959593
504,285,#a3a2a0
505,285,#959593
506,285,#9a9a9a
507,285,#b7b8b4
508,285,#a2a2a4
509,285,#9a9a9a
510,285,#adadab
511,285,#a3a3a1
512,285,#9a9995
513,285,#a2a19d
514,285,#979692
515,285,#a29e9b
516,285,#b1adaa
517,285,#bfbfb9
518,285,#b0afaa
519,285,#b1b0ab
520,285,#a29f9a
521,285,#a1a09c
522,285,#9b9a98
523,285,#9c9b99
524,285,#9d9c9a
525,285,#a6a7a1
526,285,#b0afad
527,285,#a4a39f
528,285,#a29d97
529,285,#9e9c98
530,285,#a6a29f
531,285,#b0aca9
532,285,#a4a39e
533,285,#a9a8a4
534,285,#a5a4a2
535,285,#aaa9a5
536,285,#bab9b5
537,285,#989994
538,285,#9c9d98
539,285,#a7a6a4
540,285,#b0b0ae
541,285,#adada9
542,285,#babbb5
543,285,#a7a8a3
544,285,#a5a4a2
545,285,#a1a2a1
546,285,#858e8c
547,285,#858f99
548,285,#7e898d
549,285,#7a838a
550,285,#889296
551,285,#7e8a93
552,285,#818b90
553,285,#75797c
554,285,#383f47
555,285,#4f5563
556,285,#585f6e
557,285,#818b91
558,285,#8c908c
559,285,#989899
560,285,#b8b5b7
561,285,#c5bdb9
562,285,#cac5b7
564,285,#868489
565,285,#878391
566,285,#6e6d71
567,285,#949698
568,285,#687079
569,285,#8e949e
570,285,#91979c
571,285,#94999f
572,285,#93999f
573,285,#8d979d
574,285,#8c929d
575,285,#9198a0
576,285,#939aa2
577,285,#919aa0
578,285,#969fa6
579,285,#989fa9
580,285,#9ca3ab
581,285,#a3a8ac
582,285,#9da1a4
583,285,#9da2a6
584,285,#9da4aa
585,285,#a2a5aa
586,285,#a4a8ab
587,285,#a5a9aa
588,285,#a6a7ab
589,285,#a5a4aa
590,285,#a0a5a9
591,285,#a4a7ac
592,285,#9ca1a4
593,285,#9ca1a4
594,285,#9fa4a7
595,285,#9a9fa3
596,285,#9ca1a5
597,285,#959ca2
598,285,#939aa0
599,285,#939aa0
0,286,#959ea5
1,286,#929ba2
2,286,#8d989e
3,286,#919ba4
4,286,#909aa4
5,286,#848e98
6,286,#848e98
7,286,#839099
8,286,#84919a
9,286,#839099
10,286,#86949f
11,286,#818f9c
12,286,#818e98
13,286,#839099
14,286,#839099
15,286,#818e97
16,286,#828f98
17,286,#84929d
18,286,#8795a0
19,286,#85939e
20,286,#85929a
21,286,#8c969f
22,286,#9098a3
23,286,#929aa5
24,286,#9098a3
25,286,#9099a0
26,286,#929aa4
27,286,#929ba3
28,286,#8f99a2
29,286,#89969f
30,286,#8b97a3
31,286,#8e9aa6
32,286,#8d9aa3
33,286,#8e9aa3
34,286,#8d97a1
35,286,#87939b
36,286,#869099
37,286,#7f8c94
38,286,#808a93
39,286,#7f8791
40,286,#80878d
41,286,#838a90
42,286,#767d83
43,286,#5e656b
44,286,#787f85
45,286,#7c8184
46,286,#787e7e
47,286,#717574
48,286,#737574
49,286,#777777
50,286,#7d7f7c
51,286,#7b7d7a
52,286,#a1a19f
53,286,#8f8f8d
54,286,#878682
55,286,#7d7d7b
56,286,#737371
57,286,#74736f
58,286,#7b7a76
59,286,#868581
60,286,#7e7e7d
61,286,#737375
62,286,#676969
63,286,#686866
64,286,#73706b
65,286,#70726f
66,286,#747675
67,286,#7c7e7b
68,286,#767674
69,286,#8f8e8c
70,286,#838582
71,286,#7a7c7b
72,286,#757573
73,286,#777775
74,286,#848685
75,286,#717574
76,286,#777b7c
77,286,#75797a
78,286,#808487
79,286,#787b80
80,286,#7c7c7c
81,286,#767a7b
82,286,#83888b
83,286,#798086
84,286,#868e98
85,286,#6e777e
86,286,#81888e
87,286,#8a969c
88,286,#8995a1
89,286,#8995a1
90,286,#8c99a2
91,286,#95a0a6
92,286,#949da5
93,286,#838b94
94,286,#929aa3
95,286,#939aa3
96,286,#969da6
97,286,#979ca1
98,286,#90979d
99,286,#9aa1a7
100,286,#94999d
101,286,#989da1
102,286,#9b9fa2
103,286,#83878a
104,286,#8a8e91
105,286,#9a9fa3
106,286,#9a9fa3
107,286,#9b9fa2
108,286,#a8acaf
109,286,#b4b5b9
110,286,#abacb0
111,286,#9b9ca1
112,286,#b0b2b4
113,286,#7f8284
114,286,#8e9094
115,286,#929395
116,286,#919296
117,286,#979797
118,286,#878788
119,286,#959596
120,286,#999b9a
121,286,#898b8a
122,286,#878988
123,286,#9c9c9c
124,286,#8e8c8d
125,286,#8d8d8b
126,286,#9a9a98
127,286,#9a9b95
128,286,#93938b
129,286,#93908b
130,286,#9c9c94
131,286,#9e9b94
132,286,#948f89
133,286,#96938c
134,286,#87847d
135,286,#88857c
136,286,#948f89
137,286,#98948b
138,286,#9a958f
139,286,#9c9793
140,286,#9b9692
141,286,#928d87
142,286,#b1ada4
143,286,#948d85
144,286,#b0a7a0
145,286,#a49d93
146,286,#a8a199
147,286,#a19d91
148,286,#9b9692
149,286,#95908a
150,286,#64635f
151,286,#e9e8e4
152,286,#9a9694
153,286,#979391
154,286,#b2aeac
155,286,#a6a5a1
156,286,#acaba9
157,286,#9b9c9b
158,286,#868887
159,286,#9d9f9e
160,286,#929697
161,286,#93989b
162,286,#7e8688
163,286,#919699
164,286,#94989b
165,286,#7b7f80
166,286,#8c9093
167,286,#9ca1a5
168,286,#91969a
169,286,#9ba0a4
170,286,#95999c
171,286,#929699
172,286,#808487
173,286,#93979a
174,286,#7e8285
175,286,#838486
176,286,#7e7f81
177,286,#73767a
178,286,#696d6e
179,286,#646663
180,286,#5f6160
181,286,#636466
182,286,#676c6d
183,286,#787e7f
184,286,#7b8083
185,286,#747d84
186,286,#8d959f
187,286,#949ea7
188,286,#919ba5
189,286,#838d97
190,286,#727f87
191,286,#707d86
192,286,#74818a
193,286,#727f88
194,286,#717e87
195,286,#6f7d86
196,286,#6c7a85
197,286,#6c7882
198,286,#727e8a
199,286,#737f8b
200,286,#717f8c
201,286,#6d7b88
202,286,#6d7985
203,286,#6c7884
204,286,#717d89
205,286,#707e89
206,286,#6f7d88
207,286,#717f8a
208,286,#778590
209,286,#75838e
210,286,#77848d
211,286,#78858e
212,286,#737f8d
213,286,#75818f
214,286,#707c88
215,286,#78858d
216,286,#879298
217,286,#899097
218,286,#8c939a
219,286,#888f96
220,286,#848d92
221,286,#818a91
222,286,#76828a
223,286,#6c7780
224,286,#808a91
225,286,#8c939d
226,286,#8c9399
227,286,#898b91
228,286,#80878c
229,286,#6a7584
235,286,#506274
236,286,#728291
237,286,#5e6c77
238,286,#6b7885
239,286,#687182
240,286,#6e7681
241,286,#89929b
242,286,#7e878f
243,286,#84898e
244,286,#7e878b
245,286,#80898e
246,286,#8a9298
247,286,#68767a
248,286,#56656a
249,286,#707e86
250,286,#6e7b84
251,286,#495561
252,286,#8c98a2
253,286,#5f6a74
254,286,#838f98
255,286,#4c565f
256,286,#828895
257,286,#8f9599
258,286,#85898d
259,286,#a9a9aa
260,286,#bbbab8
261,286,#b2b2b4
262,286,#9ea4a6
263,286,#a3aab0
264,286,#9ca4b2
265,286,#868f95
266,286,#94999c
267,286,#9c9c9b
268,286,#c0bfbd
269,286,#a3a29f
270,286,#9e9e9b
271,286,#7a7b7b
272,286,#9b9b96
273,286,#b0aea9
274,286,#989896
275,286,#8e8d88
276,286,#979592
277,286,#b5b1a4
278,286,#bab6af
279,286,#bfbab4
280,286,#d4c8b8
281,286,#cbbfb4
282,286,#c4bcb4
283,286,#c9c3b7
284,286,#beb7ae
285,286,#d4cbc2
286,286,#c5bcb3
287,286,#e0dacd
288,286,#c9c1b4
289,286,#d4cabe
290,286,#d1c9bc
291,286,#d9d0c1
292,286,#bfb1a6
293,286,#eeddd1
294,286,#d2c2b6
295,286,#dbc9b9
296,286,#afa190
297,286,#e2d7c3
298,286,#b0a797
299,286,#d4c9ba
300,286,#d2c8bb
301,286,#dbd3ca
302,286,#606464
303,286,#afb1b0
304,286,#81817f
305,286,#b7b9b8
306,286,#9f9e9c
307,286,#a4a6a4
308,286,#989a99
309,286,#a0a1a3
310,286,#99999b
311,286,#9c9c9e
312,286,#979b9c
313,286,#95999a
314,286,#909495
315,286,#999d9c
316,286,#919594
317,286,#949898
318,286,#8c9090
319,286,#939797
320,286,#909493
321,286,#919594
322,286,#949a9a
323,286,#8c9091
324,286,#8c8d8f
325,286,#8f9392
326,286,#8b8f90
327,286,#939496
328,286,#939496
329,286,#919294
330,286,#909193
331,286,#8f9092
332,286,#929493
333,286,#8d8e90
334,286,#909195
335,286,#8d9393
336,286,#848889
337,286,#919598
338,286,#868a8d
339,286,#898d90
340,286,#929698
341,286,#898d90
342,286,#838789
343,286,#8a8e91
344,286,#85888d
345,286,#8c8f94
346,286,#878a8f
347,286,#8e9293
348,286,#838788
349,286,#8c9091
350,286,#8b8d8c
351,286,#8e908f
352,286,#8f9092
353,286,#8b8b8b
354,286,#8c8b89
355,286,#959792
356,286,#93948f
357,286,#928f89
358,286,#949188
359,286,#969289
360,286,#9e978d
361,286,#9f968d
362,286,#a1998e
363,286,#9e968b
364,286,#a0988d
365,286,#a3998f
366,286,#a0968c
367,286,#a49a90
368,286,#9e948a
369,286,#a3998f
370,286,#a1998e
371,286,#9e968b
372,286,#9b9187
373,286,#a59b91
374,286,#a3998f
375,286,#a1978d
376,286,#a2988e
377,286,#a2988e
378,286,#a3998f
379,286,#9a9086
380,286,#9e9488
381,286,#a49a90
382,286,#a1978b
383,286,#9e948a
384,286,#a0968d
385,286,#a0988d
386,286,#a39b90
387,286,#a19a90
388,286,#9a9389
389,286,#a19a90
390,286,#9b978c
391,286,#9a968d
392,286,#97968c
393,286,#92918c
394,286,#898788
395,286,#91918a
396,286,#858584
397,286,#93928e
398,286,#908f8b
399,286,#8a8985
400,286,#8a8a85
401,286,#8b8a86
402,286,#939089
403,286,#95918b
404,286,#8c8881
405,286,#928e85
406,286,#949087
407,286,#9a938b
408,286,#9b948c
409,286,#8c857d
410,286,#9c9489
411,286,#948c81
412,286,#9c9287
413,286,#9b9186
414,286,#9a9085
415,286,#9e9488
416,286,#988e82
417,286,#9c9288
418,286,#9a9086
419,286,#9b9187
420,286,#9b9386
421,286,#989083
422,286,#9e9488
423,286,#a2988c
424,286,#a0968a
425,286,#998f84
426,286,#948a7f
427,286,#a39b90
428,286,#9b9388
429,286,#a49c91
430,286,#9a9486
431,286,#969084
432,286,#aaa69c
433,286,#a6a299
434,286,#a6a19b
435,286,#aaa69f
436,286,#a6a29b
437,286,#a4a19b
438,286,#928f8a
439,286,#adaaa5
440,286,#a9a5a2
441,286,#afaba8
442,286,#acaba6
443,286,#a9a8a4
444,286,#a4a39f
445,286,#a3a2a0
446,286,#a3a2a0
447,286,#a2a19d
448,286,#989793
449,286,#b2b1ad
450,286,#aaa9a5
451,286,#a5a4a0
452,286,#aaa6a3
453,286,#a9a5a2
454,286,#aaa6a3
455,286,#a9a5a2
456,286,#afaba8
457,286,#afaea9
458,286,#b3b0ab
459,286,#a7a29e
460,286,#aca7a1
461,286,#a7a29c
462,286,#a7a29e
463,286,#b4afab
464,286,#a9a4a0
465,286,#afaaa4
466,286,#b1aca6
467,286,#b3aaa3
468,286,#b3aaa3
469,286,#b6ada6
470,286,#b5aca5
471,286,#b6ada6
472,286,#b3aaa3
473,286,#b1a8a1
474,286,#b2a9a2
475,286,#a89f96
476,286,#9d968e
477,286,#a3a097
478,286,#b1aea7
479,286,#aeaba6
480,286,#a5a29c
481,286,#9b9892
482,286,#b4b4af
483,286,#9b9995
484,286,#b4b0ac
485,286,#a5a6a3
486,286,#8c8c8c
487,286,#b0afaa
488,286,#878682
489,286,#979694
490,286,#8d8a84
491,286,#908d88
492,286,#898989
493,286,#989493
494,286,#aeada7
495,286,#989896
496,286,#939393
497,286,#a0a09e
498,286,#9b9fa0
499,286,#888989
500,286,#9da0a1
501,286,#b8b8b6
502,286,#acadaa
503,286,#a4a4a2
504,286,#a0a09e
505,286,#9e9c9d
506,286,#abaaa6
507,286,#a9a8a1
508,286,#aeadab
509,286,#aaa9a6
510,286,#a6a5a1
511,286,#abaaa6
512,286,#888783
513,286,#afaeaa
514,286,#a1a09c
515,286,#a39f9c
516,286,#b1adaa
517,286,#bcbbb6
518,286,#ccccca
519,286,#737678
520,286,#999999
521,286,#696967
522,286,#b1b0ae
523,286,#b9b8b6
524,286,#aeadab
525,286,#a7a6a1
526,286,#b4b3af
527,286,#a3a29f
528,286,#b7b2ac
529,286,#aeaba7
530,286,#c1bdbc
531,286,#9f9c97
532,286,#b2b1ac
533,286,#9e9d99
534,286,#acaba9
535,286,#aaa9a5
536,286,#a1a09c
537,286,#a7a6a4
538,286,#b6b5b3
539,286,#abaca7
540,286,#a1a09e
541,286,#989a99
542,286,#868685
543,286,#9f9f9d
544,286,#a6a5a1
545,286,#92928a
546,286,#8f9096
547,286,#9b9c9b
548,286,#8b8d8f
549,286,#8f9394
550,286,#878787
551,286,#9f9b9a
552,286,#8c9194
553,286,#7a8085
554,286,#7a8087
555,286,#7b8085
556,286,#86868c
557,286,#8a898f
558,286,#938d8e
559,286,#a19c9a
560,286,#a6a29a
561,286,#bfb7b0
562,286,#d2cec7
563,286,#c4c1bb
564,286,#938f9b
565,286,#7c7d83
566,286,#8e8d98
567,286,#706e7a
568,286,#949298
569,286,#878686
571,286,#858899
572,286,#898e96
573,286,#7c888f
574,286,#85919a
575,286,#818d99
576,286,#8894a0
577,286,#89969f
578,286,#8d99a2
579,286,#8c96a0
580,286,#8e979e
581,286,#8f979d
582,286,#90969c
583,286,#93989d
584,286,#969b9f
585,286,#959ca2
586,286,#90979d
587,286,#969da3
588,286,#99a0a6
589,286,#989fa7
590,286,#98a1a6
591,286,#9aa1a7
592,286,#9ca3a9
593,286,#979ea4
594,286,#9aa1a7
595,286,#9ca4a7
596,286,#99a0a6
597,286,#9ba2aa
598,286,#9ba2aa
599,286,#949ba3
0,287,#99a0a7
1,287,#979ea5
2,287,#97a0a6
3,287,#9aa3ab
4,287,#949ca9
5,287,#95a2aa
6,287,#95a2aa
7,287,#8e9da9
8,287,#8a9aa7
9,287,#94a4b3
10,287,#8798a6
11,287,#8b9caa
12,287,#8c9cab
13,287,#8494a1
14,287,#84959f
15,287,#83919c
16,287,#8995a1
17,287,#8e9ba4
18,287,#8e9ba4
19,287,#939fab
20,287,#8e9aa6
21,287,#919da9
22,287,#8f9ba7
23,287,#8894a0
24,287,#8995a1
25,287,#8998a4
26,287,#8c9aa7
27,287,#8999a4
28,287,#8d9aa3
29,287,#8e9ba4
30,287,#919ba5
31,287,#939ea8
32,287,#8e9baa
33,287,#6c7989
34,287,#6f7c8c
35,287,#6d7985
36,287,#727e8a
37,287,#74828b
38,287,#7e8b94
39,287,#7c8690
40,287,#77848d
41,287,#76818a
42,287,#858d97
43,287,#8c949e
44,287,#868e98
45,287,#747b83
46,287,#6e757b
47,287,#7b8385
48,287,#737b7e
49,287,#6a7279
50,287,#757b7e
51,287,#767c7f
52,287,#7a7f83
53,287,#757a7e
54,287,#6c7175
55,287,#6b7074
56,287,#707478
57,287,#707575
58,287,#7a7c7e
59,287,#808085
60,287,#83898e
61,287,#7e8284
62,287,#717577
63,287,#747879
64,287,#6e7171
65,287,#6f7170
66,287,#8a8c8b
67,287,#959695
68,287,#969799
69,287,#8c8f93
70,287,#7e8489
71,287,#777d80
72,287,#666a6c
73,287,#757979
74,287,#868991
75,287,#83878a
76,287,#797d80
77,287,#6c7579
78,287,#747c82
79,287,#8d9399
80,287,#898f93
81,287,#989ca5
82,287,#7a838b
83,287,#77818a
84,287,#828c96
85,287,#76808a
86,287,#8b959d
87,287,#798691
88,287,#828e9a
89,287,#959da8
90,287,#8c969d
91,287,#9aa2ac
92,287,#8897a3
93,287,#748491
94,287,#697986
95,287,#9fadb8
96,287,#9ba9b6
97,287,#8c9ba9
98,287,#a2acae
99,287,#b8b8b8
100,287,#a6a7a6
101,287,#9ea2a1
102,287,#abafb2
103,287,#a2a6a7
104,287,#9a9b9c
105,287,#919391
106,287,#999b9a
107,287,#919390
108,287,#9a9896
109,287,#9a9895
110,287,#afb1ae
111,287,#78797d
112,287,#8c9597
113,287,#767d80
114,287,#9fa3a8
115,287,#97989a
116,287,#9a9b9d
117,287,#888a87
118,287,#949492
119,287,#8f8e8c
120,287,#7e807d
121,287,#81807e
122,287,#83847f
123,287,#757475
124,287,#9a9893
125,287,#8b8c87
126,287,#6e706f
127,287,#c0bbb7
128,287,#e3ddd7
129,287,#dcd3cb
130,287,#bcb9b2
131,287,#b6b2a9
132,287,#c0bbb5
133,287,#b9b4ae
134,287,#b7b2ad
135,287,#bab4ac
136,287,#b7b0aa
137,287,#aaa69f
138,287,#9e9b94
139,287,#9b9891
140,287,#9c9791
141,287,#9f9892
142,287,#b3aaa2
143,287,#b9b2aa
144,287,#97938e
145,287,#b0aba5
146,287,#9a9692
147,287,#a5a099
148,287,#a29d97
149,287,#a29d97
150,287,#a49d97
151,287,#a7a098
152,287,#a9a39a
153,287,#aea89f
154,287,#a09a91
155,287,#a09f9a
156,287,#969592
157,287,#7f7f7e
158,287,#ababaa
159,287,#80807f
160,287,#979893
161,287,#959592
162,287,#939592
163,287,#959795
164,287,#838583
165,287,#777876
166,287,#858685
167,287,#76777a
168,287,#666769
169,287,#878988
170,287,#898989
171,287,#8c8c8c
172,287,#8d9195
173,287,#888d91
174,287,#656a6e
175,287,#778082
176,287,#788183
177,287,#8a9094
178,287,#858a8e
179,287,#878c90
180,287,#949ca5
181,287,#888f99
182,287,#797f85
183,287,#7f848c
184,287,#747883
185,287,#7b8489
186,287,#949fa5
187,287,#87939a
188,287,#717e86
189,287,#808d96
190,287,#838e96
191,287,#858e98
192,287,#757e88
193,287,#777f8a
194,287,#6a727e
195,287,#6e7c89
196,287,#6f7d8a
197,287,#6e7983
198,287,#737f8b
199,287,#6a7a87
200,287,#73808d
201,287,#6d7c8a
202,287,#697a83
203,287,#64767f
204,287,#6d7c89
205,287,#657785
206,287,#707b8c
207,287,#455763
208,287,#60707d
209,287,#7a8796
210,287,#778995
211,287,#525d6a
212,287,#767b85
213,287,#6d717f
214,287,#b0b1b9
215,287,#a2a7a6
216,287,#d2d4d4
217,287,#a6a6a6
218,287,#acacac
219,287,#8e8e8e
220,287,#aeb4b5
221,287,#9eacb5
222,287,#798a93
223,287,#8b99a3
224,287,#828b98
225,287,#a0adb5
226,287,#6f7c8d
230,287,#556477
231,287,#586a7d
232,287,#657381
233,287,#7c8897
234,287,#737d8d
235,287,#4d5b65
236,287,#666d76
237,287,#657478
238,287,#828a8d
239,287,#8e9090
240,287,#949597
241,287,#898a8d
242,287,#98989f
243,287,#868d97
244,287,#9da3ab
245,287,#adb3ba
246,287,#686e74
247,287,#929a9d
248,287,#7d868a
249,287,#727c81
250,287,#71777f
251,287,#798185
252,287,#8b8f91
253,287,#929a9d
254,287,#7e8386
255,287,#7e878a
256,287,#80878c
257,287,#5f676d
258,287,#929599
259,287,#888e94
260,287,#8a8e8e
261,287,#9d9993
262,287,#acaca7
263,287,#9f9e9b
264,287,#adabac
265,287,#9b9c9d
266,287,#9d9c9c
267,287,#9f9f9d
268,287,#a6a6a5
269,287,#999898
270,287,#8c8b87
271,287,#a1a09c
272,287,#adb2ac
273,287,#888e8e
274,287,#afafae
275,287,#8d908e
276,287,#a9a8a6
277,287,#afada8
278,287,#858888
279,287,#afaba4
280,287,#aeaaa5
281,287,#aba9ab
282,287,#a2a29f
283,287,#a9a198
284,287,#b1aea6
285,287,#a2a19c
286,287,#c3bbb8
287,287,#a5a198
288,287,#c6bfb5
289,287,#bab5ab
290,287,#b1aaa3
291,287,#cdc2bc
292,287,#acada9
293,287,#b2ada4
294,287,#8e8c8a
295,287,#afa79f
296,287,#b6b5b3
297,287,#d3d1cc
298,287,#72797c
299,287,#717379
300,287,#84898c
301,287,#8d9295
302,287,#838587
303,287,#898a8b
304,287,#8a8b8d
305,287,#8a8b8d
306,287,#909193
307,287,#898b8a
308,287,#8d8f8e
309,287,#8d8f8e
310,287,#979b9c
311,287,#8d9192
312,287,#8e9295
313,287,#8e9295
314,287,#909497
315,287,#8e9295
316,287,#8d9194
317,287,#898e92
318,287,#858a8e
319,287,#878c90
320,287,#919499
321,287,#86898e
322,287,#8c9093
323,287,#8c9093
324,287,#8d9194
325,287,#8a8e8f
326,287,#898a8c
327,287,#8a8e91
328,287,#8a8e91
329,287,#868a8d
330,287,#8b8d8c
331,287,#8b8d8c
332,287,#8b8d8c
333,287,#909193
334,287,#929397
335,287,#8b8f90
336,287,#868a8b
337,287,#8e8f91
338,287,#868789
339,287,#929395
340,287,#888b8d
341,287,#818489
342,287,#878c90
343,287,#858a8e
344,287,#8a8d92
345,287,#81898c
346,287,#818689
347,287,#858a8d
348,287,#8e9295
349,287,#8f9092
350,287,#909292
351,287,#969694
352,287,#949491
353,287,#91928d
354,287,#8d8c88
355,287,#969389
356,287,#9d9b90
357,287,#9d978c
358,287,#a29c91
359,287,#a09a8e
360,287,#a3998e
361,287,#9f958a
362,287,#9a9084
363,287,#9d9387
364,287,#a3998d
365,287,#a1978b
366,287,#a0968a
367,287,#a2988c
368,287,#9c9286
369,287,#9a9084
370,287,#9d9389
371,287,#9f958b
372,287,#a0968c
373,287,#9e948a
374,287,#9d9389
375,287,#9d9389
376,287,#9f958b
377,287,#9e948a
378,287,#a3998f
379,287,#a1978d
380,287,#9d9389
381,287,#a2988e
382,287,#a59b91
383,287,#9b9187
384,287,#a2988e
385,287,#9f958b
386,287,#9f958b
387,287,#a0978d
388,287,#9b9288
389,287,#a0978c
390,287,#9b968b
391,287,#9e998f
392,287,#928e87
393,287,#939089
394,287,#a09d96
395,287,#77736f
396,287,#716e6d
397,287,#8d8b8b
398,287,#999893
399,287,#989794
400,287,#8c8e8e
401,287,#969696
402,287,#7f7f81
403,287,#939393
404,287,#a4a4a2
405,287,#94938f
406,287,#959490
407,287,#969591
408,287,#989793
409,287,#999894
410,287,#9a9994
411,287,#8c8b86
412,287,#9d9b96
413,287,#797773
414,287,#908e8b
415,287,#88867f
416,287,#a6a59d
417,287,#8f8d84
418,287,#939289
419,287,#a09e98
420,287,#97938c
421,287,#9d9993
422,287,#9a9792
423,287,#a19e99
424,287,#9d9a95
425,287,#a5a29d
426,287,#9a9792
427,287,#9d9a95
428,287,#a19e99
429,287,#a29f9a
430,287,#a4a29e
431,287,#a6a4a0
432,287,#a1a09c
433,287,#a5a4a0
434,287,#a9a8a4
435,287,#a6a39e
436,287,#aca9a4
437,287,#a6a5a3
438,287,#a5a4a2
439,287,#b4b3b1
440,287,#a1a09e
441,287,#a5a4a2
442,287,#a6a5a1
443,287,#acaba7
444,287,#9a9995
445,287,#a4a39f
446,287,#a2a19d
447,287,#a5a49f
448,287,#a1a09b
449,287,#a1a09b
450,287,#a6a5a1
451,287,#9d9c98
452,287,#a1a09b
453,287,#a1a09b
454,287,#aaa9a4
455,287,#aeaba6
456,287,#a8a5a0
457,287,#aaa7a1
458,287,#aeaba4
459,287,#b1ada7
460,287,#b5b0aa
461,287,#ada8a2
462,287,#aba6a2
463,287,#9f9a96
464,287,#a9a4a0
465,287,#a3a09b
466,287,#aaa7a2
467,287,#b6b3aa
468,287,#a09d94
469,287,#9d9a91
470,287,#a7a29c
471,287,#a29d97
472,287,#a4a19b
473,287,#9c9992
474,287,#a09d94
475,287,#a19c95
476,287,#9e9993
477,287,#9d9a94
478,287,#96938e
479,287,#928f8a
480,287,#9f9c96
481,287,#97918b
482,287,#9f9c98
483,287,#a4a19d
484,287,#b3afad
485,287,#838381
486,287,#7c7d7f
487,287,#999a92
488,287,#a5a7a2
489,287,#999a94
490,287,#979795
491,287,#bdb8b3
492,287,#a1a09b
493,287,#b3b4b5
494,287,#8b8b8b
495,287,#b8b8b6
496,287,#c1c0be
497,287,#979691
498,287,#abaaa6
499,287,#a7a3a0
500,287,#bcbab5
501,287,#a6a39e
502,287,#adaaa5
503,287,#bab7b2
504,287,#b1aea9
505,287,#ccc8bf
506,287,#a09b95
507,287,#aca9a3
508,287,#cecbc6
509,287,#cecbc6
510,287,#c1beb9
511,287,#b2adaa
512,287,#bdbab4
513,287,#a09d98
514,287,#999596
515,287,#b9b6b2
516,287,#9a9793
517,287,#abaaa5
518,287,#8d918d
519,287,#a6a6a1
520,287,#b6b5b1
521,287,#9e9c9c
522,287,#b6b5b3
523,287,#bfbebc
524,287,#b9b8b6
525,287,#bdbdb8
526,287,#a2a19d
527,287,#aeadaa
528,287,#c8c7c5
529,287,#adadab
530,287,#b9b9b4
531,287,#b1b0ac
532,287,#bfbcb4
533,287,#b0ada6
534,287,#a39f9e
535,287,#b7b4ae
536,287,#a3a3a0
537,287,#afada8
538,287,#b4b0ad
539,287,#b2b0ab
540,287,#aeaba5
541,287,#aea9a5
542,287,#a9a6a3
543,287,#aca9a4
544,287,#afaca5
545,287,#b7b2a6
546,287,#b0a9a0
547,287,#a9a6a0
548,287,#afaca4
549,287,#b3b0a6
550,287,#b2afa9
551,287,#b2ada8
552,287,#b1acaa
553,287,#bbb7b0
554,287,#b1aca8
555,287,#acaea7
556,287,#b8b9b9
557,287,#dce2dd
559,287,#606977
561,287,#5b6679
562,287,#b0acac
563,287,#7c8693
566,287,#2f3042
570,287,#38384a
572,287,#7e8086
573,287,#cccdcf
574,287,#8e8f96
575,287,#5f6375
576,287,#878b9c
577,287,#7f8e97
578,287,#7e8e94
579,287,#7c8d95
580,287,#7f8b9a
581,287,#798999
582,287,#7d8a95
583,287,#7f8b97
584,287,#86909a
585,287,#8a949d
586,287,#848e98
587,287,#8b969c
588,287,#86909c
589,287,#828c96
590,287,#848e98
591,287,#87919b
592,287,#879098
593,287,#8b949d
594,287,#87929c
595,287,#8a959b
596,287,#8e98a1
597,287,#8f98a2
598,287,#929aa4
599,287,#959da7
0,288,#828f9d
1,288,#7f8c9a
2,288,#808d97
3,288,#7e8a96
4,288,#808c9a
5,288,#7f8d98
6,288,#86949f
7,288,#84919b
8,288,#84909c
9,288,#8692a0
10,288,#8795a2
11,288,#8b99a6
12,288,#93a1ae
13,288,#95a3ae
14,288,#9caab3
15,288,#8595a2
16,288,#84929f
17,288,#84929d
18,288,#8d9ba7
19,288,#8c9aa7
20,288,#909ca8
21,288,#8c98a4
22,288,#909ca8
23,288,#909ca8
24,288,#8f9ba7
25,288,#8f9da6
26,288,#919ea7
27,288,#8f9da5
28,288,#8d99a5
29,288,#8496a4
30,288,#748695
31,288,#798d9e
32,288,#8297a6
33,288,#7c90a0
34,288,#8094a4
35,288,#8595a4
36,288,#80909f
37,288,#80929f
38,288,#778795
39,288,#788594
40,288,#66747f
41,288,#6f7b87
42,288,#76848f
43,288,#75838e
44,288,#778590
45,288,#748189
46,288,#76828d
47,288,#8d9aa3
48,288,#939fa8
49,288,#99a3ad
50,288,#8a949e
51,288,#858f99
52,288,#727b81
53,288,#666f74
54,288,#5d666b
55,288,#6c7176
56,288,#6e7378
57,288,#6a7274
58,288,#636b6e
59,288,#676e74
60,288,#6f7375
61,288,#6d7679
62,288,#757d81
63,288,#808589
64,288,#85898b
65,288,#8f9396
66,288,#9a9ea1
67,288,#91979b
68,288,#959ca1
69,288,#9ba2aa
70,288,#9a9fa3
71,288,#888d91
72,288,#788083
73,288,#737b7f
74,288,#888f95
75,288,#797e82
76,288,#7e8387
77,288,#7c8089
78,288,#767f86
79,288,#778288
80,288,#828a95
81,288,#7b838d
82,288,#7b878f
83,288,#7c8992
84,288,#7d8995
85,288,#88959e
86,288,#7a8790
87,288,#808a92
88,288,#78848f
89,288,#758593
90,288,#8f9fad
91,288,#8a9aaa
92,288,#96a6b4
93,288,#8e9eac
94,288,#8c9caa
95,288,#8ea0ad
96,288,#8c9ead
97,288,#b2bbc2
98,288,#adb6bd
99,288,#a6b2ba
100,288,#abb2ba
101,288,#a3a8ab
102,288,#a2a7ab
103,288,#929699
104,288,#999d9e
105,288,#aaaaaa
106,288,#aaaaaa
107,288,#9da09d
108,288,#a3a3a2
109,288,#a6a7a6
110,288,#a5a8a7
111,288,#9b9ea1
112,288,#a4a4a2
113,288,#b6b6b4
114,288,#a3a2a0
115,288,#b1b1af
116,288,#b1b1af
117,288,#9b9e9d
118,288,#a1a3a2
119,288,#c0c0c0
120,288,#9ea09d
121,288,#a9a8a6
122,288,#afb1ae
123,288,#9b9b99
124,288,#d0cfcb
125,288,#8f9190
126,288,#a6a5a1
127,288,#9f9f9e
128,288,#838381
129,288,#898784
130,288,#8a8984
131,288,#afaca5
132,288,#b4ada4
133,288,#c1bab0
134,288,#c2bbb1
135,288,#b5b1a6
136,288,#b6b2a9
137,288,#b3b0a9
138,288,#b0ada6
139,288,#b5b2ab
140,288,#b0ada6
141,288,#a49f99
142,288,#9a9894
143,288,#a7a49f
144,288,#b4ada5
145,288,#b0aba5
146,288,#b4b1ac
147,288,#a5a29b
148,288,#a8a5a0
149,288,#a9a6a1
150,288,#a9a69f
151,288,#a09f9a
152,288,#aeaeaa
153,288,#92928f
154,288,#adaca9
155,288,#a5a6a1
156,288,#939391
157,288,#929292
158,288,#919191
159,288,#979797
160,288,#898b8a
161,288,#878988
162,288,#969799
163,288,#939496
164,288,#8c8d8f
165,288,#818382
166,288,#6f7072
167,288,#8b8f8f
168,288,#8a8e91
169,288,#888b92
170,288,#898f95
171,288,#7f858b
172,288,#7b8084
173,288,#858a8e
174,288,#888d91
175,288,#90949b
176,288,#888c93
177,288,#7c8389
178,288,#868d93
179,288,#8c9399
180,288,#8a8e93
181,288,#84888e
182,288,#858a8e
183,288,#878c92
184,288,#868a93
185,288,#879095
186,288,#7f868c
187,288,#7d848a
188,288,#818890
189,288,#808791
190,288,#777f85
191,288,#777f89
192,288,#75828b
193,288,#66747d
194,288,#687680
195,288,#707d86
196,288,#626f78
197,288,#424e5a
198,288,#727e8a
199,288,#707e89
200,288,#62737b
201,288,#5c6a77
202,288,#778995
204,288,#484e5a
205,288,#43515c
206,288,#8995a3
207,288,#606c76
208,288,#7c8593
209,288,#78808a
210,288,#a1a8b9
211,288,#8c959d
212,288,#90999b
213,288,#aab0b5
214,288,#909598
215,288,#e2e2e9
216,288,#313236
217,288,#7b7b7b
218,288,#e4e4e4
219,288,#b7b7b7
220,288,#83888b
221,288,#8a8d91
222,288,#9ca0a3
223,288,#888f96
224,288,#7c8592
225,288,#8f9daa
226,288,#6b7888
227,288,#516472
228,288,#5b6f79
229,288,#71828d
231,288,#61737b
232,288,#4c5d6e
233,288,#3e4f5d
234,288,#6d7d8a
235,288,#4f5f6e
236,288,#536470
237,288,#363f4a
238,288,#646e78
239,288,#767c80
240,288,#7e8282
241,288,#777977
242,288,#8b8c88
243,288,#8f918e
244,288,#969894
245,288,#9c9d99
246,288,#989697
247,288,#a4a7a3
248,288,#a6aaaa
249,288,#8f929a
250,288,#898d8d
251,288,#898b8c
252,288,#979899
253,288,#919396
254,288,#a5a5a7
255,288,#a4a39f
256,288,#989794
257,288,#979493
258,288,#918f8a
259,288,#97968d
260,288,#979998
261,288,#9a9996
262,288,#9b9795
263,288,#a09c98
264,288,#9a958d
265,288,#979085
266,288,#9c978f
267,288,#99958d
268,288,#938f89
269,288,#999491
270,288,#868684
271,288,#979692
272,288,#95948f
273,288,#898b8c
274,288,#74787e
275,288,#b1b3b6
276,288,#c1bfbc
277,288,#6c6b66
278,288,#b2b7ba
279,288,#888d90
280,288,#acadaf
281,288,#646868
282,288,#c7d1ca
283,288,#d2d0ca
284,288,#a9a8af
285,288,#aaaaa8
286,288,#b0b0b2
287,288,#a8a9aa
288,288,#b7b7ba
289,288,#a9a8a7
290,288,#a8a399
291,288,#7f766c
292,288,#999a99
293,288,#a1a09c
294,288,#a3a3a3
295,288,#989a9d
296,288,#868a8b
297,288,#898d8c
298,288,#888d91
299,288,#959596
300,288,#878b8e
301,288,#969a9d
302,288,#82878b
303,288,#7d8286
304,288,#8c9195
305,288,#83888b
306,288,#878c8f
307,288,#7e8387
308,288,#7e8387
309,288,#888d91
310,288,#84878c
311,288,#8b8e93
312,288,#85888c
313,288,#83878a
314,288,#818588
315,288,#878c90
316,288,#82878b
317,288,#7e8387
318,288,#81868a
319,288,#81868a
320,288,#878a8f
321,288,#878a8f
322,288,#818588
323,288,#85898c
324,288,#85898c
325,288,#84898c
326,288,#8a8e91
327,288,#8a8e91
328,288,#828689
329,288,#8a8e91
330,288,#8a8f93
331,288,#868b8f
332,288,#82878b
333,288,#858a8e
334,288,#83888c
335,288,#868b8f
336,288,#868b8f
337,288,#878c8f
338,288,#82878a
339,288,#777c7f
340,288,#8a8f92
341,288,#82878b
342,288,#7b8086
343,288,#80858b
344,288,#83868d
345,288,#88898d
346,288,#8e8e90
347,288,#8d8d8b
348,288,#8f8e8b
349,288,#9f9c98
350,288,#94928d
351,288,#98948e
352,288,#979187
353,288,#9a9288
354,288,#9e958c
355,288,#9f978c
356,288,#a1998e
357,288,#9d9389
358,288,#9d9389
359,288,#9d9389
360,288,#a3998d
361,288,#a89e92
362,288,#a69c90
363,288,#a3998d
364,288,#a0968a
365,288,#9e9488
366,288,#9b9185
367,288,#9e9488
368,288,#a1978b
369,288,#a59b8f
370,288,#a3998f
371,288,#9e948a
372,288,#9e948a
373,288,#a2988e
374,288,#a2988e
375,288,#9d9389
376,288,#a79d93
377,288,#a1978d
378,288,#a3998f
379,288,#a2988e
380,288,#9e948a
381,288,#a3998f
382,288,#a1978d
383,288,#9f958b
384,288,#958b81
385,288,#9b9187
386,288,#a49a90
387,288,#9f958b
388,288,#a3998f
389,288,#a0968c
390,288,#9d9789
391,288,#a19b8f
392,288,#9d968c
393,288,#9c958b
394,288,#9e978d
395,288,#98938b
396,288,#96918d
397,288,#96928e
398,288,#99968e
399,288,#9d9995
400,288,#939590
401,288,#8e8f8a
402,288,#979693
403,288,#868581
404,288,#999894
405,288,#8d8d8d
406,288,#959595
407,288,#90908e
408,288,#969694
409,288,#9b9b99
410,288,#929290
411,288,#969694
412,288,#969792
413,288,#999997
414,288,#939393
415,288,#9b9b9b
416,288,#939393
417,288,#969694
418,288,#989896
419,288,#949494
420,288,#929491
421,288,#969897
422,288,#9b9d9c
423,288,#9b9d9c
424,288,#999b9a
425,288,#a3a5a4
426,288,#a6a8a7
427,288,#979998
428,288,#a3a5a4
429,288,#9d9f9e
430,288,#a4a4a2
431,288,#a0a09e
432,288,#a3a3a1
433,288,#a0a09e
434,288,#a1a19f
435,288,#afafaf
436,288,#9e9e9e
437,288,#a2a2a0
438,288,#a8a8a6
439,288,#9f9f9d
440,288,#aaa9a5
441,288,#abaaa6
442,288,#a5a4a0
443,288,#a5a4a0
444,288,#abaaa6
445,288,#a8a7a3
446,288,#a3a29e
447,288,#b4b3af
448,288,#a3a29e
449,288,#9f9e9a
450,288,#a3a29e
451,288,#a7a6a2
452,288,#a2a19c
453,288,#a1a09b
454,288,#a2a19c
455,288,#9e9d98
456,288,#9a9994
457,288,#a4a19c
458,288,#a5a29d
459,288,#a8a5a0
460,288,#94918a
461,288,#a7a49d
462,288,#9d9a92
463,288,#b0ada4
464,288,#a09d94
465,288,#a7a39a
466,288,#a09c93
467,288,#a5a09a
468,288,#bdb8b2
469,288,#9a958f
470,288,#9f9c95
471,288,#a5a29b
472,288,#96928a
473,288,#b6b2a9
474,288,#8b877e
475,288,#97948d
476,288,#9a9790
477,288,#938f87
478,288,#9b978e
479,288,#9b978e
480,288,#92918c
481,288,#9e9b96
482,288,#7d7d76
483,288,#a9a8a3
484,288,#92928e
485,288,#8b8c87
486,288,#6b6c6e
487,288,#8a8a88
488,288,#848587
489,288,#838382
490,288,#999b9a
491,288,#a3a5a4
492,288,#939594
493,288,#85888a
494,288,#606163
495,288,#898985
496,288,#a4a2a1
497,288,#bab9b5
498,288,#979692
499,288,#9f9c97
500,288,#999691
501,288,#a8a5a0
502,288,#c2bfba
503,288,#c9c6c1
504,288,#a3a09b
505,288,#c2c0b9
506,288,#b3b1ac
507,288,#bdbab5
508,288,#b4b1ac
509,288,#bab7b2
510,288,#bcbcb7
511,288,#acaca7
512,288,#b7b7b2
513,288,#999997
514,288,#a09f9f
515,288,#959898
516,288,#9ea1a1
517,288,#a5a6a8
518,288,#8f9396
519,288,#919598
520,288,#989a99
521,288,#858688
522,288,#c3c5c4
523,288,#959796
524,288,#a2a4a3
525,288,#999997
526,288,#ababa9
527,288,#b4b3b1
528,288,#a7a6a2
529,288,#c2bebb
530,288,#9ea09d
531,288,#9c9c9a
532,288,#8a8a8b
533,288,#a5a6a2
534,288,#b5b5b3
535,288,#a5a39e
536,288,#b4b0aa
537,288,#b7b3af
538,288,#ada9a6
539,288,#aeaba6
540,288,#a7a6a2
541,288,#b3afac
542,288,#a8a5a0
543,288,#b1aea9
544,288,#afaca7
545,288,#aaaba6
546,288,#9e9b96
547,288,#b1aea7
548,288,#b6b3ae
549,288,#afabaa
550,288,#b6b5b0
551,288,#bab7b2
552,288,#aeaea5
553,288,#b6b5ae
554,288,#aba9a8
555,288,#7b7e82
556,288,#757d86
557,288,#535e70
558,288,#87938c
559,288,#898d99
560,288,#9ea0a1
561,288,#2b2e41
562,288,#827f87
565,288,#959796
566,288,#a9aaae
567,288,#7e808e
568,288,#adacba
569,288,#4b485a
570,288,#373646
571,288,#201e33
572,288,#4e5669
573,288,#70788c
575,288,#57596d
576,288,#928fa1
577,288,#474552
578,288,#6b6b72
579,288,#63666d
580,288,#7a828e
581,288,#838b91
582,288,#848f9b
583,288,#818e9a
584,288,#7b8a97
585,288,#788693
586,288,#7a8893
587,288,#808f9c
588,288,#80909d
589,288,#7f909a
590,288,#8795a0
591,288,#8b99a2
592,288,#85929b
593,288,#7c8a95
594,288,#788895
595,288,#7b8c96
596,288,#7b8b98
597,288,#7b8b98
598,288,#7b8a97
599,288,#7e8c99
0,289,#6f7f8f
1,289,#677787
2,289,#697a8a
3,289,#6b7c8c
4,289,#6f8090
5,289,#728393
6,289,#6e7f8f
7,289,#748694
8,289,#738593
9,289,#788999
10,289,#7a8a99
11,289,#748493
12,289,#7c8d9d
13,289,#8092a0
14,289,#7c8e9a
15,289,#718391
16,289,#758594
17,289,#758795
18,289,#768896
19,289,#7a8b9b
20,289,#748595
21,289,#798a9a
22,289,#8192a2
23,289,#8697a7
24,289,#8697a7
25,289,#7f919f
26,289,#8696a5
27,289,#8799a7
28,289,#8f9cac
29,289,#7b8b9a
30,289,#8395a3
31,289,#8b9ead
35,289,#7c91a4
36,289,#7c91a4
37,289,#7b91a3
38,289,#7f94a7
39,289,#7c8ea2
40,289,#7d91a4
41,289,#798b9f
42,289,#6c7e90
43,289,#718496
44,289,#748799
45,289,#7a8b99
46,289,#7c8d9b
47,289,#8496a5
48,289,#8fa0af
49,289,#92a0ad
50,289,#a1adba
51,289,#b0bcc9
52,289,#9fadba
53,289,#8694a1
54,289,#6a7885
55,289,#64717d
56,289,#75828e
57,289,#6c7781
58,289,#78828f
59,289,#7f8d9b
60,289,#8a9aa8
61,289,#7d8c99
62,289,#7b8a97
63,289,#6b7984
64,289,#808c96
65,289,#7d8a96
66,289,#66737e
67,289,#6d7b86
68,289,#6e7c85
69,289,#738089
70,289,#828c95
71,289,#828c97
72,289,#84929c
73,289,#818e9d
74,289,#7c8a94
75,289,#8c99a4
76,289,#707d89
77,289,#718290
78,289,#798897
79,289,#667685
80,289,#717f8a
81,289,#6b7888
82,289,#8797a1
83,289,#8898a5
84,289,#8191a0
85,289,#87959e
86,289,#92a0ab
87,289,#8493a0
88,289,#8694a1
89,289,#8593a0
90,289,#7f8b97
91,289,#8995a3
92,289,#8d99a3
93,289,#929ea8
94,289,#84909a
95,289,#99a3aa
96,289,#a6b0b8
97,289,#9faaaf
98,289,#a2aab3
99,289,#8f989d
100,289,#a1a8ae
101,289,#b3bdbf
102,289,#9ea6ac
103,289,#b0b5b9
104,289,#9da2a5
105,289,#9fa6a8
106,289,#a9acad
107,289,#9a9c98
108,289,#d3d3d3
109,289,#b0b5b8
110,289,#989a9c
111,289,#b3b5b6
112,289,#b8b9bd
113,289,#9a9ea1
114,289,#a3a7aa
115,289,#a0a4a7
116,289,#999da0
117,289,#979d9d
118,289,#c2c6c7
119,289,#a5a6a8
120,289,#a3a5a4
121,289,#b6b4b5
122,289,#a6a8ab
123,289,#bec0bd
124,289,#acacac
125,289,#a1a5a4
126,289,#929697
127,289,#7f8081
128,289,#939392
129,289,#a6a5a2
130,289,#9d9c98
131,289,#aaa9a4
132,289,#b1aea9
133,289,#a8a5a0
134,289,#aeaba6
135,289,#b6b3ac
136,289,#a4a19c
137,289,#b0ada8
138,289,#9f9c97
139,289,#a09d98
140,289,#a8a7a2
141,289,#aba8a3
142,289,#94918c
143,289,#a4a19c
144,289,#a19f9c
145,289,#b3aea8
146,289,#a8a5a0
147,289,#aaa9a1
148,289,#acaba6
149,289,#9d9c9a
150,289,#b5b0ac
151,289,#8a8987
152,289,#a6a6a6
153,289,#b2b2b2
154,289,#a7a7a7
155,289,#9fa19e
156,289,#9b9d9c
157,289,#999a9c
158,289,#949597
159,289,#8d8e90
160,289,#7e8283
161,289,#808485
162,289,#7c8083
163,289,#7b7f82
164,289,#777b7e
165,289,#6f7477
166,289,#64696d
167,289,#6f757b
168,289,#6c7379
169,289,#5f666c
170,289,#61686e
171,289,#575e64
172,289,#565d63
173,289,#5a6167
174,289,#5c6369
175,289,#5e666c
176,289,#61696f
177,289,#586168
178,289,#5a636a
179,289,#5b646b
180,289,#565e64
181,289,#5a6268
182,289,#676d70
183,289,#666b6f
184,289,#6e7379
185,289,#71787e
186,289,#797c81
187,289,#818689
188,289,#93989c
189,289,#90959b
190,289,#919ca3
191,289,#6e7c87
192,289,#798899
193,289,#667584
194,289,#586874
195,289,#576570
196,289,#76848f
197,289,#788895
198,289,#84929d
199,289,#7d8a93
200,289,#4e5861
201,289,#e0e6ee
202,289,#9ea4a9
203,289,#929ba0
204,289,#878da0
205,289,#626878
206,289,#81889b
207,289,#9a9ea8
208,289,#1f2230
209,289,#a8abb0
210,289,#b4b4b1
211,289,#c1c0bf
212,289,#b4b0ae
213,289,#b8b6b0
214,289,#9b9a98
215,289,#afafae
216,289,#b3b3b2
217,289,#acacac
218,289,#a6a6a6
219,289,#b9b9b9
220,289,#b2b5b6
221,289,#cccbc9
222,289,#717578
223,289,#7d8488
224,289,#879095
225,289,#939d9f
226,289,#9198a0
227,289,#8b9499
228,289,#b0b5b8
229,289,#7a828f
230,289,#8a9191
231,289,#6c7784
232,289,#758692
233,289,#6c7e88
234,289,#60717b
235,289,#4e5f6c
236,289,#7b8791
237,289,#5d6773
238,289,#3a4f5d
239,289,#445566
240,289,#58636c
241,289,#5f676d
242,289,#586066
243,289,#5c5d5f
244,289,#606368
245,289,#5b6167
246,289,#767a7c
247,289,#777778
248,289,#787773
249,289,#99968e
250,289,#968f87
251,289,#a1988c
252,289,#b5aa9c
253,289,#aea59b
254,289,#c8beb3
255,289,#a09992
256,289,#95989a
257,289,#8f9697
258,289,#697379
259,289,#848a92
260,289,#8a8e92
261,289,#969ca1
262,289,#818584
263,289,#959694
264,289,#908f8b
265,289,#88898b
266,289,#888886
267,289,#86847f
268,289,#888581
269,289,#8f8d8a
270,289,#9fa1a0
271,289,#9f9c97
272,289,#929595
273,289,#87847f
274,289,#89867f
275,289,#8f8f8a
276,289,#8f8a85
277,289,#98948f
278,289,#918c87
279,289,#9c9792
280,289,#878480
281,289,#999696
282,289,#485664
283,289,#74787c
284,289,#909394
285,289,#afb3b3
286,289,#a6afb7
287,289,#9c9792
288,289,#70757a
289,289,#999fa5
290,289,#7c7f80
291,289,#8a8987
292,289,#8f8f8f
293,289,#868789
294,289,#8d8e92
295,289,#868a8b
296,289,#848587
297,289,#8c8d8d
298,289,#818181
299,289,#818284
300,289,#838486
301,289,#7c7d7f
302,289,#777b7e
303,289,#7f8386
304,289,#75797c
305,289,#85898a
306,289,#878b8c
307,289,#7f8487
308,289,#888d90
309,289,#7f8487
310,289,#787d81
311,289,#81868a
312,289,#8a8f93
313,289,#81868a
314,289,#898e92
315,289,#82898f
316,289,#7b8288
317,289,#84898d
318,289,#84898d
319,289,#82878b
320,289,#808388
321,289,#7d8085
322,289,#7e8186
323,289,#7e8186
324,289,#84878c
325,289,#7d8588
326,289,#83888c
327,289,#7f8488
328,289,#7d8286
329,289,#82878b
330,289,#82878a
331,289,#878c8f
332,289,#85888d
333,289,#878b8e
334,289,#8b8f90
335,289,#8a8c8b
336,289,#8c8e8d
337,289,#8b8b8b
338,289,#8b8b8b
339,289,#868686
340,289,#8a8c89
341,289,#8d8c89
342,289,#91908c
343,289,#979691
344,289,#a29e9a
345,289,#928f88
346,289,#9a958d
347,289,#9c958b
348,289,#9a9488
349,289,#9a9287
350,289,#9a9287
351,289,#9f9589
352,289,#a1998c
353,289,#9f9589
354,289,#a5998d
355,289,#a3998d
356,289,#a69c90
357,289,#a49a8e
358,289,#aca296
359,289,#a99f93
360,289,#9e9488
361,289,#a0968a
362,289,#ada397
363,289,#a2988c
364,289,#9f9589
365,289,#a69c90
366,289,#a59b8f
367,289,#a59b8f
368,289,#9e9488
369,289,#a79d91
370,289,#a1978d
371,289,#9e948a
372,289,#9a9086
373,289,#998f85
374,289,#a0968c
375,289,#a79d93
376,289,#a49a90
377,289,#a2988e
378,289,#9f958b
379,289,#a0968c
380,289,#a0968c
381,289,#a0968c
382,289,#a0968c
383,289,#a0968c
384,289,#9b9187
385,289,#968c82
386,289,#a1978d
387,289,#9d9389
388,289,#9a9086
389,289,#9c9288
390,289,#9c9487
391,289,#999184
392,289,#978f84
393,289,#948c81
394,289,#9f978c
395,289,#9b9386
396,289,#9b9289
397,289,#9d978c
398,289,#9f998c
399,289,#9a938d
400,289,#9e988e
401,289,#a29e95
402,289,#98958c
403,289,#9a9790
404,289,#9c9994
405,289,#94938e
406,289,#9e9d98
407,289,#979692
408,289,#9d9c98
409,289,#a09f9b
410,289,#9e9d9b
411,289,#9f9e9c
412,289,#9c9d9b
413,289,#989a99
414,289,#9b9d9c
415,289,#9c9e9d
416,289,#989a99
417,289,#9d9f9c
418,289,#9b9d9c
419,289,#a0a1a3
420,289,#9ca19d
421,289,#999d9c
422,289,#9fa0a2
423,289,#9f9fa1
424,289,#a0a0a2
425,289,#9c9c9e
426,289,#9e9ea0
427,289,#9e9e9d
428,289,#959593
429,289,#9a9a98
430,289,#979998
431,289,#a5a7a6
432,289,#9c9e9d
433,289,#a2a4a3
434,289,#a2a4a3
435,289,#a2a2a0
436,289,#9d9d9b
437,289,#aaacab
438,289,#a3a5a4
439,289,#5e605f
440,289,#7d7c7a
441,289,#aeadab
442,289,#a2a19f
443,289,#9e9d9b
444,289,#a4a3a1
445,289,#9d9d9b
446,289,#a0a09e
447,289,#979694
448,289,#979694
449,289,#9e9d9b
450,289,#9e9d9b
451,289,#9e9d9b
452,289,#9b9a96
453,289,#969591
454,289,#9e9d99
455,289,#979893
456,289,#9d9e99
457,289,#a2a19d
458,289,#9b9a96
459,289,#9d9c98
460,289,#999893
461,289,#9b9a95
462,289,#999894
463,289,#94938f
464,289,#999894
465,289,#969591
466,289,#999894
467,289,#92918c
468,289,#92918c
469,289,#aaa9a4
470,289,#8c8b86
471,289,#9b9a95
472,289,#84837e
473,289,#979692
474,289,#939290
475,289,#a1a09b
476,289,#93928d
477,289,#9a9995
478,289,#959490
479,289,#979692
480,289,#8b8b89
481,289,#91918f
482,289,#898783
483,289,#a8aaa9
484,289,#878c8f
485,289,#858584
486,289,#858687
487,289,#81817d
488,289,#8d8f8e
489,289,#8f8f8d
490,289,#908e8b
491,289,#9da2a5
492,289,#878b8c
493,289,#b6b2ae
494,289,#b5b1ae
495,289,#92918d
496,289,#909091
497,289,#888785
498,289,#959490
499,289,#918e87
500,289,#b5b1a8
501,289,#b6b3ac
502,289,#a5a29d
503,289,#c6c3be
504,289,#94918c
505,289,#898882
506,289,#adaba8
507,289,#999691
508,289,#d4d1cc
509,289,#898681
510,289,#bcb8b3
511,289,#aeaba8
512,289,#aba8a4
513,289,#9b9793
514,289,#a39f9b
515,289,#85827d
516,289,#b8b5b0
517,289,#a5a6a1
518,289,#b7b5b0
519,289,#a8a7aa
520,289,#b2b2b0
521,289,#a8a8a8
522,289,#a8a8a6
523,289,#a2a2a0
524,289,#9f9f9d
525,289,#a3a3a3
526,289,#a9abaa
527,289,#aab1b4
528,289,#9da0a3
529,289,#929292
530,289,#a4a6a5
531,289,#909291
532,289,#a3a4a0
533,289,#a6a7a2
534,289,#a7a7a8
535,289,#a8a7a1
536,289,#a6a6a4
537,289,#ada9a5
538,289,#aba7a4
539,289,#bcb9b4
540,289,#9e9f9e
541,289,#9f9e9c
542,289,#a5a29c
543,289,#a29f9a
544,289,#aca8a5
545,289,#9b978f
546,289,#adaba7
547,289,#a7a6a3
548,289,#b7b6b1
549,289,#a3a29d
550,289,#9b9d9a
551,289,#a6a6a4
552,289,#a09f9a
553,289,#a6a5a5
554,289,#9e9c9b
555,289,#a5a1a1
556,289,#aaa7a5
557,289,#b4b4a6
558,289,#c6c5ba
559,289,#cac6ba
560,289,#cfc7ba
561,289,#bec2c3
562,289,#b4afb6
563,289,#899194
564,289,#9aa7a0
565,289,#969da3
566,289,#6b737b
567,289,#8c8c8e
568,289,#a9a9a7
569,289,#828081
570,289,#aaabad
571,289,#7d8086
572,289,#a2a6a7
573,289,#7c8086
574,289,#8f9397
575,289,#9e9fa2
576,289,#929098
581,289,#423f49
582,289,#737684
583,289,#9197a7
584,289,#798194
585,289,#657285
586,289,#5e6778
587,289,#4b515b
588,289,#7c838c
589,289,#8c92a4
590,289,#a3aaba
591,289,#959da8
592,289,#828c95
593,289,#858f98
594,289,#85929b
595,289,#7f8d98
596,289,#7a8895
597,289,#768796
598,289,#748493
599,289,#738090
0,290,#9ca9aa
1,290,#879497
2,290,#8c99a1
3,290,#828e9a
4,290,#8996a7
5,290,#748396
6,290,#6e7f91
7,290,#707f8f
8,290,#748597
9,290,#718391
11,290,#697c8e
12,290,#6f8293
13,290,#6c7e91
14,290,#738497
15,290,#6d8290
16,290,#728795
17,290,#7c8b9c
18,290,#7f8da0
19,290,#8391a3
20,290,#7f95a0
21,290,#7c8f9e
22,290,#7b8e9c
23,290,#778a98
24,290,#7c8ea0
25,290,#7b8e9d
26,290,#758a9b
27,290,#738899
28,290,#788d9e
29,290,#798c9d
30,290,#718699
31,290,#788b9c
32,290,#7a8d9c
33,290,#7d909f
34,290,#8093a2
35,290,#7b8e9c
36,290,#7b8e9d
37,290,#7d8f9e
38,290,#8293a3
39,290,#8091a2
40,290,#7e93a4
41,290,#8194a5
42,290,#8295a4
43,290,#7d90a1
44,290,#8395a9
45,290,#788a9e
46,290,#8394a5
47,290,#8091a0
48,290,#768797
49,290,#7d8e9f
50,290,#8c9fad
51,290,#778a99
52,290,#788999
53,290,#7a8b9b
54,290,#718493
55,290,#617483
57,290,#5f7481
58,290,#74869a
59,290,#708394
60,290,#6e8394
61,290,#6e8192
62,290,#6c7f90
63,290,#637687
64,290,#6c7d8d
65,290,#718392
66,290,#6c7d8d
67,290,#8495a2
68,290,#7c8c9c
69,290,#7e8e9e
70,290,#8b9baa
71,290,#80909f
72,290,#8597a3
73,290,#82929f
74,290,#788895
75,290,#889aa6
76,290,#8595a2
77,290,#8092a0
78,290,#798b99
79,290,#8292a2
80,290,#8f9daa
81,290,#8696a5
82,290,#708191
83,290,#6e7e8e
84,290,#83909f
85,290,#8e9ba7
86,290,#87929d
87,290,#89939c
88,290,#89969c
89,290,#848d9a
90,290,#93a0ac
91,290,#8b97a0
92,290,#9ba4ae
93,290,#9ba6b2
94,290,#a9b0b6
95,290,#abb2ba
96,290,#a9b0b8
97,290,#b3b9c1
98,290,#b6bdc3
99,290,#a3a8ac
100,290,#b9c0c4
101,290,#a0a5aa
102,290,#a3abac
103,290,#8a9296
104,290,#757c84
105,290,#8f969c
106,290,#9098a1
107,290,#a7b4b8
108,290,#778588
109,290,#9daaaf
110,290,#9aa7a9
111,290,#8a9495
112,290,#859299
113,290,#95a2aa
114,290,#a4b1ba
115,290,#a8afb2
116,290,#adafb4
117,290,#afb6b9
118,290,#979ca0
119,290,#8a8f95
120,290,#969da0
121,290,#8e969a
122,290,#8c949c
123,290,#8a929b
124,290,#858b94
125,290,#80898e
126,290,#92999f
127,290,#969b9f
128,290,#96999e
129,290,#8f9094
130,290,#979799
131,290,#919294
132,290,#959696
133,290,#9e9d9c
134,290,#979692
135,290,#a6a39c
136,290,#9b9891
137,290,#a6a19b
138,290,#a7a29c
139,290,#b2ada7
140,290,#938e88
141,290,#a09b95
142,290,#b0ada6
143,290,#9c9994
144,290,#9a9792
145,290,#b7b6b2
146,290,#a7a6a2
147,290,#cfcfcb
148,290,#c9cac5
149,290,#b8b7b3
150,290,#c2c2c0
151,290,#adadab
152,290,#939592
153,290,#939594
154,290,#909193
155,290,#9a9c9b
156,290,#939496
157,290,#909292
158,290,#aaabad
159,290,#9c9da1
160,290,#8d9095
161,290,#868a8c
162,290,#7f8284
163,290,#7f8185
164,290,#6f7177
165,290,#5b6063
166,290,#777c7f
167,290,#606569
168,290,#5f6468
169,290,#61666a
170,290,#5d6266
171,290,#5f6468
172,290,#64696b
173,290,#73777e
174,290,#72777d
175,290,#757c83
176,290,#727b81
177,290,#899499
178,290,#879298
179,290,#9ba6ae
180,290,#8e9aa3
181,290,#9099a1
182,290,#9da4ac
183,290,#a7aeb5
184,290,#acb0b6
185,290,#9fa6ab
186,290,#92999e
187,290,#90999c
188,290,#8d949c
189,290,#959eaa
190,290,#8b99a4
191,290,#7c8a97
192,290,#4f5b6c
193,290,#7a8593
194,290,#4c5563
195,290,#64757f
196,290,#3a4c5d
197,290,#7a91a4
198,290,#35475a
199,290,#3f4e61
200,290,#98a9b2
201,290,#8c9bad
205,290,#607183
207,290,#959ea6
208,290,#a2a9b1
209,290,#9aa3ad
210,290,#747e86
211,290,#777c83
212,290,#868a8a
213,290,#a6aaa9
214,290,#a2a6a5
215,290,#a9aaac
216,290,#999b9a
217,290,#9e9e9e
218,290,#a8a8a8
219,290,#a6a6a6
220,290,#a9aaae
221,290,#939498
222,290,#9da1a4
223,290,#999da0
224,290,#979b9e
225,290,#959a9d
226,290,#989c9f
227,290,#9ea2a5
228,290,#a7a8ac
229,290,#999ea1
230,290,#9ca4a7
231,290,#8c9496
232,290,#8d959a
233,290,#9ba7ae
234,290,#7e8792
235,290,#8c98a3
236,290,#94a3a7
237,290,#889196
238,290,#9aa3aa
239,290,#7f8791
240,290,#7b848b
241,290,#8b959e
242,290,#7c848a
243,290,#9aa3aa
244,290,#aeb0b2
245,290,#b1b3b1
246,290,#a8a9a8
247,290,#adada9
248,290,#7f7d76
249,290,#888279
250,290,#776f63
251,290,#aba197
252,290,#9c9489
253,290,#9d8d7d
254,290,#9c948a
255,290,#87857f
256,290,#60605e
257,290,#817f82
258,290,#676967
259,290,#686e72
260,290,#8b8c89
261,290,#716f6f
262,290,#74736f
263,290,#888782
264,290,#b2b0b3
265,290,#696864
266,290,#757575
267,290,#848684
268,290,#808281
269,290,#87888a
270,290,#999d9e
271,290,#a7acaf
272,290,#919696
273,290,#868a8b
274,290,#8c8d8f
275,290,#85888b
276,290,#a0a5a6
277,290,#9a9b99
278,290,#757674
279,290,#828080
280,290,#939392
281,290,#a1a4a8
282,290,#9a9b95
283,290,#8c8c8b
284,290,#999a9e
285,290,#999999
286,290,#616161
287,290,#9ea1a2
288,290,#a5a6a7
289,290,#777776
290,290,#a0a4a3
291,290,#6f6f6f
292,290,#7b8184
293,290,#666d70
294,290,#747a80
295,290,#757a7d
296,290,#898e91
297,290,#85898a
298,290,#838788
299,290,#85898a
300,290,#828487
301,290,#7c7f7f
302,290,#7e8081
303,290,#828385
304,290,#848587
305,290,#7e8082
306,290,#818485
307,290,#838486
308,290,#7d7e80
309,290,#828385
310,290,#868686
311,290,#7a7a7a
312,290,#797c7a
313,290,#818485
314,290,#7c7e82
315,290,#858688
316,290,#87888a
317,290,#818485
318,290,#7e8082
319,290,#8d8f91
320,290,#898c8b
321,290,#8a8d8d
322,290,#85888a
323,290,#8d8f91
324,290,#888a8c
325,290,#858889
326,290,#858889
327,290,#8d8e90
328,290,#909193
329,290,#8f8f91
330,290,#909193
331,290,#8b8a8d
332,290,#8a8989
333,290,#8f8e8d
334,290,#979695
335,290,#93928a
336,290,#94918a
337,290,#9a958d
338,290,#949087
339,290,#9e9a91
340,290,#8c857b
341,290,#9c958b
342,290,#a2998e
343,290,#998f85
344,290,#9c9288
345,290,#9f958b
346,290,#9e948a
347,290,#9b9187
348,290,#9e948a
349,290,#9a9086
350,290,#a39b90
351,290,#9a9287
352,290,#9f978c
353,290,#9f978c
354,290,#9d958a
355,290,#a1978d
356,290,#a0968c
357,290,#999184
358,290,#999186
359,290,#9e958c
360,290,#9b9187
361,290,#a0968c
362,290,#a3998f
363,290,#a69c92
364,290,#9f958b
365,290,#9e948a
366,290,#9d9389
367,290,#a1978b
368,290,#a49a8e
369,290,#aba195
370,290,#a89e94
371,290,#a99f95
372,290,#9e9488
373,290,#a69c90
374,290,#a79d91
375,290,#a2988e
376,290,#a0968c
377,290,#a79d91
378,290,#a2988c
379,290,#a3998d
380,290,#a2988c
381,290,#a0968a
382,290,#a1978b
383,290,#a59b8f
384,290,#a59b8f
385,290,#a0988b
386,290,#a1978b
387,290,#9c9489
388,290,#9c9288
389,290,#a0968c
390,290,#978f82
391,290,#999185
392,290,#938a80
393,290,#989086
394,290,#9f968c
395,290,#948d84
396,290,#979087
397,290,#9d988e
398,290,#99958b
399,290,#98948a
400,290,#9b9890
401,290,#948f88
402,290,#99958c
403,290,#99968f
404,290,#95948f
405,290,#9c9993
406,290,#9b9892
407,290,#9c9b97
408,290,#9d9c98
409,290,#9e9d99
410,290,#9e9d9b
411,290,#9b9a98
412,290,#9c9d98
413,290,#9c9c9a
414,290,#9e9e9e
415,290,#a2a2a0
416,290,#a3a3a1
417,290,#a2a2a0
418,290,#a1a19f
419,290,#a2a2a0
420,290,#9b9b99
421,290,#a2a2a2
422,290,#a0a2a1
423,290,#9fa1a0
424,290,#a4a6a5
425,290,#a6a7a9
426,290,#a1a2a4
427,290,#a1a3a1
428,290,#9fa1a0
429,290,#9e9fa1
430,290,#9ca0a1
431,290,#9fa0a2
432,290,#a1a2a4
433,290,#9d9ea0
434,290,#a1a2a4
435,290,#98999b
436,290,#9b9c9e
437,290,#9d9f9e
438,290,#9d9f9e
439,290,#a0a2a1
440,290,#a0a0a0
441,290,#a6a6a6
442,290,#959796
443,290,#969897
444,290,#969897
445,290,#979795
446,290,#91918f
447,290,#989898
448,290,#959595
449,290,#989898
450,290,#989896
451,290,#999997
452,290,#919390
453,290,#959593
454,290,#989795
455,290,#999894
456,290,#9b9a96
457,290,#9e9d99
458,290,#9b9a96
459,290,#979692
460,290,#91908b
461,290,#93928d
462,290,#979691
463,290,#95948f
464,290,#989792
465,290,#9c9b97
466,290,#959490
467,290,#91908e
468,290,#9b9a98
469,290,#999896
470,290,#95938f
471,290,#9c9a95
472,290,#979691
473,290,#9d9c97
474,290,#969590
475,290,#9a9995
476,290,#a09f9b
477,290,#999894
478,290,#95928d
479,290,#8f908f
480,290,#989693
481,290,#a7a39f
482,290,#8e8c89
483,290,#666b6e
484,290,#aaaba7
485,290,#777c79
486,290,#707673
487,290,#878a8c
488,290,#757c80
489,290,#8c9194
490,290,#81898f
491,290,#949ba2
492,290,#5f6368
493,290,#a1a49d
494,290,#bdbbbb
495,290,#737675
496,290,#999b98
497,290,#9fa4a0
498,290,#a8a8a6
499,290,#a29e9c
500,290,#c3bfba
501,290,#93918c
502,290,#949491
503,290,#697072
504,290,#bab8b7
505,290,#91918f
506,290,#a7a7a5
507,290,#8b8d92
508,290,#686b71
509,290,#7f828a
510,290,#949695
511,290,#9d9d9b
512,290,#9b9c96
513,290,#a3a49f
514,290,#a2a19f
515,290,#a6a5a3
516,290,#a9a8a6
517,290,#abaaa8
518,290,#a9a8a4
519,290,#adaaa5
520,290,#afaba8
521,290,#a6a39e
522,290,#b3aeaa
523,290,#b6b1ad
524,290,#aba6a2
525,290,#b2afaa
526,290,#b2ada8
527,290,#aaa79e
528,290,#b8b5ac
529,290,#b3afa6
530,290,#b1aca8
531,290,#aba6a0
532,290,#b3b0a9
533,290,#b4afa9
534,290,#b2aba5
535,290,#b8b3ad
536,290,#b3aea8
537,290,#bab7b0
538,290,#b6b1ab
539,290,#b9b2aa
540,290,#a7a39c
541,290,#b5afa9
542,290,#b3aca4
543,290,#a7a199
544,290,#bab3ab
545,290,#b8b9b2
546,290,#bab7b0
547,290,#b6b6b0
548,290,#abaaa5
549,290,#aeaba6
550,290,#9b9d98
551,290,#aaaba6
552,290,#939391
553,290,#90908e
554,290,#979795
555,290,#989994
556,290,#9f9f9d
557,290,#9d9e9b
558,290,#8b8c8a
559,290,#a2a3a1
560,290,#898e8b
561,290,#959ca1
562,290,#929292
563,290,#8b8c8e
564,290,#8a8e91
565,290,#899396
566,290,#2b303a
567,290,#c0c6cc
568,290,#191f33
570,290,#707a86
571,290,#9da5a9
572,290,#828794
573,290,#545668
575,290,#7e7f8d
576,290,#757483
577,290,#43434f
578,290,#5d5d69
579,290,#7c7b82
580,290,#b8bdba
581,290,#515361
582,290,#565d6a
583,290,#010518
586,290,#aba5af
588,290,#878a9b
589,290,#7a7b8a
592,290,#383b4a
593,290,#898791
594,290,#787a82
595,290,#616676
596,290,#626878
597,290,#6c7483
598,290,#b5bfc3
599,290,#737c8b
0,291,#7f818f
1,291,#6e6e7a
2,291,#7a837f
3,291,#c4ccca
4,291,#737a7f
5,291,#060a18
7,291,#68697d
10,291,#4e5160
11,291,#585c69
22,291,#8a97a7
24,291,#8d99aa
25,291,#8e9ba9
26,291,#8c98a6
27,291,#8a99a4
28,291,#919fac
29,291,#8b97a6
30,291,#8898a6
31,291,#8e9faa
32,291,#8798a6
33,291,#8696a9
34,291,#8293a3
35,291,#8396a5
36,291,#8294a5
37,291,#7e92a3
38,291,#7c8fa2
40,291,#748a9d
41,291,#758a9d
42,291,#718599
56,291,#667d8f
58,291,#778c9f
59,291,#889aae
60,291,#73889b
61,291,#7c8ea2
62,291,#6f8091
63,291,#768797
64,291,#748798
66,291,#718495
67,291,#768997
68,291,#65798c
69,291,#4b6272
70,291,#51697d
71,291,#50687c
75,291,#647a8d
76,291,#8294a8
77,291,#6e7e8d
78,291,#adbdcc
79,291,#81919e
80,291,#8698a6
81,291,#8a9aa8
82,291,#7f93a1
83,291,#8092a1
84,291,#95a6b6
85,291,#8a98a4
86,291,#8d99a4
87,291,#8395a1
88,291,#8d9ba5
89,291,#7b8995
90,291,#919ba4
91,291,#9ca5ad
92,291,#9ba4a9
93,291,#98a1a6
94,291,#9da7ae
95,291,#a6afb5
96,291,#9da6ac
97,291,#a6b0b5
98,291,#b2bac0
99,291,#989da5
100,291,#939ca4
101,291,#949ca5
102,291,#919aa4
103,291,#78828b
104,291,#919ba5
105,291,#9099a0
106,291,#9499a0
107,291,#a4a5ac
108,291,#8f909a
109,291,#8d9199
110,291,#464b49
111,291,#a3a4a0
112,291,#8c9091
113,291,#7b7f83
114,291,#8b8f93
115,291,#898e92
116,291,#808589
117,291,#6a747d
118,291,#7c8690
119,291,#78828e
120,291,#717d89
121,291,#7f8993
122,291,#5a666e
123,291,#7a838b
124,291,#818891
125,291,#919699
126,291,#8f9293
127,291,#a39e99
128,291,#b4aea7
129,291,#aca79d
130,291,#bcb8b0
131,291,#a39f97
132,291,#9a968d
133,291,#9f9b92
134,291,#b4b1aa
135,291,#bbb6b1
136,291,#ccc7c2
137,291,#d6d4d0
138,291,#bdbcb8
139,291,#c9c8c4
140,291,#acacaa
141,291,#ccccca
142,291,#cbcac5
143,291,#cccbc7
144,291,#aeada9
145,291,#b1aea9
146,291,#9e9b96
147,291,#989491
148,291,#b0afad
149,291,#aeaeae
150,291,#a0a2a1
151,291,#939594
152,291,#a8a9a4
153,291,#aaaba6
154,291,#9c9c9a
155,291,#afb1ae
156,291,#9fa1a0
157,291,#aeb0af
158,291,#a0a1a3
159,291,#96979b
160,291,#7a7e80
161,291,#626668
162,291,#626466
163,291,#616265
164,291,#65666b
165,291,#666b6f
166,291,#666b6f
167,291,#6a6f75
168,291,#6a6f75
169,291,#70757b
170,291,#6b7577
171,291,#6d757f
172,291,#808a8f
173,291,#747e88
174,291,#8e98a1
175,291,#77848d
176,291,#818b95
177,291,#717e86
178,291,#89969f
179,291,#8996a1
180,291,#a1afbc
181,291,#7a8a97
182,291,#6a7a89
183,291,#80909f
184,291,#738493
185,291,#596772
186,291,#74818a
187,291,#5e6871
188,291,#687179
189,291,#787d84
190,291,#8c9094
191,291,#2e3237
192,291,#dadcdf
193,291,#edeef1
194,291,#6e7176
195,291,#030313
196,291,#010214
197,291,#161926
198,291,#707883
199,291,#86929c
200,291,#808693
201,291,#949dab
202,291,#778791
203,291,#d0d7d4
204,291,#99abb4
205,291,#6f7c8d
206,291,#adb1b8
207,291,#9ba8b1
208,291,#9da4ab
209,291,#a1a6ac
210,291,#aab4b7
211,291,#818488
212,291,#a5aaae
213,291,#83888c
214,291,#9fa4a8
215,291,#979b9c
216,291,#9da1a2
217,291,#b0b5b8
218,291,#989da1
219,291,#898e92
220,291,#95969a
221,291,#abacb0
222,291,#b2b3b5
223,291,#aaabad
224,291,#b4b5b7
225,291,#a7a8aa
226,291,#aaabad
227,291,#a4aaaa
228,291,#a4a8ab
229,291,#9da2a6
230,291,#91969c
231,291,#71767c
232,291,#a0a6ae
233,291,#969fa6
234,291,#9ca4a9
235,291,#b0b8bc
236,291,#a0a6b2
237,291,#a4acb0
238,291,#a2aab0
239,291,#abb3bb
240,291,#a8b2ba
241,291,#b5bcc2
242,291,#b7bfc1
243,291,#9da5ab
244,291,#7e8995
245,291,#adb6bd
246,291,#bbc2ca
247,291,#b0b8c0
248,291,#aeb5bd
249,291,#b5bbc1
250,291,#a9b2ba
251,291,#a5aeb3
252,291,#949b9b
253,291,#9ea0a1
254,291,#86858b
255,291,#9fa2a3
256,291,#959591
257,291,#3f3e3e
258,291,#abaca6
259,291,#b3b2ae
260,291,#6d6c6a
261,291,#959595
262,291,#bbbab7
263,291,#b9b8b6
264,291,#acaba9
265,291,#757671
266,291,#bbbbb9
267,291,#cbcdca
268,291,#afb1b0
269,291,#98999b
270,291,#bcbdba
271,291,#afaeab
272,291,#abaead
273,291,#c0c2c1
274,291,#939393
275,291,#bebdbd
276,291,#9fa0a2
277,291,#9fa1a6
278,291,#7c7d82
279,291,#cecdd1
280,291,#8c8d8f
281,291,#c8c9cb
282,291,#7f8385
283,291,#c6c7c9
284,291,#8b898a
285,291,#5c5b59
286,291,#91908e
287,291,#8f8f90
288,291,#747273
289,291,#979392
290,291,#939391
291,291,#6d6b69
292,291,#858581
293,291,#969590
294,291,#868481
295,291,#757776
296,291,#80807e
297,291,#6b6c67
298,291,#757470
299,291,#8a8683
300,291,#948f89
301,291,#928d87
302,291,#8e8b84
303,291,#8f8c85
304,291,#8a8780
305,291,#89857d
306,291,#928d86
307,291,#8a857c
308,291,#979288
309,291,#99948a
310,291,#969288
311,291,#959187
312,291,#969287
313,291,#959187
314,291,#97928b
315,291,#958f86
316,291,#979288
317,291,#9b948b
318,291,#999289
319,291,#9b948b
320,291,#9c968b
321,291,#9d968d
322,291,#9c958c
323,291,#9b948b
324,291,#9b948b
325,291,#968f86
326,291,#979087
327,291,#968e86
328,291,#9e958d
329,291,#9f968e
330,291,#9c958a
331,291,#a0988e
332,291,#9e968a
333,291,#9e968a
334,291,#a0988c
335,291,#a39b8e
336,291,#a29a8d
337,291,#a2988c
338,291,#a2988c
339,291,#a49a8e
340,291,#a89e92
341,291,#9a9084
342,291,#9b9185
343,291,#9a9084
344,291,#9a9084
345,291,#9b9187
346,291,#a89e94
347,291,#a0968c
348,291,#a0968c
349,291,#a2988e
350,291,#9f978c
351,291,#9c9489
352,291,#a0988d
353,291,#9d958a
354,291,#a0988d
355,291,#a59b91
356,291,#a3998f
357,291,#999184
358,291,#989085
359,291,#a29990
360,291,#9e948a
361,291,#9c9288
362,291,#a3998f
363,291,#a79d93
364,291,#a1978d
365,291,#a1978d
366,291,#a3998f
367,291,#9f958b
368,291,#a49a90
369,291,#a1978d
370,291,#a89e94
371,291,#a99f95
372,291,#b0a69a
373,291,#b0a69a
374,291,#aba195
375,291,#a89e94
376,291,#a3998f
377,291,#aba195
378,291,#aba195
379,291,#b1a79b
380,291,#aba398
381,291,#aaa297
382,291,#a19b8f
383,291,#a49d93
384,291,#a09991
385,291,#8d8980
386,291,#9a968d
387,291,#949087
388,291,#95928b
389,291,#92918c
390,291,#8d8c89
391,291,#8e8c8a
392,291,#858682
393,291,#91918e
394,291,#a3a3a2
395,291,#a3a3a2
396,291,#a5a5a4
397,291,#9d9c9e
398,291,#9c9c9e
399,291,#9f9ea1
400,291,#9c9e9d
401,291,#979898
402,291,#9fa1a4
403,291,#a0a1a4
404,291,#9c9da0
405,291,#a1a2a4
406,291,#a1a2a4
407,291,#9d9d9b
408,291,#a2a2a0
409,291,#a1a19f
410,291,#a2a19f
411,291,#a2a19f
412,291,#9e9f9a
413,291,#a0a09e
414,291,#a1a19f
415,291,#a2a4a3
416,291,#a0a2a1
417,291,#a0a2a1
418,291,#9fa1a0
419,291,#a3a5a4
420,291,#a0a1a3
421,291,#a0a1a5
422,291,#9da1a3
423,291,#9fa3a4
424,291,#9ea2a3
425,291,#a0a1a3
426,291,#9c9d9f
427,291,#9b9c9e
428,291,#9e9fa1
429,291,#9fa0a2
430,291,#9a9e9f
431,291,#9fa0a2
432,291,#9ea0a2
433,291,#969a9b
434,291,#969a9b
435,291,#9b9c9e
436,291,#9d9ea0
437,291,#9ea09f
438,291,#9d9f9e
439,291,#979998
440,291,#9b9b9b
441,291,#979797
442,291,#9c9c9a
443,291,#939391
444,291,#979795
445,291,#9a9a98
446,291,#989896
447,291,#9d9d9d
448,291,#979797
449,291,#969696
450,291,#959595
451,291,#969696
452,291,#8d8f8c
453,291,#929290
454,291,#92918f
455,291,#93928e
456,291,#969591
457,291,#94938f
458,291,#8e8d89
459,291,#94938f
460,291,#92938d
461,291,#92938e
462,291,#979893
463,291,#989994
464,291,#92938e
465,291,#999894
466,291,#959490
467,291,#8d8d8b
468,291,#929290
469,291,#91918f
470,291,#959595
471,291,#8b8c8c
472,291,#878788
473,291,#888889
474,291,#8d8d8e
475,291,#9c9d98
476,291,#888886
477,291,#8b8b87
478,291,#c0bfbb
479,291,#737778
480,291,#737a7d
481,291,#7a7b7b
482,291,#8f918e
483,291,#858a8a
484,291,#bcc0c3
485,291,#6b7073
486,291,#888c8f
487,291,#9ca0a1
488,291,#5f666e
489,291,#717680
490,291,#848a8d
491,291,#767a7d
492,291,#969c9b
493,291,#7d8287
494,291,#8d9192
495,291,#868a8c
496,291,#91969b
497,291,#89908f
498,291,#929697
499,291,#8d9095
500,291,#949697
501,291,#959796
502,291,#939593
503,291,#989c9c
504,291,#9a9a9a
505,291,#969897
506,291,#9a9c9b
507,291,#9d9f9d
508,291,#9fa19f
509,291,#9c9e9e
510,291,#9a9997
511,291,#9d9d9d
512,291,#a4a4a4
513,291,#a3a3a3
514,291,#a8a7a5
515,291,#a1a09c
516,291,#a8a7a3
517,291,#aaa9a5
518,291,#acaba7
519,291,#aba7a4
520,291,#adaaa5
521,291,#b1adaa
522,291,#a4a4a0
523,291,#a8a9a4
524,291,#a8a9a4
525,291,#a4a4a2
526,291,#a3a29e
527,291,#aaaba6
528,291,#999894
529,291,#aca8a5
530,291,#a9a49e
531,291,#b1aca6
532,291,#b1afaa
533,291,#b1b0ab
534,291,#b0ada8
535,291,#b7b2ac
536,291,#b1aca6
537,291,#a8a39d
538,291,#b2ada7
539,291,#b5b1a8
540,291,#b2b1a9
541,291,#b4b0a9
542,291,#b7b2a9
543,291,#b9b4ab
544,291,#b8b2aa
545,291,#c0b9b1
546,291,#bcb5ae
547,291,#afaca5
548,291,#aba6a0
549,291,#b4ada7
550,291,#a8a39d
551,291,#b5b0aa
552,291,#b3aea8
553,291,#b5b0aa
554,291,#b2ada7
555,291,#b8b4a9
556,291,#b2aea5
557,291,#b6b0a8
558,291,#b8b1a9
559,291,#b8b1a9
560,291,#bbb9b2
561,291,#bbb0a5
562,291,#bbbbb6
563,291,#a9a8a5
564,291,#aeacaa
565,291,#bfb8b5
566,291,#c3bbb2
567,291,#c9bfb0
568,291,#d1c7b9
569,291,#d8cfc4
570,291,#abacae
571,291,#7c7d85
574,291,#9ea3a8
575,291,#adb0b6
576,291,#5f6072
580,291,#7a8597
584,291,#d7dbe5
585,291,#aeafb4
586,291,#80808f
587,291,#afb3b1
588,291,#8e8f99
589,291,#a4a3b3
590,291,#7e7f86
591,291,#c6c6cc
592,291,#504e64
593,291,#494954
594,291,#060119
598,291,#4e5165
0,292,#8b8983
1,292,#8a8c93
2,292,#6a7381
3,292,#474e62
5,292,#535562
6,292,#757b83
7,292,#626a78
8,292,#495165
10,292,#cdd0d3
11,292,#bdbab4
12,292,#cfc7bc
13,292,#c7bdb3
14,292,#c2b9b0
15,292,#b8b3af
16,292,#adabad
17,292,#a5a5a3
18,292,#6a6a6c
19,292,#727079
20,292,#898a92
21,292,#7c7485
24,292,#0a091e
26,292,#3b3d4d
27,292,#767780
28,292,#908d91
29,292,#d9dadc
30,292,#656a7d
31,292,#494b56
32,292,#595e6c
36,292,#5e6477
37,292,#787f92
38,292,#a4adb4
39,292,#2d3243
40,292,#767d8c
42,292,#5b6171
46,292,#aebfc7
49,292,#7e8a94
50,292,#405059
51,292,#99a4b1
52,292,#717d88
53,292,#4a5668
54,292,#687381
55,292,#2d3c44
56,292,#334658
57,292,#283241
58,292,#38424f
59,292,#5e6877
60,292,#5d6774
61,292,#555f6e
62,292,#abafb6
63,292,#cfd1da
64,292,#919aa7
65,292,#929ba4
66,292,#616977
67,292,#888f97
68,292,#9599a4
69,292,#c3c7cc
70,292,#b2bdc5
71,292,#697282
72,292,#616e81
74,292,#566377
75,292,#8493a2
76,292,#8998aa
77,292,#7b8b91
78,292,#dce9ec
79,292,#a1a8aa
80,292,#707d8b
81,292,#727c8c
82,292,#5f6e7f
83,292,#b5bcc8
84,292,#687281
85,292,#818799
86,292,#8a909b
87,292,#abaaae
88,292,#abb0bf
89,292,#a4a9b9
91,292,#3c4558
92,292,#636770
93,292,#8d8e90
94,292,#b9bab7
95,292,#aeabaa
96,292,#959699
97,292,#7d7f86
98,292,#6a767f
99,292,#505d6f
100,292,#556371
101,292,#515c6c
102,292,#5a6068
103,292,#70777e
104,292,#7d858d
105,292,#a0a6ab
106,292,#92979b
107,292,#979da2
108,292,#adafb5
109,292,#a3a7ac
110,292,#9aa0a5
111,292,#989fa2
112,292,#9d9fa2
113,292,#9ea0a3
114,292,#9da0a2
115,292,#9a9c9a
116,292,#9a9c99
117,292,#91928d
118,292,#a1a1a0
119,292,#a8a9a5
120,292,#a2a19d
121,292,#8c8e8e
122,292,#8c9194
123,292,#888c90
124,292,#929498
125,292,#8a8b8a
126,292,#888987
127,292,#949797
128,292,#898c8d
129,292,#9a9da0
130,292,#aeb0b2
131,292,#a09f9c
132,292,#9b9994
133,292,#9b9893
134,292,#8b8783
135,292,#7f7c76
136,292,#8a8781
137,292,#b5b1ad
138,292,#bab7b3
139,292,#b2afab
140,292,#a9a6a0
141,292,#bfbeb9
142,292,#b9b6b1
143,292,#cbc8c3
144,292,#cdc9c5
145,292,#bbb7b4
146,292,#b9b8b4
147,292,#b2b4af
148,292,#b2b4af
149,292,#c1c3bf
150,292,#b9bdbf
151,292,#6e767a
152,292,#a0a6ad
153,292,#9da3a8
154,292,#bcc2c5
155,292,#b0b4b9
156,292,#7c8086
157,292,#7e8284
158,292,#898d90
159,292,#8d9196
160,292,#a6abaf
161,292,#a4a9ae
162,292,#a9aeae
163,292,#adb0b0
164,292,#b7b8ba
165,292,#9ca0a2
166,292,#b8bcbe
167,292,#9ca1a1
168,292,#b9bfbf
169,292,#a7adad
170,292,#a7acaf
171,292,#9fa3a4
172,292,#a8aeb1
173,292,#a6abaf
174,292,#8a8f95
175,292,#9ea6a8
176,292,#a7abaf
177,292,#9fa7a8
178,292,#bfc8ce
179,292,#7f8893
180,292,#7b8289
181,292,#818791
182,292,#3e535d
183,292,#9eaeb8
184,292,#75828d
185,292,#748192
186,292,#49505d
187,292,#8898a7
188,292,#8292a2
189,292,#6e7e8e
190,292,#959fa8
191,292,#939ba5
192,292,#88939b
193,292,#838d9a
194,292,#8c96a0
195,292,#889098
196,292,#8f959b
197,292,#a2aca8
198,292,#9ca8ab
199,292,#838f97
200,292,#6b7e87
201,292,#808d98
202,292,#828b90
203,292,#889296
204,292,#81898f
205,292,#8d9598
206,292,#8f969a
207,292,#a8adb1
208,292,#a6abaf
209,292,#b9bfc4
210,292,#7b838d
211,292,#8f959f
212,292,#b6bbbf
213,292,#969d9f
214,292,#a0a7a9
215,292,#a1a5a8
216,292,#959698
217,292,#acadb1
218,292,#b1b2b6
219,292,#adaeb2
220,292,#a3a4a9
221,292,#a8a9ac
222,292,#b6b7b9
223,292,#a9abab
224,292,#adafaf
225,292,#bababa
226,292,#bebcbf
227,292,#c4c6c1
228,292,#b2b3b3
229,292,#98999d
230,292,#c1bdbc
231,292,#c0bdb9
232,292,#c9c8c9
233,292,#c8c8c8
234,292,#bfc0bc
235,292,#bab8b5
236,292,#c1c1c5
237,292,#bcbdb9
238,292,#c1c0be
239,292,#cecbce
240,292,#cacbca
241,292,#b4b5b6
242,292,#c1c1bd
243,292,#aaa9ad
244,292,#a7aaae
245,292,#93979c
246,292,#abafb4
247,292,#9fa4a3
248,292,#a6aaab
249,292,#a5a6aa
250,292,#a8a8a6
251,292,#a5a8ab
252,292,#a1a5a9
253,292,#a5aaae
254,292,#9ca1a7
255,292,#9ca1a5
256,292,#9ea2a6
257,292,#989da1
258,292,#afb3b6
259,292,#a7a8aa
260,292,#adb0a8
261,292,#a9aaab
262,292,#b7b6b2
263,292,#c2c1be
264,292,#bfbdbd
265,292,#cdcdcd
266,292,#cacbca
267,292,#c6c2bd
268,292,#cac5c1
269,292,#a9a599
270,292,#aba8a0
271,292,#ccc9c2
272,292,#c1c0bc
273,292,#b4b3af
274,292,#cac9c5
275,292,#afb2b0
276,292,#cccecd
277,292,#b9bab9
278,292,#cdcecc
279,292,#a3a3a6
280,292,#afb2b4
281,292,#a3a2a2
282,292,#ada9a3
283,292,#a49e97
284,292,#a59e96
285,292,#928d8a
286,292,#9e9b96
287,292,#a29f97
288,292,#97928d
289,292,#a8a39f
290,292,#9b948d
291,292,#a09992
292,292,#8e8a81
293,292,#8d8a86
294,292,#8b898b
295,292,#838281
296,292,#8d8988
297,292,#9a978e
298,292,#8c8c82
299,292,#939694
300,292,#8e8c86
301,292,#929089
302,292,#959387
303,292,#999590
304,292,#938e88
305,292,#918b84
306,292,#958d85
307,292,#999287
308,292,#9f968c
309,292,#a0968d
310,292,#a29a8d
311,292,#a29a8d
312,292,#a49a8e
313,292,#a59b8f
314,292,#a49a8e
315,292,#a69d8e
316,292,#9e9586
317,292,#a29b8d
318,292,#a29a8d
319,292,#a2988c
320,292,#a3998d
321,292,#a2988c
322,292,#a2988c
323,292,#a59b8f
324,292,#a2988c
325,292,#a1978b
326,292,#a69c90
327,292,#a39a8b
328,292,#a3998d
329,292,#a0968c
330,292,#a69c92
331,292,#a49a90
332,292,#a69c92
333,292,#a49a90
334,292,#a89e94
335,292,#a79d93
336,292,#a69c92
337,292,#a79f91
338,292,#9f978a
339,292,#958d81
340,292,#9c9487
341,292,#9b9386
342,292,#a0988d
343,292,#9e968b
344,292,#999186
345,292,#938a81
346,292,#988f86
347,292,#999087
348,292,#9f968d
349,292,#9b9289
350,292,#9d9389
351,292,#a49a90
352,292,#9a9086
353,292,#998f85
354,292,#a1978d
355,292,#a89e94
356,292,#b4aaa0
357,292,#a99f95
358,292,#a99f95
359,292,#a3998f
360,292,#a59b91
361,292,#9e948a
362,292,#8f877c
363,292,#968e83
364,292,#9c9489
365,292,#968e81
366,292,#9b9386
367,292,#9e9689
368,292,#9f978a
369,292,#9a9285
370,292,#a1998c
371,292,#a29a8d
372,292,#a0998d
373,292,#a39b91
374,292,#a8a098
375,292,#999286
376,292,#999287
377,292,#9d958c
378,292,#a0988e
379,292,#9d958b
380,292,#a09a90
381,292,#a39d93
382,292,#99958b
383,292,#9a968d
384,292,#9a968e
385,292,#979691
386,292,#a2a19c
387,292,#555756
388,292,#818182
389,292,#807f7d
390,292,#65686a
391,292,#888b8d
392,292,#8d9193
393,292,#929697
394,292,#9fa3a3
395,292,#aaaeb0
396,292,#94979b
397,292,#898d8e
398,292,#898d8e
399,292,#898d8e
400,292,#9c9f9f
401,292,#999b9d
402,292,#919294
403,292,#949597
404,292,#9b9c9d
405,292,#909193
406,292,#97989a
407,292,#9c9c9b
408,292,#a1a19f
409,292,#a0a09e
410,292,#9da09f
411,292,#9d9f9e
412,292,#9d9d9d
413,292,#9f9f9f
414,292,#9c9c9d
415,292,#9ba1a1
416,292,#9b9fa2
417,292,#9d9ea1
418,292,#9a9b9d
419,292,#9a9b9d
420,292,#969a9b
421,292,#999d9e
422,292,#969a9b
423,292,#999d9e
424,292,#95999a
425,292,#989c9b
426,292,#989c9d
427,292,#9a9b9e
428,292,#9c9d9f
429,292,#999a9c
430,292,#9e9fa1
431,292,#9d9ea0
432,292,#9a9c9b
433,292,#969799
434,292,#9b9ca0
435,292,#9ea2a3
436,292,#9ea2a3
437,292,#a2a3a5
438,292,#a4a5a7
439,292,#a6a7a9
440,292,#a2a2a2
441,292,#a2a2a2
442,292,#a2a2a2
443,292,#a5a5a5
444,292,#a1a1a1
445,292,#9b9d9c
446,292,#9b9d9c
447,292,#9d9f9e
448,292,#9ea09f
449,292,#9fa1a0
450,292,#9f9f9d
451,292,#9d9d9b
452,292,#a0a09e
453,292,#a0a09e
454,292,#a0a09e
455,292,#9f9f9d
456,292,#a0a09e
457,292,#a0a09e
458,292,#9f9f9d
459,292,#a1a19f
460,292,#9f9f9d
461,292,#9b9b99
462,292,#9b9a98
463,292,#9c9b99
464,292,#9d9c9a
465,292,#9c9c9a
466,292,#9b9b99
467,292,#9b9b99
468,292,#9b9b99
469,292,#9b9b99
470,292,#9a9b95
471,292,#9a9b95
472,292,#9b9a96
473,292,#9a9995
474,292,#9a9995
475,292,#989793
476,292,#999895
477,292,#999a96
478,292,#999a95
479,292,#9a9b96
480,292,#9b9a96
481,292,#9a9996
482,292,#9b9a95
483,292,#9c9b97
484,292,#9b9a98
485,292,#9a9c99
486,292,#989a98
487,292,#9b9d9a
488,292,#999b99
489,292,#959794
490,292,#989a98
491,292,#949696
492,292,#959594
493,292,#999998
494,292,#98989a
495,292,#9b9b9c
496,292,#9f9fa0
497,292,#9a9c99
498,292,#9c9e9c
499,292,#999b9a
500,292,#979b9a
501,292,#949897
502,292,#949597
503,292,#949597
504,292,#9c9d9f
505,292,#9a9c97
506,292,#999b98
507,292,#9d9d9b
508,292,#9c9c9a
509,292,#9d9d9b
510,292,#9c9d98
511,292,#a5a4a1
512,292,#9fa19b
513,292,#a1a09c
514,292,#a2a29f
515,292,#9f9f9e
516,292,#a0a0a0
517,292,#b4b4ac
518,292,#9d9d9d
519,292,#989996
520,292,#a6a5a2
521,292,#afaeaa
522,292,#b5b1a7
523,292,#b4b2aa
524,292,#b7b7b2
525,292,#babbba
526,292,#b0ada7
527,292,#b9b0a7
528,292,#b9b0a7
529,292,#bbb1a8
530,292,#b7b3aa
531,292,#b6afa7
532,292,#b4b0a7
533,292,#b2afaa
534,292,#aeaaa8
535,292,#b3aca6
536,292,#beb5ae
537,292,#bbb4ac
538,292,#bbb4ab
539,292,#bdb5ab
540,292,#b7b0a8
541,292,#bfb8b0
542,292,#bbb4a9
543,292,#bbb4ac
544,292,#b8b0ad
545,292,#bab7ae
546,292,#bab7ae
547,292,#bdbbaf
548,292,#b5b3a7
549,292,#bbb8af
550,292,#b8b6aa
551,292,#b9b7ab
552,292,#b7b2a6
553,292,#bbb6ae
554,292,#bbb5ad
555,292,#bcb8af
556,292,#bfbbb1
557,292,#bbb7ac
558,292,#c5c1b6
559,292,#c0b9af
560,292,#b8b4ac
561,292,#b1aca6
562,292,#98948e
563,292,#a7a49f
564,292,#989492
565,292,#9fa098
566,292,#b4b0a9
567,292,#a9a7a3
568,292,#adadab
569,292,#a5a8a9
570,292,#848992
571,292,#787c85
572,292,#a5a6a8
573,292,#bbbcc1
574,292,#aeb0b6
575,292,#afb4b6
576,292,#959b9f
577,292,#7c7d89
578,292,#a0a1a4
579,292,#9f9f9f
580,292,#9b9b99
581,292,#aaacac
582,292,#75838e
583,292,#7d8d9b
584,292,#5e6d7b
585,292,#98a2ad
586,292,#7d848f
587,292,#bac3c7
588,292,#a0a8ae
589,292,#818a93
590,292,#8f98a2
591,292,#717d85
592,292,#869395
593,292,#9ca5a9
594,292,#9da1a1
595,292,#a5a6a5
596,292,#c4c5c4
597,292,#b7b6af
598,292,#afb2b7
599,292,#9fa5a2
0,293,#8c9496
1,293,#878f99
2,293,#8d9a9c
3,293,#919ca2
4,293,#889195
5,293,#a5aaa9
6,293,#9ea1a0
7,293,#939599
8,293,#a8aab0
9,293,#bdb8ba
10,293,#b7b2ac
11,293,#c1bab0
12,293,#c4beb3
13,293,#d1c5bb
14,293,#dacdc2
15,293,#bfb0a9
16,293,#c5b9b0
17,293,#dac9bd
18,293,#ccbfb4
19,293,#c3b8b0
20,293,#d0c5bd
21,293,#e2d7d0
22,293,#d6cec7
23,293,#aca5aa
24,293,#403f4a
25,293,#323842
26,293,#1c202b
27,293,#020304
28,293,#11101c
29,293,#52545a
31,293,#a9aebe
36,293,#050317
40,293,#858279
41,293,#989a9d
44,293,#444b5a
45,293,#202b37
49,293,#3e4b5b
50,293,#616070
51,293,#a5a8b5
52,293,#9498a4
53,293,#c0c5c7
56,293,#71737f
57,293,#999999
58,293,#cdced5
59,293,#fcfdfb
60,293,#f7fef6
61,293,#e3e1dc
62,293,#e2e3de
63,293,#d7d4ce
64,293,#c6bebe
65,293,#bcbcb6
66,293,#a6a3a2
67,293,#7c7f7f
68,293,#77777f
69,293,#707079
70,293,#9e9a99
71,293,#cec4c4
72,293,#989394
73,293,#e0dddc
74,293,#eeebea
75,293,#f3eff1
76,293,#e5e3ea
77,293,#7a7c8a
78,293,#444756
79,293,#838690
80,293,#9e9ba8
82,293,#8da4ae
85,293,#d6d6d6
86,293,#e0dcce
87,293,#a0a3a8
88,293,#acb1bf
89,293,#828a9a
90,293,#9da1a5
91,293,#a5acac
92,293,#d2cece
93,293,#979498
94,293,#9699a0
95,293,#b5b2ac
96,293,#c0bbb3
97,293,#bdb5ad
98,293,#b3b0a7
99,293,#b4b2a8
100,293,#b6b1aa
101,293,#b3aea6
102,293,#aeada9
103,293,#a9a8a5
104,293,#a0a2a0
105,293,#989d9e
106,293,#8e9497
107,293,#858c8d
108,293,#8f9193
109,293,#898e8f
110,293,#84888c
111,293,#7f8387
112,293,#8e9599
113,293,#848c90
114,293,#8e969a
115,293,#929394
116,293,#9e9e9c
117,293,#a8a7a5
118,293,#9a999a
119,293,#9d9c9a
120,293,#92938e
121,293,#9a9d9d
122,293,#777671
123,293,#8b8984
124,293,#a5a19d
125,293,#9a9792
126,293,#c3bfbc
127,293,#cdcac5
128,293,#d2ceca
129,293,#dad6d4
130,293,#d8d4d0
131,293,#bfbeba
132,293,#d2d2d0
133,293,#d3d3d1
134,293,#d2d2d0
135,293,#d8d5d0
136,293,#e9e6e1
137,293,#c7c4bf
138,293,#f3f1ec
139,293,#f7f6f1
140,293,#686461
141,293,#e0dfdd
142,293,#e2dfdb
143,293,#e1ded9
144,293,#c8c5c0
145,293,#cecfca
146,293,#b9b5b2
147,293,#bbbab6
148,293,#bfbeba
149,293,#d5d4d0
150,293,#c0bcb8
151,293,#b6b5b2
152,293,#aca8a6
153,293,#b2b2b1
154,293,#b3b5b7
155,293,#b0b0ae
156,293,#b7b7b7
157,293,#b2b2b1
158,293,#a6a6a6
159,293,#a7a7a7
160,293,#9b9d9c
161,293,#bbbdbc
162,293,#868b8b
163,293,#919494
164,293,#b3b3b4
165,293,#c7c7c7
166,293,#a8a8a8
167,293,#8f8f8f
168,293,#929091
169,293,#b8b6b7
170,293,#cac7c3
171,293,#b1b1b1
172,293,#9b9d9b
173,293,#818383
174,293,#bdc1c4
175,293,#80878d
176,293,#74797f
177,293,#a2a9b1
178,293,#98a0a9
179,293,#919ca4
180,293,#949ea5
181,293,#9ba2a6
182,293,#a7b4b8
183,293,#9facb2
184,293,#909ea6
185,293,#89939d
186,293,#6d7b87
187,293,#b6c6d6
188,293,#233343
189,293,#7a8a9a
190,293,#738798
191,293,#697d8e
192,293,#798f9e
193,293,#6e8091
194,293,#798692
195,293,#828a95
196,293,#89919b
197,293,#97a0a4
198,293,#a0a6a7
199,293,#9b9f98
200,293,#9a9a9a
201,293,#999999
202,293,#8c9092
203,293,#84878c
204,293,#8d9097
205,293,#8e9397
206,293,#999ea2
207,293,#9b9fa2
208,293,#9fa3a6
209,293,#afb3b6
210,293,#b0b1ad
211,293,#b8b8b5
212,293,#a5a5a4
213,293,#b8b8b8
214,293,#a4a4a4
215,293,#b9bbba
216,293,#b7b9b6
217,293,#bbbdbb
218,293,#b0b2b0
219,293,#979997
220,293,#c7c4c0
221,293,#a8a9a9
222,293,#c5c8c3
223,293,#babdb6
224,293,#b1b4ad
225,293,#bebebc
226,293,#a7a8aa
227,293,#acaba7
228,293,#acaba6
229,293,#bbbab8
230,293,#d0ccc9
231,293,#a4a19c
232,293,#d4cfcb
233,293,#dcd9d4
234,293,#d5d4d0
235,293,#c1c0be
236,293,#a9a9a8
237,293,#cdc9c6
238,293,#cfcac6
239,293,#d7d0c9
240,293,#bfbbb7
241,293,#c2bfbb
242,293,#a0a1a1
243,293,#abaaac
244,293,#b8b4b3
245,293,#bab9b5
246,293,#bdbeb9
247,293,#b9b9b7
248,293,#abaaa8
249,293,#b2b1ad
250,293,#aeaeac
251,293,#a9abaa
252,293,#acaba8
253,293,#a8a7a5
254,293,#a7a5a5
255,293,#adaca8
256,293,#adaca9
257,293,#a3a29f
258,293,#a9a9a7
259,293,#a5a6a6
260,293,#9f9c97
261,293,#a4a09d
262,293,#aeada9
263,293,#b5b4b0
264,293,#c7c6c4
265,293,#b4b3af
266,293,#a4a39f
267,293,#afaca4
268,293,#908c8a
269,293,#9d9997
270,293,#9e9993
271,293,#b1aca6
272,293,#afaaa4
273,293,#b3aea8
274,293,#b9b4ae
275,293,#bfbab6
276,293,#837e7b
277,293,#9a9994
278,293,#b0afa9
279,293,#a4a39f
280,293,#989894
281,293,#a6a39e
282,293,#9d9b97
283,293,#9c9a95
284,293,#aba7a2
285,293,#a5a59d
286,293,#cccbc7
287,293,#cbcac7
288,293,#b3b2af
289,293,#e0dfde
290,293,#9b9994
291,293,#c8c6c2
292,293,#898582
293,293,#a2a19d
294,293,#b2b3ae
295,293,#696a6a
296,293,#7b7a7a
297,293,#cbc7c4
298,293,#abaaa7
299,293,#868689
300,293,#9d9996
301,293,#9a9899
302,293,#858681
303,293,#aeaeac
304,293,#b1b0ac
305,293,#a3a5a4
306,293,#8b8c8b
307,293,#9d9f9c
308,293,#969794
309,293,#979795
310,293,#a3a19d
311,293,#9e9c98
312,293,#a4a19c
313,293,#a19d98
314,293,#a09c97
315,293,#99958d
316,293,#948f88
317,293,#96928a
318,293,#9c958e
319,293,#9c938d
320,293,#958e85
321,293,#968f86
322,293,#958e85
323,293,#a09990
324,293,#9c958c
325,293,#9b958a
326,293,#9e988d
327,293,#9a9288
328,293,#999086
329,293,#a49b93
330,293,#a49b93
331,293,#a29991
332,293,#9f978d
333,293,#a29a8f
334,293,#a1998e
335,293,#9f978c
336,293,#a29a8f
337,293,#a69e93
338,293,#a1998e
339,293,#9b9289
340,293,#9e968b
341,293,#a39b90
342,293,#a0978e
343,293,#a1988f
344,293,#a39a91
345,293,#a39b8e
346,293,#a49c8f
347,293,#a39b8e
348,293,#a49c8f
349,293,#a59d90
350,293,#9f958b
351,293,#a0968c
352,293,#a3998f
353,293,#9c9288
354,293,#9d9389
355,293,#9a9084
356,293,#9e9488
357,293,#9b9185
358,293,#a69c90
359,293,#a59b8f
360,293,#a1978b
361,293,#a1978b
362,293,#a79d93
363,293,#a0968c
364,293,#a89e94
365,293,#a49c8f
366,293,#9f978a
367,293,#a39b90
368,293,#9f978c
369,293,#a9a196
370,293,#a79f94
371,293,#a39b90
372,293,#a09789
373,293,#9c9286
374,293,#a1978d
375,293,#a59b92
376,293,#a49a91
377,293,#9d958c
378,293,#9e978d
379,293,#a0998f
380,293,#a19a90
381,293,#a7a096
382,293,#a6a299
383,293,#a6a299
384,293,#9c988f
385,293,#9d9892
386,293,#9f9a94
387,293,#979691
388,293,#a4a39e
389,293,#a3a099
390,293,#a3a29e
391,293,#a1a09c
392,293,#9e9e9c
393,293,#a0a09e
394,293,#a0a09e
395,293,#a1a19f
396,293,#9e9e9e
397,293,#9d9f9e
398,293,#9b9d9c
399,293,#9fa1a0
400,293,#9d9f9e
401,293,#9d9ea0
402,293,#a3a4a6
403,293,#a5a6a8
404,293,#a2a3a5
405,293,#9fa0a2
406,293,#9c9d9f
407,293,#9e9fa1
408,293,#9e9fa1
409,293,#9b9c9e
410,293,#9fa1a0
411,293,#9ea09f
412,293,#a0a0a0
413,293,#a3a3a3
414,293,#a1a1a1
415,293,#a2a39f
416,293,#a7a6a4
417,293,#a4a5a4
418,293,#a4a6a5
419,293,#a2a4a3
420,293,#a1a3a0
421,293,#a4a4a2
422,293,#a5a5a5
423,293,#a5a5a5
424,293,#a5a5a5
425,293,#a4a4a2
426,293,#a3a3a3
427,293,#a2a2a2
428,293,#a5a5a5
429,293,#a5a5a5
430,293,#a3a3a1
431,293,#a4a4a2
432,293,#a3a5a2
433,293,#a7a9a8
434,293,#a3a4a6
435,293,#a3a5a4
436,293,#a1a3a2
437,293,#a2a4a3
438,293,#a3a5a4
439,293,#a3a5a4
440,293,#a3a3a3
441,293,#a3a3a3
442,293,#a3a3a1
443,293,#a3a3a1
444,293,#a5a5a3
445,293,#a3a3a1
446,293,#a5a5a3
447,293,#a2a2a0
448,293,#a2a2a0
449,293,#a3a3a1
450,293,#a4a4a2
451,293,#a5a5a3
452,293,#a6a6a4
453,293,#a7a7a5
454,293,#a7a7a5
455,293,#a9a9a7
456,293,#a7a7a5
457,293,#a9a9a7
458,293,#a7a7a5
459,293,#a7a7a5
460,293,#a6a6a4
461,293,#a7a7a5
462,293,#a4a6a3
463,293,#a4a6a3
464,293,#a4a6a3
465,293,#a5a5a3
466,293,#a5a5a3
467,293,#a5a4a0
468,293,#a6a5a1
469,293,#a5a4a0
470,293,#a5a4a0
471,293,#a4a39f
472,293,#a4a39e
473,293,#a4a39e
474,293,#a5a49f
475,293,#a3a29e
476,293,#a4a39f
477,293,#a3a29e
478,293,#a3a29e
479,293,#a4a39f
480,293,#a4a39e
481,293,#a6a5a0
482,293,#a6a69f
483,293,#a3a29d
484,293,#a4a39f
485,293,#a3a29e
486,293,#a5a4a0
487,293,#a1a09c
488,293,#a5a4a0
489,293,#a5a4a0
490,293,#a1a09c
491,293,#a3a2a0
492,293,#9ea09d
493,293,#989b98
494,293,#9a9d9a
495,293,#9ea09f
496,293,#9fa1a0
497,293,#9a9c99
498,293,#989a99
499,293,#9a9b9d
500,293,#999b9a
501,293,#a2a4a3
502,293,#a2a4a1
503,293,#9fa19e
504,293,#9a9c99
505,293,#9b9b99
506,293,#9f9f9f
507,293,#a5a7a4
508,293,#a0a29f
509,293,#acaeab
510,293,#a9aaa5
511,293,#a9a8a4
512,293,#aeada8
513,293,#b2adaa
514,293,#a7a3a2
515,293,#a4a09d
516,293,#aaa6a3
517,293,#aaa7a1
518,293,#aaa7a2
519,293,#aaa7a2
520,293,#b1aca6
521,293,#a6a4a0
522,293,#adada8
523,293,#b1afa9
524,293,#b6b2ab
525,293,#b0afaa
526,293,#a3a09b
527,293,#9c9a96
528,293,#a4a29e
529,293,#aeaca8
530,293,#afaba2
531,293,#b7b0a8
532,293,#bbb4aa
533,293,#bab3aa
534,293,#bab3ad
535,293,#b9b6ae
536,293,#b9b2a9
537,293,#adaaa3
538,293,#b3b0a9
539,293,#bbb6b0
540,293,#bcb5ad
541,293,#bab3ab
542,293,#bdb6b0
543,293,#c0b9b1
544,293,#bdb6ac
545,293,#bab3a9
546,293,#bdb6ac
547,293,#c0b9af
548,293,#bdb6ac
549,293,#bdb6ae
550,293,#bab3ab
551,293,#b9b2aa
552,293,#bcb9af
553,293,#a8a49f
554,293,#c0bcb6
555,293,#c2beb4
556,293,#b7b3ac
557,293,#bab5af
558,293,#b9b4ae
559,293,#b6afa9
560,293,#b5b2a9
561,293,#b6b2a9
562,293,#b7b0a8
563,293,#b2aba1
564,293,#bcb6a9
565,293,#bdb5aa
566,293,#b7b0a8
567,293,#c1beb9
568,293,#beb9b3
569,293,#beb5ad
570,293,#bfb9ae
571,293,#b3ada7
572,293,#a9aca6
573,293,#b3b3b4
574,293,#bab7b9
575,293,#bdbdbb
576,293,#b3b4b4
577,293,#a6aaaa
578,293,#b1b5b4
579,293,#b3b4b7
580,293,#b5b6b6
581,293,#bcbab8
582,293,#c5c4ba
583,293,#bebab1
584,293,#bebab1
585,293,#c2bcb3
586,293,#c1bfb7
587,293,#b0b2ae
588,293,#adaeae
589,293,#b3b4b8
590,293,#acafae
591,293,#a3a8a7
592,293,#959ba1
593,293,#7b8392
594,293,#677482
595,293,#a0a6ad
596,293,#a4aab1
597,293,#9aa5ab
598,293,#7f8a96
599,293,#899294
0,294,#a6abab
1,294,#adadaf
2,294,#b5b4b0
3,294,#b8b4af
4,294,#cec4ba
5,294,#cdc5b8
6,294,#d2c9c2
7,294,#d2cabb
8,294,#d7d1c4
9,294,#c8c0b1
10,294,#cac4b8
11,294,#c7c4bf
12,294,#aeaea6
13,294,#aaa8a6
14,294,#9b9da1
15,294,#b8b6b7
16,294,#a6a2a7
17,294,#9fa3ae
18,294,#9b9ca7
19,294,#a6a5ac
20,294,#a3a4a1
21,294,#b7c1be
22,294,#b0aca2
23,294,#c2bcb5
24,294,#d6d0c9
25,294,#d1d3d3
26,294,#b7bdbf
27,294,#7c7d85
28,294,#c1c9cf
29,294,#9da6ac
30,294,#c7c9cf
31,294,#a9aab0
32,294,#858d9b
33,294,#94a5ae
34,294,#a4acb1
35,294,#c8ced9
36,294,#d8d8d7
37,294,#787f7f
38,294,#80838b
39,294,#b7bcbd
40,294,#a9a9b2
41,294,#3b3f4c
42,294,#c0cac8
44,294,#343a4a
45,294,#5f7081
46,294,#333b45
47,294,#45494b
48,294,#1d2328
50,294,#1d2331
51,294,#1b212e
52,294,#4d5261
53,294,#2b2d40
54,294,#030117
55,294,#68647c
57,294,#b9b6b8
58,294,#adb4b5
59,294,#81838e
60,294,#869497
61,294,#e9e9e1
62,294,#c7cbd3
63,294,#5c6771
64,294,#85909a
65,294,#9aa1a7
66,294,#a5a8af
67,294,#939898
68,294,#a7abac
69,294,#b0b2b0
70,294,#a5a4a2
71,294,#a5a69f
72,294,#a3a8a4
73,294,#a7ada6
74,294,#959a95
75,294,#9ea19a
76,294,#919495
77,294,#909295
78,294,#a1a3a6
79,294,#aaabb1
80,294,#bbbab2
81,294,#a3a29e
82,294,#aeadae
83,294,#a4a4a7
84,294,#959799
85,294,#a3a6a6
86,294,#9aa598
87,294,#a5abb0
88,294,#979a9e
89,294,#a3a7ac
91,294,#8e96a3
92,294,#929695
93,294,#aeafae
94,294,#b8b8b7
95,294,#b0b0af
96,294,#a19f9e
97,294,#afaca4
98,294,#c0b7b0
99,294,#cbc3ba
100,294,#ccc7bf
101,294,#a09d94
102,294,#d3cdc5
103,294,#ada8a1
104,294,#bdb8b2
105,294,#cabfb2
106,294,#ada49b
107,294,#b0a89d
108,294,#b4a99e
109,294,#b8aea3
110,294,#949490
111,294,#8e8e8a
112,294,#8b8e8b
113,294,#828583
114,294,#7f8280
115,294,#7d7b74
116,294,#8b867e
117,294,#8d8a82
118,294,#a39e9a
119,294,#b2aea8
120,294,#c0bab3
121,294,#cbc6c0
122,294,#d3ccc5
123,294,#d7d2cc
124,294,#d8d5ce
125,294,#ddd8d1
126,294,#ddd7d6
127,294,#c8c5bc
128,294,#cecbc4
129,294,#ebe8e3
130,294,#d5d2cd
131,294,#d4d1cc
132,294,#d6d2cf
133,294,#e3dfdc
134,294,#cfceca
135,294,#d9d8d6
136,294,#dddcda
137,294,#c3c2be
138,294,#bebdb9
139,294,#aeada9
140,294,#bcb9b2
141,294,#aeada8
142,294,#c9c5c2
143,294,#c1bdba
144,294,#c3bfbc
145,294,#b4b1ac
146,294,#adaca7
147,294,#b0ada8
148,294,#c0bdb8
149,294,#b6b3ae
150,294,#a7a8a3
151,294,#c4c5c0
152,294,#a7a7a4
153,294,#a09f9b
154,294,#c3bebb
155,294,#b6b5b0
156,294,#c3c2be
157,294,#a3a4a2
158,294,#b5b7b6
159,294,#bcbdbf
160,294,#aeafb1
161,294,#afb0b2
162,294,#bdc0c1
163,294,#c8cbcc
164,294,#b4b6b8
165,294,#c5c7c8
166,294,#bcbdbf
167,294,#9ca2a2
168,294,#b2b5b6
169,294,#a8a8aa
170,294,#9fa7ac
171,294,#adb3b9
172,294,#a3abb2
173,294,#b4bfca
174,294,#7e8c9d
175,294,#7d8f9d
176,294,#748593
177,294,#6f7d90
178,294,#728191
179,294,#9aabb8
180,294,#9cafc2
182,294,#647686
183,294,#6e828c
184,294,#909ea6
185,294,#96a3b1
186,294,#768798
187,294,#7d8792
188,294,#818b96
189,294,#8d97a2
190,294,#8c939d
191,294,#949da6
192,294,#9aa0a4
193,294,#9ea1a8
194,294,#9ea2a6
195,294,#9fa4a7
196,294,#9fa3a4
197,294,#9b9c9e
198,294,#94979f
199,294,#92949d
200,294,#929898
201,294,#909598
202,294,#868c8d
203,294,#8d9295
204,294,#8a8f93
205,294,#888c8f
206,294,#84888b
207,294,#8b8c8e
208,294,#87888a
209,294,#919294
210,294,#85898a
211,294,#909193
212,294,#919493
213,294,#8e9190
214,294,#949796
215,294,#959595
216,294,#9b9c9e
217,294,#a2a4a4
218,294,#9fa0a1
219,294,#888a8a
220,294,#ababac
221,294,#a4a4a6
222,294,#a6a6a5
223,294,#808080
224,294,#a1a1a1
225,294,#c0bfbb
226,294,#bdc1c0
227,294,#a7a6a2
228,294,#989793
229,294,#bbbab6
230,294,#bcb9b2
231,294,#d5d1ce
232,294,#d1ccc6
233,294,#d4d3cf
234,294,#adaeb0
235,294,#999999
236,294,#979691
237,294,#adaca8
238,294,#b1afaa
239,294,#aeaaa7
240,294,#bdbaba
241,294,#b2afaf
242,294,#c4c0ba
243,294,#ccc7be
244,294,#bcb8b5
245,294,#b7b5b3
246,294,#cdc4bd
247,294,#cccac2
248,294,#b0afaa
249,294,#898a89
250,294,#c1c3be
251,294,#878883
252,294,#c6c3bc
253,294,#c9c6bf
254,294,#d5d2cd
255,294,#a9a69f
256,294,#adaca8
257,294,#b8b9b4
258,294,#bbb8b1
259,294,#aaa298
260,294,#abaaa5
261,294,#bebdbb
262,294,#c5bfb8
263,294,#bdb6ae
264,294,#b7b1a6
265,294,#bab6ad
266,294,#c0bbb5
267,294,#bcb4a8
268,294,#bbb2a9
269,294,#bab2a7
270,294,#b9b2a8
271,294,#b4aea2
272,294,#b4aea2
273,294,#b2aca0
274,294,#b4aea2
275,294,#aca89d
276,294,#b8b4ab
277,294,#a5a098
278,294,#b8b4a9
279,294,#b1aca6
280,294,#aea79c
281,294,#b4ada3
282,294,#b0aaa4
283,294,#a29b94
284,294,#bbb2aa
285,294,#bebbb4
286,294,#c0bbb1
287,294,#bbb5a9
288,294,#bdb6ab
289,294,#c8c1b7
290,294,#bbb2a8
291,294,#b4aba1
292,294,#c5bfb3
293,294,#c6c2b9
294,294,#aaa7a2
295,294,#bfbdb7
296,294,#b9b6ad
297,294,#b7b4ae
298,294,#b9b5b4
299,294,#bbb7b5
300,294,#dad5cf
301,294,#bab8ba
302,294,#b4b2b2
303,294,#b5b2ad
304,294,#bbb6b3
305,294,#b4b0ac
306,294,#b4b3b0
307,294,#b2b3b0
308,294,#ababa9
309,294,#a7a6a4
310,294,#a7a7a9
311,294,#a1a1a3
312,294,#a1a2a4
313,294,#a4a5a7
314,294,#a3a4a6
315,294,#9d9ea0
316,294,#9fa0a2
317,294,#999b9d
318,294,#9e9ea1
319,294,#a9a8ac
320,294,#a0a2a4
321,294,#9ea0a2
322,294,#a2a5a6
323,294,#9b9d9f
324,294,#a0a3a4
325,294,#a9a9a7
326,294,#a8a8a6
327,294,#a4a4a2
328,294,#979796
329,294,#989899
330,294,#989898
331,294,#9a9a9a
332,294,#9b9b9b
333,294,#9e9e9e
334,294,#989898
335,294,#9d9d9d
336,294,#9d9d9d
337,294,#a3a29d
338,294,#a4a3a0
339,294,#a5a4a2
340,294,#a3a29e
341,294,#a3a29e
342,294,#a3a29e
343,294,#a6a5a1
344,294,#a6a5a1
345,294,#a7a39f
346,294,#a9a6a2
347,294,#a4a39e
348,294,#a8a7a2
349,294,#a9a8a4
350,294,#a6a49f
351,294,#a3a19c
352,294,#a2a09b
353,294,#9d9b96
354,294,#a5a39e
355,294,#a09e9a
356,294,#acaaa6
357,294,#a9a7a3
358,294,#a29f9d
359,294,#a29f9d
360,294,#a2a09b
361,294,#9f9d98
362,294,#a5a09b
363,294,#a09b95
364,294,#a6a19b
365,294,#a5a29b
366,294,#9f9c95
367,294,#9e9b95
368,294,#a09d98
369,294,#9b9893
370,294,#a5a29d
371,294,#999691
372,294,#a4a19b
373,294,#a49f9c
374,294,#a49f9d
375,294,#a09f9c
376,294,#9f9f9b
377,294,#9f9e99
378,294,#a1a09b
379,294,#a3a29d
380,294,#a6a5a1
381,294,#a3a29e
382,294,#a0a09c
383,294,#a5a6a1
384,294,#a5a6a1
385,294,#a3a49f
386,294,#a5a6a1
387,294,#a7a6a2
388,294,#a3a3a2
389,294,#a0a2a1
390,294,#9f9f9d
391,294,#a0a09e
392,294,#a0a29f
393,294,#a0a2a1
394,294,#a0a1a3
395,294,#9ea09f
396,294,#9c9d9f
397,294,#9a9e9f
398,294,#9b9fa0
399,294,#9fa3a4
400,294,#9fa1a0
401,294,#9a9b9d
402,294,#9b9c9e
403,294,#999a9c
404,294,#98999b
405,294,#9c9d9f
406,294,#9b9c9e
407,294,#9a9a97
408,294,#9d9e99
409,294,#a1a29d
410,294,#a4a4a2
411,294,#9f9f9d
412,294,#a1a1a1
413,294,#a7a7a7
414,294,#a6a6a6
415,294,#a6a7a7
416,294,#acabaa
417,294,#a9aaa5
418,294,#aaaba6
419,294,#a9aaa5
420,294,#a9a8a4
421,294,#aeaaa7
422,294,#aba9a6
423,294,#abaaa6
424,294,#acaba7
425,294,#abaaa5
426,294,#acaba7
427,294,#acaba7
428,294,#acaba7
429,294,#acaba7
430,294,#acaba7
431,294,#acaba7
432,294,#aaaba5
433,294,#abaca7
434,294,#aaaaa8
435,294,#acaba7
436,294,#acaba7
437,294,#acada8
438,294,#adaea9
439,294,#abaca7
440,294,#ababa9
441,294,#adadab
442,294,#acada8
443,294,#acada8
444,294,#acada8
445,294,#adaca8
446,294,#acaba7
447,294,#adaca8
448,294,#adaca8
449,294,#adaca8
450,294,#aeada9
451,294,#adaca8
452,294,#aeadab
453,294,#aeadab
454,294,#aeadab
455,294,#afaeac
456,294,#aeadab
457,294,#afaeac
458,294,#adacaa
459,294,#afaeac
460,294,#afaeac
461,294,#b0afad
462,294,#b2aeab
463,294,#b3afac
464,294,#b3afac
465,294,#b0afab
466,294,#b0afab
467,294,#b1aea9
468,294,#b2afaa
469,294,#b0ada8
470,294,#afaca5
471,294,#afaca5
472,294,#b0ada6
473,294,#b0ada6
474,294,#b0ada6
475,294,#afaca7
476,294,#b1aea9
477,294,#afaca7
478,294,#afaca7
479,294,#afaca7
480,294,#aeaba4
481,294,#b1aea7
482,294,#b1aea6
483,294,#b0ada6
484,294,#b2afaa
485,294,#b1aea7
486,294,#b2afa8
487,294,#b3b0a9
488,294,#b3b0a9
489,294,#b4b1aa
490,294,#b1aea7
491,294,#adaaa5
492,294,#ada9a6
493,294,#adaaa5
494,294,#a9a69f
495,294,#adaaa3
496,294,#adaaa3
497,294,#afaca5
498,294,#afaca5
499,294,#aaa6a2
500,294,#aaa9a4
501,294,#aeada8
502,294,#a9aaa5
503,294,#a3a49f
504,294,#aaaba6
505,294,#a4a39e
506,294,#a3a29e
507,294,#a9a8a4
508,294,#a8a7a3
509,294,#a7a6a2
510,294,#a6a7a2
511,294,#a6a5a1
512,294,#a2a39d
513,294,#aba7a4
514,294,#9e9d9b
515,294,#a3a2a0
516,294,#a6a5a1
517,294,#a3a3a4
518,294,#adada8
519,294,#adaca8
520,294,#b8b5b0
521,294,#aaa59f
522,294,#afaba3
523,294,#aba8a1
524,294,#aeaba7
525,294,#aaaba8
526,294,#a19e99
527,294,#bbb4ac
528,294,#b7b0a9
529,294,#b6afa8
530,294,#bcb8af
531,294,#b9b2aa
532,294,#bbb4ac
533,294,#bbb4ac
534,294,#c1bab2
535,294,#bfb8b1
536,294,#c1b8af
537,294,#bfbbb2
538,294,#bab3ab
539,294,#bfb6af
540,294,#bbb4ac
541,294,#bcb5ad
542,294,#beb7ad
543,294,#beb7ad
544,294,#bbb5a9
545,294,#ada8a2
546,294,#b4afa9
547,294,#bdb9ae
548,294,#bcb8ad
549,294,#b9b5ac
550,294,#b7b3aa
551,294,#c2c0bb
552,294,#b9b6ae
553,294,#b6b0ad
554,294,#bcb7b3
555,294,#b6b1ac
556,294,#b6b1ab
557,294,#b7b3aa
558,294,#b8b4ab
559,294,#b9b2aa
560,294,#b1aea9
561,294,#bbb6b2
562,294,#c4beb8
563,294,#c1bbb5
564,294,#bbb4b1
565,294,#b9b7b3
566,294,#bfbab6
567,294,#c5bcb4
568,294,#bfb8b0
569,294,#bbb5ad
570,294,#b9b2ac
571,294,#c2bbb7
572,294,#bfb7ae
573,294,#c7c0ba
574,294,#c1bab1
575,294,#b6b3aa
576,294,#b5b4b0
577,294,#b5b3ab
578,294,#afadb0
579,294,#adadaf
580,294,#93979a
581,294,#999ea3
582,294,#94999f
583,294,#989ca3
584,294,#9a9da4
585,294,#97999c
586,294,#a1a2a4
587,294,#979894
588,294,#a4a4a2
589,294,#a5a5a5
590,294,#beb7b4
591,294,#c0bab9
592,294,#c1bebe
593,294,#aba8ae
594,294,#aeaeb3
595,294,#aab3b9
596,294,#959ea4
597,294,#869199
598,294,#a3abb2
599,294,#b5b3b5
0,295,#c5bfb9
1,295,#c3bdb7
2,295,#b2b0aa
3,295,#afada9
4,295,#b4b2af
5,295,#a59f9e
6,295,#a49f9f
7,295,#b1ada6
8,295,#bab5af
9,295,#bfbab6
10,295,#b0b0ab
11,295,#aaa7a2
12,295,#a7a6a3
13,295,#c5c3bf
14,295,#ccc6c1
15,295,#cfc8c2
16,295,#b3aca6
17,295,#beb9b3
18,295,#b1aca6
19,295,#d5d0ca
20,295,#c6c1ba
21,295,#c2beb3
22,295,#c6c5bd
23,295,#c6c5bd
24,295,#cac8c1
25,295,#c5c1bd
26,295,#c1beba
27,295,#c1bcb7
28,295,#c1bcb6
29,295,#c1bcb6
30,295,#c2bfba
31,295,#cbc8c3
32,295,#c7c1b8
33,295,#d6d3cc
34,295,#d5d4d1
35,295,#b8b1b4
36,295,#b3aead
37,295,#8a898b
38,295,#aeabaf
39,295,#878388
40,295,#7b7b7a
41,295,#75767d
42,295,#86828d
43,295,#7d7a87
44,295,#9e9da5
45,295,#b4b7a9
46,295,#d9d7c8
47,295,#c8c2b1
48,295,#a0a49f
49,295,#706d80
50,295,#aca7ab
51,295,#c7c2b9
52,295,#d5d3c1
53,295,#d3cfbf
54,295,#c4bdb8
55,295,#a9aba8
56,295,#b1afab
57,295,#9fa09f
58,295,#bbb4ad
59,295,#b0aa9e
60,295,#9b9c9c
61,295,#9b9b9a
62,295,#c3bfb5
63,295,#aea9a6
64,295,#a8a6a2
65,295,#aea69f
66,295,#c0b9af
67,295,#9fa5a8
68,295,#a0a5a7
69,295,#a0a0a2
70,295,#acadaa
71,295,#b2b0ad
72,295,#b2b2ad
73,295,#acaca8
74,295,#b0adaa
75,295,#b5b5b0
76,295,#b3b1ac
77,295,#a8aca0
78,295,#a9a8a2
79,295,#a6a8a4
80,295,#abacab
81,295,#afaeac
82,295,#acaba8
83,295,#a9a8a5
84,295,#abaaa7
85,295,#acaba6
86,295,#acaba7
87,295,#a7a6a2
88,295,#adaca8
89,295,#b2b1ad
90,295,#bbb7ae
91,295,#c0bcb4
92,295,#cbccc2
93,295,#bebfbf
94,295,#999ca7
95,295,#c1c0bf
96,295,#9499a0
97,295,#9da4a8
98,295,#959b9d
99,295,#9ea0a2
100,295,#afafad
101,295,#adaeae
102,295,#a7aba8
103,295,#a1a5a1
104,295,#a4a6a4
105,295,#aeafad
106,295,#aeada8
107,295,#9da0a3
108,295,#9ea0a2
109,295,#a3a3a3
110,295,#b2aaa3
111,295,#a69f97
112,295,#b9b3ac
113,295,#c4bfba
114,295,#ccc7c4
115,295,#c7c4bb
116,295,#ccc9c2
117,295,#c9c6c1
118,295,#c8c5c0
119,295,#dcd7d1
120,295,#cac5c1
121,295,#b7b2ae
122,295,#d9d3ca
123,295,#ece6dc
124,295,#dad4cd
125,295,#d4d0cc
126,295,#d4d0cc
127,295,#ede7e2
128,295,#bfb8b3
129,295,#bdb6b1
130,295,#c8c2bf
131,295,#bbb5b2
132,295,#d1cec9
133,295,#cac7c2
134,295,#bebbb6
135,295,#c1c0bb
136,295,#c3c2be
137,295,#c9c6c2
138,295,#d6d5d1
139,295,#b4b4b4
140,295,#b8b9b4
141,295,#cccccc
142,295,#cccbc9
143,295,#bdbbbc
144,295,#cac8c9
145,295,#d9d9d7
146,295,#bdbdbd
147,295,#c8ccc7
148,295,#b7b9b4
149,295,#c0c1bc
150,295,#cbcdcc
151,295,#b5b5b5
152,295,#c4c3be
153,295,#c2bfbc
154,295,#bebcba
155,295,#c8cac7
156,295,#c6c8c5
157,295,#c2c6c7
158,295,#c1c5c6
159,295,#babebf
160,295,#c2c6c9
161,295,#b8bcbf
162,295,#b6babd
163,295,#a6aaad
164,295,#9fa3a6
165,295,#9ea2a4
166,295,#abb0b4
167,295,#a9aeb1
168,295,#8d9499
169,295,#99a1aa
170,295,#96a4ab
171,295,#9aa3aa
172,295,#89949c
173,295,#8f99a1
174,295,#adb5bb
175,295,#a1a8ae
176,295,#92999f
177,295,#a1a8ab
178,295,#a3a9ae
179,295,#a3a8b1
180,295,#acb3b9
181,295,#a5acb2
182,295,#9da5ac
183,295,#a3abb1
184,295,#a2a8ad
185,295,#a6aaaf
186,295,#a2a6ab
187,295,#92979b
188,295,#8c949b
189,295,#a2aeb9
190,295,#a7b0b5
191,295,#a5a9ac
192,295,#a9acad
193,295,#abaeaf
194,295,#b2b5b6
195,295,#b0b1af
196,295,#adaeae
197,295,#adafae
198,295,#abacac
199,295,#a7a7aa
200,295,#aaacab
201,295,#ababab
202,295,#aaa9a6
203,295,#a3a29e
204,295,#b4b3af
205,295,#a7a49e
206,295,#9e9b96
207,295,#bcbab6
208,295,#a7a5a0
209,295,#a8a6a1
210,295,#aeaaa7
211,295,#a19d9a
212,295,#a6a49f
213,295,#a5a39e
214,295,#a09d9a
215,295,#aaa7a2
216,295,#aeaba6
217,295,#b0aeaa
218,295,#aba9a5
219,295,#b0aeaa
220,295,#bfbdb9
221,295,#b1aeab
222,295,#c3bdb8
223,295,#bebdb6
224,295,#beb7b2
225,295,#b9b7b0
226,295,#bbb7b1
227,295,#c1bcb6
228,295,#cfcac4
229,295,#c5c0ba
230,295,#beb9b5
231,295,#c1bcb8
232,295,#bfbab6
233,295,#bfbebb
234,295,#cdcdcc
235,295,#d0cdc8
236,295,#cbc8c1
237,295,#bfbab4
238,295,#c2bdb7
239,295,#c1bdb9
240,295,#a1a199
241,295,#b6b5b1
242,295,#cdc7c1
243,295,#bcb8ad
244,295,#bfbbb8
245,295,#cbcac5
246,295,#c6c2bd
247,295,#c3beb6
248,295,#c5c1b8
249,295,#c5c1b8
250,295,#adaaa3
251,295,#acaaa6
252,295,#969593
253,295,#d6d5d1
254,295,#dad6d1
255,295,#cbc4ba
256,295,#c6bfb5
257,295,#aea4a0
258,295,#b2aaa9
259,295,#bdb6b9
260,295,#c6bfb5
261,295,#c3beb6
262,295,#c5c1b9
263,295,#c7beb4
264,295,#bcb5ae
265,295,#bdb8af
266,295,#c2bbb0
267,295,#bdb5ad
268,295,#bdb5ad
269,295,#beb4ac
270,295,#b5aea4
271,295,#b9b2aa
272,295,#c4beb4
273,295,#beb5ac
274,295,#c2b8ae
275,295,#c5bcb2
276,295,#c6bdb3
277,295,#bdbab2
278,295,#bcb9b3
279,295,#bdbab6
280,295,#c3bbba
281,295,#c3bbb7
282,295,#c1baaf
283,295,#c3bcb4
284,295,#c3bbb7
285,295,#c5c0ba
286,295,#c2bdb9
287,295,#c1beb9
288,295,#c3c0bb
289,295,#c4c1bb
290,295,#c1c0be
291,295,#c7c7c5
292,295,#c0bfbf
293,295,#c0bfbe
294,295,#c0bfbe
295,295,#c0c2c6
296,295,#bdbcc2
297,295,#babec3
298,295,#c7cbd2
299,295,#d4d8e1
300,295,#cbced0
301,295,#b1b1af
302,295,#c2c5c4
303,295,#c6c6c6
304,295,#c0bebf
305,295,#bfbebc
306,295,#c3c2c0
307,295,#bfbfbd
308,295,#c4c4c2
309,295,#cacac8
310,295,#c1c1bf
311,295,#c0c0c2
312,295,#b8baba
313,295,#c0c2c1
314,295,#b2b4b3
315,295,#b0b1b1
316,295,#b2b6b7
317,295,#adaeb0
318,295,#aeafb3
319,295,#b2b3b7
320,295,#abafb2
321,295,#a8acaf
322,295,#a7abae
323,295,#a7abae
324,295,#a9adb0
325,295,#a9adb0
326,295,#a5a9ac
327,295,#a4a8ab
328,295,#a5a8ad
329,295,#a7aaaf
330,295,#9ea3a6
331,295,#9ea3a6
332,295,#9fa3a6
333,295,#a0a4a7
334,295,#a3a7aa
335,295,#a5a9ac
336,295,#a0a4a7
337,295,#a3a7a8
338,295,#9ea2a3
339,295,#9ca0a1
340,295,#a5a7ab
341,295,#a4a7aa
342,295,#9c9fa4
343,295,#a3a7ab
344,295,#9b9fa1
345,295,#94999d
346,295,#9ea3a7
347,295,#acb0b2
348,295,#9fa3a4
349,295,#979b9c
350,295,#aaaeb1
351,295,#a8acaf
352,295,#afb0b2
353,295,#adaeb0
354,295,#abacae
355,295,#adaeb0
356,295,#a3a4a6
357,295,#a5a6a8
358,295,#abacae
359,295,#aaabad
360,295,#a9adae
361,295,#a7a8aa
362,295,#aeb0af
363,295,#b0b2b1
364,295,#a0a0a0
365,295,#a4a6a3
366,295,#a5a5a3
367,295,#ababa9
368,295,#afafad
369,295,#acacac
370,295,#b0b2af
371,295,#9e9fa1
372,295,#b0b1b2
373,295,#9fa0a2
374,295,#a4a5a7
375,295,#9e9fa1
376,295,#9a9b9d
377,295,#a7a8aa
378,295,#aeafb1
379,295,#a5a6a8
380,295,#90908f
381,295,#8a8c89
382,295,#9a9d9c
383,295,#959898
384,295,#979a9c
385,295,#9b9d9c
386,295,#a2a4a3
387,295,#a8a8aa
388,295,#aeadaf
389,295,#afaeb0
390,295,#a9a8a6
391,295,#a5a6a5
392,295,#a0a4a1
393,295,#a6a8a5
394,295,#aaaaa8
395,295,#a7a8a3
396,295,#a1a29d
397,295,#a2a2a2
398,295,#a5a5a6
399,295,#a5a5a6
400,295,#a7a8a3
401,295,#a4a5a0
402,295,#a0a19c
403,295,#9e9f9a
404,295,#a5a6a1
405,295,#a9a9a7
406,295,#a9a9a7
407,295,#a8a9a4
408,295,#abaca7
409,295,#abaca7
410,295,#acaea9
411,295,#acada8
412,295,#aeada9
413,295,#b1b0ac
414,295,#b4b3af
415,295,#b5b4af
416,295,#b1b0ab
417,295,#b2b1ac
418,295,#afaea9
419,295,#b3b0ab
420,295,#b2afaa
421,295,#b4b1ac
422,295,#b4b0ad
423,295,#b4b0ad
424,295,#b3afac
425,295,#b3b0ab
426,295,#b2afaa
427,295,#b2afaa
428,295,#b4b1ac
429,295,#b4b1ac
430,295,#b5b1ae
431,295,#b5b1ae
432,295,#b5b2ad
433,295,#b5b2ad
434,295,#b5b2ad
435,295,#b5b2ad
436,295,#b6b3ae
437,295,#b9b4b0
438,295,#b7b2ae
439,295,#b8b3af
440,295,#b6b3ae
441,295,#b6b3ae
442,295,#b9b4b0
443,295,#bbb6b2
444,295,#b9b4b0
445,295,#b7b2ae
446,295,#b8b3af
447,295,#b7b3b0
448,295,#b7b3b0
449,295,#b6b2af
450,295,#b5b2ad
451,295,#b5b2ad
452,295,#b4b1aa
453,295,#b4b1ac
454,295,#b5b1ae
455,295,#b5b0ac
456,295,#b6b1ad
457,295,#b7b2ae
458,295,#b7b2ae
459,295,#b7b2ae
460,295,#b7b2ae
461,295,#b6b1ad
462,295,#b6b1ad
463,295,#b6b1ad
464,295,#b6b1ad
465,295,#b6b1ab
466,295,#b7b2ac
467,295,#b6b1ab
468,295,#b6b1ab
469,295,#b6b1ab
470,295,#b3aea8
471,295,#b2ada7
472,295,#b4afa9
473,295,#b5b0aa
474,295,#b4afa9
475,295,#b7b0aa
476,295,#b7b0aa
477,295,#b7b0aa
478,295,#b6afa9
479,295,#b7b0aa
480,295,#b6afa9
481,295,#b8b1ab
482,295,#b6b3aa
483,295,#b5b1a8
484,295,#b7b0a8
485,295,#b6afa7
486,295,#b6afa5
487,295,#b4ada5
488,295,#b6afa7
489,295,#b4ada5
490,295,#b4ada5
491,295,#aea79f
492,295,#b0aca5
493,295,#aba8a1
494,295,#aba8a1
495,295,#adaca7
496,295,#abaaa5
497,295,#b0ada6
498,295,#aaa7a0
499,295,#a9a6a1
500,295,#a7a49f
501,295,#a8a5a0
502,295,#afaca7
503,295,#aaa7a2
504,295,#aba8a3
505,295,#aba8a1
506,295,#a5a29d
507,295,#a4a39e
508,295,#9b9a95
509,295,#9f9e9b
510,295,#a4a5a0
511,295,#a0a19c
512,295,#9c9d99
513,295,#a2a39f
514,295,#9e9f9b
515,295,#9c9e9b
516,295,#9ea09d
517,295,#9f9e9c
518,295,#9c9b99
519,295,#9f9e9c
520,295,#9ba09a
521,295,#929695
522,295,#9b9c9a
523,295,#9b9b99
524,295,#9c9c9a
525,295,#9f9e9b
526,295,#a1a09d
527,295,#adada8
528,295,#acaba7
529,295,#aba7a3
530,295,#aca9a2
531,295,#b7b4af
532,295,#b9b5ad
533,295,#b7b3aa
534,295,#b9b5ac
535,295,#bdb6ab
536,295,#bbb4ab
537,295,#beb7ac
538,295,#beb6ab
539,295,#c3b9af
540,295,#c3bbb3
541,295,#c2bab0
542,295,#c1baaf
543,295,#c0b9ae
544,295,#c4bdb2
545,295,#c1bdb2
546,295,#c1bdb2
547,295,#bdbab2
548,295,#c0bcb3
549,295,#c5bdb4
550,295,#c3bcb1
551,295,#c2b9af
552,295,#c5bbb0
553,295,#c4baae
554,295,#bfb5a9
555,295,#c6bcb0
556,295,#c7bdb1
557,295,#c4bcaf
558,295,#beb8ac
559,295,#bfbbb2
560,295,#c0b9b0
561,295,#b6b2aa
562,295,#b8b1ab
563,295,#beb7b1
564,295,#c1bab4
565,295,#bfb6ad
566,295,#beb5ac
567,295,#c5beb4
568,295,#c3bcb2
569,295,#c0b9af
570,295,#bebab1
571,295,#b9b5ac
572,295,#b9b5ac
573,295,#b4afa8
574,295,#b7b2ae
575,295,#bab5af
576,295,#c2bdb7
577,295,#b9b8b2
578,295,#bab7b1
579,295,#c8c1ba
580,295,#c4c1bc
581,295,#adaaa8
582,295,#a9a9a5
583,295,#aeaeaa
584,295,#acadaa
585,295,#b0b0ae
586,295,#b3b4b1
587,295,#b8b7b3
588,295,#bbb8b5
589,295,#b4b2ae
590,295,#b7b5b1
591,295,#bab4af
592,295,#bdb7b1
593,295,#bcb5ad
594,295,#c5bbb2
595,295,#c4bdb3
596,295,#c6bfb5
597,295,#c8c1b7
598,295,#cac3ba
599,295,#c8c1b9
0,296,#cfc3b5
1,296,#cec2b4
2,296,#cfc3b5
3,296,#d0c4b8
4,296,#cec1b8
5,296,#cbc1b9
6,296,#c9beb7
7,296,#ccc2b5
8,296,#c5bbaf
9,296,#d0c6ba
10,296,#d2cabf
11,296,#cec4ba
12,296,#d0c6bb
13,296,#d4c8bc
14,296,#d2c6ba
15,296,#d1c9be
16,296,#d2cabf
17,296,#d1c7bd
18,296,#d4cac0
19,296,#d4cac0
20,296,#d5cbc0
21,296,#d2c8bd
22,296,#d1c7bd
23,296,#d0c6bc
24,296,#c7bdb3
25,296,#d0c6ba
26,296,#cdc3b7
27,296,#cdc3b9
28,296,#d3c9bf
29,296,#d2c8be
30,296,#cec4ba
31,296,#ccc2b8
32,296,#c8c0b7
33,296,#c9bfb6
34,296,#cec0b7
35,296,#cdc3b8
36,296,#cbc1b6
37,296,#cdbeb1
38,296,#cdbdaf
39,296,#cbbbad
40,296,#c9baaa
41,296,#c9b9ac
42,296,#c2baa9
43,296,#c2bba9
44,296,#c2bba9
45,296,#c2bab0
46,296,#c0b9ae
47,296,#c4bbae
48,296,#b8b0a5
49,296,#b1a9a1
50,296,#beb9ab
51,296,#afaaa1
52,296,#b4a9ac
53,296,#b0a8a6
54,296,#b7b0a6
55,296,#c0b8ad
56,296,#c8bcaf
57,296,#bbb4ab
58,296,#b8b4ab
59,296,#b6afa7
60,296,#b4b3ab
61,296,#b2b0aa
62,296,#bdb4a7
63,296,#c6bdae
64,296,#ccc1b6
65,296,#c3beb3
66,296,#c1b5aa
67,296,#b6aca0
68,296,#b3a79b
69,296,#b6a89d
70,296,#b3ac9e
71,296,#b2a89b
72,296,#b8aea3
73,296,#b5a99d
74,296,#bbada2
75,296,#b9ada1
76,296,#c0b2a5
77,296,#bcb2a3
78,296,#bdb3a6
79,296,#c4baae
80,296,#c6beb4
81,296,#c9c1b7
82,296,#c4bdb0
83,296,#cac2b6
84,296,#cfc3b8
85,296,#c3b8ab
86,296,#c2b7ac
87,296,#cbc2b8
88,296,#d7cec5
89,296,#ddd4cb
90,296,#d8d8d3
91,296,#ddddd8
92,296,#dfe0dc
93,296,#e0dedd
94,296,#e1dfe0
95,296,#e4e2df
96,296,#e2e2e1
97,296,#dad4cc
98,296,#d5cdc3
99,296,#d9ccc2
100,296,#b8b4ab
101,296,#a69d95
102,296,#9f9691
103,296,#918c89
104,296,#7e7a7b
105,296,#8c8d8a
106,296,#908c8b
107,296,#a7a39f
108,296,#a5a19c
109,296,#a29e9a
110,296,#c6beb5
111,296,#d6cec5
112,296,#d8d7cb
113,296,#d6d4c8
114,296,#dad4c8
115,296,#d8d1c9
116,296,#d4cdc3
117,296,#dad1c8
118,296,#c3bcb5
119,296,#908d88
120,296,#898681
121,296,#8b8883
122,296,#9c9694
123,296,#c0bab5
124,296,#d6cdc4
125,296,#d3c6b7
126,296,#dacec2
127,296,#dfd6cb
128,296,#dbd3c8
129,296,#e0d7cc
130,296,#ddd8d5
131,296,#ddd8d5
132,296,#d8d3cf
133,296,#dad5d1
134,296,#ded9d5
135,296,#cfccc5
136,296,#c2bfba
137,296,#bfbcb5
138,296,#c8c5c0
139,296,#d3cfcb
140,296,#d9d5d2
141,296,#ddd9d6
142,296,#c7c4be
143,296,#bdbab5
144,296,#cecac7
145,296,#bfbeb9
146,296,#bebdb9
147,296,#d0d1cb
148,296,#c7c7c0
149,296,#bbb8b2
150,296,#babcb9
151,296,#bebebc
152,296,#b5b2ad
153,296,#bbb7b3
154,296,#c2bebc
155,296,#bdbdb9
156,296,#bcbcb8
157,296,#bfbeba
158,296,#c2c1bd
159,296,#bfbeba
160,296,#babab8
161,296,#bbbbb9
162,296,#c1c0be
163,296,#bbbab8
164,296,#bebdbb
165,296,#b6b7b1
166,296,#b5b6b1
167,296,#a8a9a4
168,296,#a09f9b
169,296,#aaa8a8
170,296,#b3b2ae
171,296,#afaeaa
172,296,#b3afad
173,296,#b8b4b2
174,296,#afabaa
175,296,#a6a6a5
176,296,#a7a7a6
177,296,#ababa6
178,296,#afaeaa
179,296,#a8a7a4
180,296,#b0afac
181,296,#aeadaa
182,296,#aaaaa8
183,296,#acaca9
184,296,#b0afaa
185,296,#a9a7a4
186,296,#a6a5a1
187,296,#a6a5a1
188,296,#a9a5a1
189,296,#ada5a1
190,296,#aba6a0
191,296,#aba8a2
192,296,#a4a39e
193,296,#a9a8a3
194,296,#aaa9a4
195,296,#b4afa9
196,296,#b5b0ac
197,296,#adaca3
198,296,#aeaba2
199,296,#b2aba6
200,296,#a9a299
201,296,#b4aba3
202,296,#beb8b3
203,296,#c2bdb8
204,296,#c2bdb8
205,296,#b8b1a8
206,296,#b1aaa2
207,296,#c2bdb5
208,296,#c1bdb4
209,296,#c1bdb4
210,296,#cdc6bc
211,296,#bfb8ae
212,296,#bbb7ae
213,296,#c0bbb5
214,296,#ccc7c2
215,296,#d3cec8
216,296,#cbc6c0
217,296,#c6bfb8
218,296,#c6bfb7
219,296,#beb7af
220,296,#beb7af
221,296,#c6bfb7
222,296,#c7c4be
223,296,#cecbc6
224,296,#cccac4
225,296,#c8c1b7
226,296,#bdb4ab
227,296,#c7c0b8
228,296,#c8c1b9
229,296,#cbc4bc
230,296,#cbc4ba
231,296,#cbc4ba
232,296,#c5c1ba
233,296,#c5beb4
234,296,#c5bbaf
235,296,#c6c2b7
236,296,#c8c3bd
237,296,#cbc8c3
238,296,#c8c1b9
239,296,#c8bfb6
240,296,#c9c3b9
241,296,#c6c0bb
242,296,#c9c5bc
243,296,#c8c3bd
244,296,#c7c0ba
245,296,#cac4b8
246,296,#cac2b7
247,296,#c7bfb7
248,296,#c5beb6
249,296,#c7c0b8
250,296,#c3bfb4
251,296,#c1bab0
252,296,#cdc9bf
253,296,#cfcbc2
254,296,#c5beb7
255,296,#c6bfb6
256,296,#cbc4bb
257,296,#c2bcb8
258,296,#c3beba
259,296,#cbc3c2
260,296,#c2beb5
261,296,#c4c1bc
262,296,#d1d4d2
263,296,#d4d1cd
264,296,#c7c6c2
265,296,#bcb3ab
266,296,#bcb5aa
267,296,#c9c6c1
268,296,#c7c5c1
269,296,#c6c2be
270,296,#c7c2bc
271,296,#c0bbb7
272,296,#b8b1a9
273,296,#aea8a1
274,296,#c4bfbb
275,296,#bcb9ba
276,296,#bebbbc
277,296,#e2e5e5
278,296,#e2e6e7
279,296,#d3d6d9
280,296,#bebfb6
281,296,#c1c2b9
282,296,#c1c3be
283,296,#c0c2bf
284,296,#c7c9c6
285,296,#d6d6d6
286,296,#d6d7d8
287,296,#ced2d0
288,296,#c9cbca
289,296,#cacaca
290,296,#cbcacb
291,296,#cbcacb
292,296,#cfd4d7
293,296,#ccd1d5
294,296,#c4c9cd
295,296,#c7cbc7
296,296,#c8cac7
297,296,#c6cac7
298,296,#c0c5c2
299,296,#c2c6c6
300,296,#b6b6b9
301,296,#cbcccf
302,296,#c4c8c9
303,296,#c2c6c7
304,296,#c7c9ca
305,296,#cacaca
306,296,#c8c8c8
307,296,#c9cbca
308,296,#cacccb
309,296,#c5c7c6
310,296,#c7c7c5
311,296,#c5c5c3
312,296,#bfbfbe
313,296,#c1c1bf
314,296,#c3c3c1
315,296,#c1c1c0
316,296,#c2c2c0
317,296,#c6c7c2
318,296,#c5c5c3
319,296,#bebebe
320,296,#c0c0bf
321,296,#bebebd
322,296,#b7b7b6
323,296,#b7b7b6
324,296,#bbbbba
325,296,#b5b5b4
326,296,#b7b7b6
327,296,#b7b9b6
328,296,#b4b6b5
329,296,#aeafb1
330,296,#b0b1b3
331,296,#b3b4b6
332,296,#b1b2b4
333,296,#afb0b2
334,296,#b1b2b4
335,296,#aeb1b1
336,296,#aaadad
337,296,#afb0b1
338,296,#aaabad
339,296,#abacae
340,296,#a6aaad
341,296,#9ea2a5
342,296,#a1a6a6
343,296,#abb0b0
344,296,#a1a6a9
345,296,#a0a1a4
346,296,#a2a3a6
347,296,#a1a1a3
348,296,#ababad
349,296,#b1b1b3
350,296,#abacad
351,296,#acaeae
352,296,#a9abaa
353,296,#a9abaa
354,296,#b2b4b3
355,296,#bcbcba
356,296,#b1b1af
357,296,#b4b4b1
358,296,#b2b2af
359,296,#b3b4b0
360,296,#a9ada8
361,296,#b9b8b5
362,296,#afafab
363,296,#bab9b5
364,296,#bdb9b6
365,296,#b2b1ad
366,296,#cbc7c4
367,296,#bfbdb8
368,296,#bcbbb6
369,296,#bdbcb8
370,296,#bdb9b6
371,296,#c1bdb9
372,296,#bfbcb7
373,296,#c6c3be
374,296,#cbc8c3
375,296,#c7c4bf
376,296,#c9c6c1
377,296,#c8c3bc
378,296,#d0ccc4
379,296,#bcb8b0
380,296,#9d9c98
381,296,#b2afa8
382,296,#c0bcb0
383,296,#b5b1a6
384,296,#bbb7ae
385,296,#b6aea6
386,296,#c1b9b1
387,296,#c7c1ba
388,296,#c0bbb3
389,296,#bab5ad
390,296,#c1b9af
391,296,#b5b1a7
392,296,#a9a8a3
393,296,#a39f9c
394,296,#a6a19e
395,296,#adaaa5
396,296,#aeaba6
397,296,#b4b1ab
398,296,#c0bdb8
399,296,#c2bfba
400,296,#bab5b1
401,296,#b0aba7
402,296,#b4afab
403,296,#b6b1ad
404,296,#b9b4b0
405,296,#b3afaa
406,296,#aeaba7
407,296,#acaca7
408,296,#acaaa5
409,296,#a8a4a0
410,296,#a09f9a
411,296,#a8a5a0
412,296,#9c9994
413,296,#aba8a3
414,296,#a9a6a1
415,296,#b4b1aa
416,296,#b7b4ad
417,296,#acaca4
418,296,#acaca4
419,296,#b7b4ad
420,296,#bdb8b2
421,296,#bbb6b0
422,296,#bbb6b0
423,296,#b8b3ad
424,296,#b9b4ae
425,296,#b9b4ae
426,296,#bdb8b2
427,296,#c3bcb6
428,296,#c1bab4
429,296,#c2bbb5
430,296,#bdb8b4
431,296,#beb9b5
432,296,#bdb8b2
433,296,#bdb8b2
434,296,#bfbab4
435,296,#beb9b3
436,296,#bfbab4
437,296,#bfbab4
438,296,#bfbab4
439,296,#c0bbb5
440,296,#bfbab4
441,296,#bdb8b2
442,296,#bfbab4
443,296,#c2bdb7
444,296,#c1bcb6
445,296,#c0bbb5
446,296,#beb9b3
447,296,#bebab1
448,296,#bfbbb2
449,296,#c0bcb3
450,296,#bfbab4
451,296,#bfbab4
452,296,#bebab2
453,296,#beb9b3
454,296,#beb9b5
455,296,#bdb8b2
456,296,#beb9b3
457,296,#beb9b3
458,296,#bdb8b2
459,296,#bdb8b2
460,296,#bdb8b4
461,296,#bdb8b4
462,296,#beb9b5
463,296,#beb9b5
464,296,#beb9b5
465,296,#beb9b3
466,296,#c0bbb5
467,296,#bfbab4
468,296,#bfbab4
469,296,#beb9b3
470,296,#beb9b3
471,296,#bfbab4
472,296,#bfb8b2
473,296,#c0b9b3
474,296,#bfb8b2
475,296,#bdb6ae
476,296,#beb7af
477,296,#beb7b1
478,296,#beb7b1
479,296,#bfb8b2
480,296,#bdb6b0
481,296,#bdb6b0
482,296,#beb7af
483,296,#beb7af
484,296,#bbb7ae
485,296,#beb5ac
486,296,#beb5ae
487,296,#bfb6ad
488,296,#bfb6ad
489,296,#bfb6ad
490,296,#bfb6ad
491,296,#c0b7ae
492,296,#c0b7ae
493,296,#c1b8af
494,296,#bfb6ad
495,296,#bdb6ac
496,296,#beb7ad
497,296,#c0b7ae
498,296,#bfb6ad
499,296,#beb5ae
500,296,#b8b3ad
501,296,#b8b3ad
502,296,#b3afaa
503,296,#b6b2ad
504,296,#aeaaa5
505,296,#a8a6a1
506,296,#a8a6a2
507,296,#a7a7a3
508,296,#a2a29d
509,296,#a2a2a0
510,296,#9c9ca1
511,296,#9d9da2
512,296,#9da0a1
513,296,#a1a5a6
514,296,#9ca0a1
515,296,#9a9a98
516,296,#a1a19f
517,296,#a0a1a2
518,296,#98999b
519,296,#9a9b9d
520,296,#999b98
521,296,#999b9a
522,296,#959697
523,296,#999a9c
524,296,#9d9ea0
525,296,#9d9f9e
526,296,#959796
527,296,#9a9a9a
528,296,#999999
529,296,#9f9f9f
530,296,#a2a39e
531,296,#9f9f9d
532,296,#a9a9a5
533,296,#aaaba6
534,296,#a5a6a1
535,296,#acaaa5
536,296,#aca9a6
537,296,#ababa7
538,296,#b6b4b0
539,296,#b7b3b0
540,296,#b5b3ad
541,296,#b6b4af
542,296,#ada9a4
543,296,#b4afaa
544,296,#bdb8b4
545,296,#bebbb2
546,296,#bcb9b0
547,296,#bebbb2
548,296,#bfbbb2
549,296,#c5c1b8
550,296,#c3c0b8
551,296,#c3bdb6
552,296,#c2beb9
553,296,#bdb9b4
554,296,#bebab4
555,296,#bdb9b4
556,296,#bfbbb5
557,296,#c2bcb2
558,296,#c3bcb4
559,296,#c1bab2
560,296,#c5beb7
561,296,#cbc4bc
562,296,#cac2b8
563,296,#cbc3b8
564,296,#c5bdb2
565,296,#c3bbb0
566,296,#c4bcb1
567,296,#c5bdb2
568,296,#c7bfb4
569,296,#c8c0b5
570,296,#c7bdb1
571,296,#c7bdb1
572,296,#c9bfb3
573,296,#ccc2b8
574,296,#c8beb4
575,296,#beb7ad
576,296,#c2bbb1
577,296,#c7c0b9
578,296,#bfb8b2
579,296,#bfb6b1
580,296,#bdb4ad
581,296,#c6bcb3
582,296,#c9c1b7
583,296,#cec5be
584,296,#c6bdb8
585,296,#c5c0ba
586,296,#c4bfb9
587,296,#cac1b7
588,296,#ccc2b8
589,296,#ccc2b8
590,296,#cbc3b7
591,296,#ccc2b8
592,296,#cfc2b7
593,296,#ccc2b6
594,296,#ccc6ba
595,296,#cec2b6
596,296,#cec2b6
597,296,#cdc4b5
598,296,#cec4b8
599,296,#cfc5bb
0,297,#d1c8bf
1,297,#d1c8bf
2,297,#cdc6bc
3,297,#cec7bd
4,297,#d1cac0
5,297,#d0c7be
6,297,#cfc7bd
7,297,#d0c7be
8,297,#cfc6bd
9,297,#cec5bc
10,297,#ccc4ba
11,297,#cdc4bb
12,297,#ccc3ba
13,297,#cbc2b9
14,297,#ccc3ba
15,297,#d0c6bd
16,297,#cec4bb
17,297,#d3c9bf
18,297,#d2c8be
19,297,#d0c6bc
20,297,#d2c5bd
21,297,#d3c6be
22,297,#d2c5bc
23,297,#d2c5bc
24,297,#d2c5bc
25,297,#d0c6bc
26,297,#d1c7bd
27,297,#d0c6bc
28,297,#d1c7bd
29,297,#d1c7bd
30,297,#d0c6bd
31,297,#cec4bb
32,297,#d1c7bc
33,297,#d2c8bd
34,297,#cdc3b9
35,297,#d0c6bb
36,297,#cdc3b9
37,297,#d1c6bb
38,297,#cfc4b9
39,297,#d1c7bc
40,297,#cec4ba
41,297,#d2c8be
42,297,#d2c8be
43,297,#d3c9bf
44,297,#d8cec4
45,297,#dcd2c9
46,297,#d8cec5
47,297,#dad0c6
48,297,#d6ccc2
49,297,#d2c8be
50,297,#d5cabf
51,297,#d5cbc1
52,297,#d2c5bd
53,297,#d1c4bc
54,297,#d1c4bb
55,297,#d2c6bd
56,297,#d4c7be
57,297,#d3c6bd
58,297,#d3c8be
59,297,#d3c6bc
60,297,#d1c7bd
61,297,#d2c8be
62,297,#d4cac0
63,297,#d3c9bf
64,297,#d6ccc2
65,297,#d9cfc5
66,297,#d9cfc5
67,297,#d3c9bf
68,297,#d8cfc5
69,297,#e2d8cf
70,297,#e7dcd1
71,297,#e1d6cb
72,297,#d8cdc4
73,297,#d0c5bd
74,297,#d3c7bf
75,297,#dad0c3
76,297,#d8cdc2
77,297,#dacdc3
78,297,#dbd0c5
79,297,#d6cabf
80,297,#d7cac1
81,297,#d9ccc3
82,297,#dacfc5
83,297,#dad0c6
84,297,#dacdc4
85,297,#dacfc4
86,297,#dbd0c5
87,297,#dccfc6
88,297,#dbcec5
89,297,#d7cac1
90,297,#d4c7ba
91,297,#d2c5b7
92,297,#d2c6ba
93,297,#d3c7bb
94,297,#d0c5b9
95,297,#d5cabe
96,297,#dacfc3
97,297,#dfd4c9
98,297,#ddd2c7
99,297,#dacec3
100,297,#d8cdc2
101,297,#dacfc4
102,297,#d9cec5
103,297,#dcd1c7
104,297,#dccfc6
105,297,#dad0c6
106,297,#d6ccc2
107,297,#d1c9bd
108,297,#cec6bc
109,297,#cac2ba
110,297,#bbb7b0
111,297,#aba8a0
112,297,#a1a2a0
113,297,#969796
114,297,#848584
115,297,#85817c
116,297,#9a9690
117,297,#b1aaa4
118,297,#bcb5af
119,297,#b1aaa4
120,297,#a5a19e
121,297,#9b9693
122,297,#999491
123,297,#a09a97
124,297,#aca5a2
125,297,#b2aba3
126,297,#b2aca4
127,297,#9d9c9a
128,297,#878786
129,297,#7c7b7d
130,297,#82837e
131,297,#91908c
132,297,#9c9b97
133,297,#9d9c98
134,297,#979694
135,297,#9b9b96
136,297,#aaaaa5
137,297,#9a9b9b
138,297,#7c7d7e
139,297,#6a6a6c
140,297,#6d6d6e
141,297,#7e7e7c
142,297,#918f8d
143,297,#9b9997
144,297,#959391
145,297,#8c8984
146,297,#7c7b79
147,297,#70706f
148,297,#69696a
149,297,#65646a
150,297,#6c6c6f
151,297,#78797c
152,297,#848482
153,297,#808082
154,297,#88878c
155,297,#8d8d92
156,297,#919196
157,297,#969697
158,297,#a0a0a0
159,297,#a19fa0
160,297,#a4a5a0
161,297,#a2a2a0
162,297,#a4a5a4
163,297,#a3a3a1
164,297,#aaa7a4
165,297,#b4afad
166,297,#c3bdbc
167,297,#cbc7c1
168,297,#d4cec9
169,297,#e0d7d2
170,297,#d4d4cc
171,297,#c8c8c6
172,297,#c3c4c2
173,297,#bdbebd
174,297,#b8bab8
175,297,#bbbab9
176,297,#bebdbc
177,297,#bec0bf
178,297,#bfc1c0
179,297,#c4c6c5
180,297,#cbc9c4
181,297,#cccac5
182,297,#d0d0d0
183,297,#cfcfd0
184,297,#cbcbcc
185,297,#c8c9c9
186,297,#c9c9c9
187,297,#c5c5c4
188,297,#c2c2c1
189,297,#bebebd
190,297,#b7bab8
191,297,#b2b4b2
192,297,#b0b5b6
193,297,#b6b9bb
194,297,#b6b8ba
195,297,#b3b4b7
196,297,#b7b8bb
197,297,#babbbf
198,297,#bcbec2
199,297,#bcbec2
200,297,#bbbbbc
201,297,#bcbcbd
202,297,#bdbebe
203,297,#bdbfbe
204,297,#bcbebd
205,297,#b9bcba
206,297,#bcbfbd
207,297,#bec0c0
208,297,#bbbdbd
209,297,#bec0c0
210,297,#c1c2c1
211,297,#c4c5c4
212,297,#c1c5c0
213,297,#c1c1bd
214,297,#bfbcb9
215,297,#c0bdb8
216,297,#c1beb9
217,297,#bebeb5
218,297,#bfbdb5
219,297,#bebab3
220,297,#c4beb7
221,297,#c5bfb8
222,297,#c5c0b7
223,297,#c4beb6
224,297,#beb9b1
225,297,#bcb8b0
226,297,#c0bbb6
227,297,#c5c1bc
228,297,#cac7c2
229,297,#cdcac5
230,297,#cbcac5
231,297,#cbcac6
232,297,#cbc9c6
233,297,#cecbc9
234,297,#ceccca
235,297,#cbccc9
236,297,#ccccc9
237,297,#ccc9c7
238,297,#cac9c5
239,297,#c6c5c0
240,297,#c7c7c2
241,297,#d2d3d4
242,297,#dadfdd
243,297,#d9dbda
244,297,#d6d6d5
245,297,#cfcfce
246,297,#d2d1d0
247,297,#d5d4d0
248,297,#d8d7d3
249,297,#d1d0cc
250,297,#c9c8c4
251,297,#c9c8c6
252,297,#cccbca
253,297,#cdcccb
254,297,#cfcecd
255,297,#cdccca
256,297,#ccccca
257,297,#cac9c7
258,297,#d1cecd
259,297,#ccc9c8
260,297,#c5beb3
261,297,#bfb7ad
262,297,#cdcdcc
263,297,#e0e1e2
264,297,#e6e9ed
265,297,#e3e6e8
266,297,#dadedd
267,297,#d7dad8
268,297,#d5d6d4
269,297,#d7d7d6
270,297,#d9d9d8
271,297,#dadada
272,297,#d7dadb
273,297,#d9dcdd
274,297,#dbdcde
275,297,#dad7d5
276,297,#d5d3cf
277,297,#d2cfc6
278,297,#dedbd3
279,297,#e0ddd7
280,297,#ded8d2
281,297,#e0dad2
282,297,#e0dfdd
283,297,#dfdbd9
284,297,#dfd9d6
285,297,#dad6d2
286,297,#d3cecb
287,297,#cdcbc5
288,297,#c7c5c0
289,297,#c0beba
290,297,#bfc1bd
291,297,#e1e2dc
292,297,#fcf8ee
293,297,#f4f0e6
294,297,#e1ddd3
295,297,#dad7cf
296,297,#dddad2
297,297,#dbd7cf
298,297,#d8d3cd
299,297,#d8d3cd
300,297,#d4d2cc
301,297,#d2d0ca
302,297,#cbc8c4
303,297,#cecbc7
304,297,#d1cdc9
305,297,#cec9c5
306,297,#c9c4c1
307,297,#c8c3be
308,297,#cbc6c1
309,297,#d4cfca
310,297,#d3cdc6
311,297,#d3cdc6
312,297,#d0cdc5
313,297,#d2cec6
314,297,#d0cac3
315,297,#bfbcb5
316,297,#b6b3ab
317,297,#c3c1bb
318,297,#c9c7c1
319,297,#c7c5bf
320,297,#cec8c0
321,297,#d9d3cc
322,297,#d3cdc6
323,297,#d1cbc4
324,297,#d0cac3
325,297,#cac5bf
326,297,#c1bcb6
327,297,#c2bcb3
328,297,#c4bfb5
329,297,#cdc7be
330,297,#d3cbc2
331,297,#d8d0c7
332,297,#dad2c9
333,297,#d2cac2
334,297,#cec6be
335,297,#c8c3bd
336,297,#c9c4be
337,297,#d0c9c3
338,297,#d4cdc7
339,297,#d1cac4
340,297,#c6c3bb
341,297,#c2bfb7
342,297,#bdb9b0
343,297,#bab6ad
344,297,#bebab1
345,297,#bfb8b2
346,297,#c1bab4
347,297,#d0c5bd
348,297,#d8ccc4
349,297,#d7cbc3
350,297,#d0c8c1
351,297,#d1c9c2
352,297,#cdc8c0
353,297,#cdc8c1
354,297,#c9c5bd
355,297,#c5c0bc
356,297,#c4bfbb
357,297,#c5c2bd
358,297,#bebbb6
359,297,#bebbb6
360,297,#c0bdb8
361,297,#c0bdb8
362,297,#c3beb7
363,297,#bcb8b0
364,297,#b0aca4
365,297,#b1adaa
366,297,#b3b1ae
367,297,#bdbcb6
368,297,#c5c1b8
369,297,#c8c1b6
370,297,#c6beb8
371,297,#cdc5bf
372,297,#ccc9c2
373,297,#b8b7b2
374,297,#ababa9
375,297,#a9a9a4
376,297,#acaca8
377,297,#a8a8a3
378,297,#a3a39f
379,297,#a4a49f
380,297,#a8a9a5
381,297,#c6c4bc
382,297,#c8c1b9
383,297,#bcb5ad
384,297,#c9c2ba
385,297,#dad2ca
386,297,#dad2ca
387,297,#d8d2ca
388,297,#d8d2cb
389,297,#d4cec7
390,297,#d9d2cb
391,297,#d1c9c1
392,297,#c3bab5
393,297,#c9c0bb
394,297,#cdc4bf
395,297,#bfbbb5
396,297,#d7d1c6
397,297,#dad3c5
398,297,#d4ccc0
399,297,#c7bfb5
400,297,#cec9c3
401,297,#ccc8c2
402,297,#c3bfb3
403,297,#e1dbcf
404,297,#d9d2c7
405,297,#cbc0b9
406,297,#d0c6bc
407,297,#d7cdc2
408,297,#d7cdc2
409,297,#d4cac0
410,297,#cbc5b9
411,297,#e0d7cb
412,297,#dbd1c8
413,297,#cec5bc
414,297,#c7beb5
415,297,#c9c2ba
416,297,#c6bfb7
417,297,#c0bbb5
418,297,#c1bcb6
419,297,#c2bdb7
420,297,#bcb7b1
421,297,#b3aea8
422,297,#b9b4ae
423,297,#bdb8b2
424,297,#bcb7b1
425,297,#c1beb5
426,297,#c1bdb4
427,297,#c4bfb8
428,297,#c1bcb6
429,297,#c2bdb7
430,297,#c1beb5
431,297,#c0bdb4
432,297,#c1bcb6
433,297,#c1bcb6
434,297,#c5c0ba
435,297,#c3bcb4
436,297,#c5beb6
437,297,#c5beb8
438,297,#c5beb8
439,297,#c4bdb7
440,297,#c2bdb7
441,297,#c2bdb7
442,297,#c3beb8
443,297,#c4bfb9
444,297,#c4bfb9
445,297,#c6bfb7
446,297,#c5beb6
447,297,#c5c1b7
448,297,#c6c2b8
449,297,#c7c3b9
450,297,#c6c2b8
451,297,#c6c2b8
452,297,#c7bfb4
453,297,#c8bfb4
454,297,#c8bfb4
455,297,#c7bfb4
456,297,#c7bfb4
457,297,#c7bfb5
458,297,#c9c0b6
459,297,#c9c0b6
460,297,#c8bfb7
461,297,#c9bfb7
462,297,#cac0b8
463,297,#cac0b8
464,297,#cac0b8
465,297,#c9bfb7
466,297,#c8bfb7
467,297,#c6bdb5
468,297,#c6bdb5
469,297,#c6bdb5
470,297,#c5beb5
471,297,#c4bdb5
472,297,#c7beb9
473,297,#c7beb9
474,297,#c7beb9
475,297,#c7beb6
476,297,#c8bfb8
477,297,#c6bdb6
478,297,#c6bdb6
479,297,#c7beb7
480,297,#c7c0b8
481,297,#c7c0b8
482,297,#c6bfb7
483,297,#c6bfb7
484,297,#c6bfb7
485,297,#c5beb5
486,297,#c5beb6
487,297,#c5beb5
488,297,#c7c0b6
489,297,#c6bfb5
490,297,#c6bdb4
491,297,#c6bdb4
492,297,#c7c0b5
493,297,#c8c2b7
494,297,#c8c2b7
495,297,#c9c3b7
496,297,#c8c2b6
497,297,#c9c2b8
498,297,#c9c2ba
499,297,#cac3bb
500,297,#c9c1ba
501,297,#c9c1ba
502,297,#cac2ba
503,297,#cbc3bb
504,297,#cac2bb
505,297,#c9c1b7
506,297,#c8c0b7
507,297,#c7c2b8
508,297,#c5bfb7
509,297,#c4bfb6
510,297,#c4beb4
511,297,#c3bdb3
512,297,#c5beb4
513,297,#c6beb4
514,297,#c7bfb6
515,297,#c7c0b5
516,297,#c9c2b7
517,297,#c5beb4
518,297,#c6bfb5
519,297,#c7c0b6
520,297,#c7c1b6
521,297,#c8c1b6
522,297,#c8c1b6
523,297,#c6c0b5
524,297,#c7c0b5
525,297,#c6beb4
526,297,#c7beb4
527,297,#c7bdb4
528,297,#c7beb4
529,297,#c6bdb3
530,297,#c5bdb3
531,297,#c4bcb2
532,297,#c4bcb4
533,297,#c5bdb4
534,297,#c3bbb2
535,297,#c5bdb4
536,297,#c3bbb2
537,297,#c5bfb6
538,297,#c3beb4
539,297,#c7c0b7
540,297,#c9c0b8
541,297,#c7beb6
542,297,#c4bdb2
543,297,#c6bfb4
544,297,#c8c0b6
545,297,#c8c1b8
546,297,#c6bfb6
547,297,#c8c1b6
548,297,#c8c1b5
549,297,#cac2b8
550,297,#c8bfb6
551,297,#cac1b8
552,297,#cbc2b9
553,297,#cdc4bb
554,297,#cbc2b9
555,297,#cac1b8
556,297,#cac1b8
557,297,#cec5bc
558,297,#ccc3ba
559,297,#ccc3ba
560,297,#cdc4bb
561,297,#ccc3ba
562,297,#cdc4bb
563,297,#cec5bc
564,297,#cec5bc
565,297,#cdc4bb
566,297,#cec5bc
567,297,#ccc4bc
568,297,#ccc4bd
569,297,#cbc3bc
570,297,#cbc4ba
571,297,#ccc5bb
572,297,#cbc4ba
573,297,#cbc4ba
574,297,#ccc5bb
575,297,#ccc5bb
576,297,#ccc5bb
577,297,#cec4ba
578,297,#d0c6bc
579,297,#d1c7bd
580,297,#cfc5bb
581,297,#d0c6bc
582,297,#cdc4b9
583,297,#d0c7bc
584,297,#d1c8bd
585,297,#cec4bb
586,297,#cfc6bd
587,297,#d3cac1
588,297,#d2c9c0
589,297,#d0c7be
590,297,#cfc7bf
591,297,#ccc5bc
592,297,#d1c8c0
593,297,#cfc6bf
594,297,#cfc5be
595,297,#cec7bd
596,297,#cec7bd
597,297,#d0c8bd
598,297,#d0c7be
599,297,#d2c9c2
0,298,#d1c7bd
1,298,#d1c7bd
2,298,#d0c6bc
3,298,#d0c6bc
4,298,#d1c7bd
5,298,#d0c6bc
6,298,#cec4ba
7,298,#cdc3b9
8,298,#cec4ba
9,298,#cec4ba
10,298,#cfc6bd
11,298,#d1c7be
12,298,#d1c7bd
13,298,#cfc5bb
14,298,#d1c7bd
15,298,#cfc5bb
16,298,#d1c7bd
17,298,#d0c6bc
18,298,#d1c7bd
19,298,#d0c6bc
20,298,#d2c5bc
21,298,#d4c7be
22,298,#d4c7be
23,298,#d3c6bd
24,298,#d4c7be
25,298,#d2c8be
26,298,#d0c6bc
27,298,#d0c6bc
28,298,#d1c7bd
29,298,#d0c6bc
30,298,#d0c6bd
31,298,#d1c7be
32,298,#d1c7bd
33,298,#d1c7bd
34,298,#d1c7bd
35,298,#d0c6bc
36,298,#d1c7bd
37,298,#d0c6bc
38,298,#d1c7bd
39,298,#d2c8be
40,298,#d2c8be
41,298,#d3c9bf
42,298,#d3c9bf
43,298,#d3c9bf
44,298,#d2c8be
45,298,#d3c9c0
46,298,#d4cac1
47,298,#d2c8be
48,298,#d4cac0
49,298,#d3c9bf
50,298,#d2c8be
51,298,#d1c7bd
52,298,#d4c7be
53,298,#d5c8bf
54,298,#d6c9c0
55,298,#d7cac1
56,298,#d7cac1
57,298,#d9ccc3
58,298,#dacdc4
59,298,#d8cbc2
60,298,#d5cbc1
61,298,#d2c8be
62,298,#d3c9bf
63,298,#d5cbc1
64,298,#d7cdc3
65,298,#d7cdc3
66,298,#d4cac0
67,298,#d3c9bf
68,298,#d4cac0
69,298,#d7cdc3
70,298,#d9cdc1
71,298,#d7cbbf
72,298,#d6c9c0
73,298,#d6c9c0
74,298,#d8cbc2
75,298,#d2cabf
76,298,#d1c8bf
77,298,#d6cabf
78,298,#d5c9bd
79,298,#d2c6ba
80,298,#d3c6bd
81,298,#d2c5bc
82,298,#d0c6bc
83,298,#d1c7bd
84,298,#d3c6bd
85,298,#d3c7bb
86,298,#d4c8bc
87,298,#d5c8bf
88,298,#d6c9c0
89,298,#d4c7be
90,298,#d1c7bd
91,298,#d1c7bd
92,298,#d2c8be
93,298,#cfc5bb
94,298,#cec4ba
95,298,#cbc1b7
96,298,#c8beb4
97,298,#ccc0b4
98,298,#d0c4b8
99,298,#d4c8bc
100,298,#d7cbbf
101,298,#dacec2
102,298,#d7cac1
103,298,#d4c7be
104,298,#d4c7be
105,298,#d0c6bc
106,298,#d4cac0
107,298,#d3c9bd
108,298,#d7cdc3
109,298,#d7cdc4
110,298,#d7cdc1
111,298,#d9cfc3
112,298,#ddd0c3
113,298,#dccec1
114,298,#ddcfc2
115,298,#dccec1
116,298,#dccec1
117,298,#dacec3
118,298,#dacec3
119,298,#dbcfc4
120,298,#ddd3c4
121,298,#ddd2c4
122,298,#ded1c1
123,298,#ded1c1
124,298,#ddd0c0
125,298,#dacec1
126,298,#d8ccbf
127,298,#d6caba
128,298,#d9cdbf
129,298,#d8ccc0
130,298,#d5cbbf
131,298,#d8ccc0
132,298,#d6cabd
133,298,#dbcfc3
134,298,#dccfc6
135,298,#dad1c9
136,298,#ded5cd
137,298,#dcd5ca
138,298,#dbd3c9
139,298,#dcd5ca
140,298,#ddd5cb
141,298,#e1d7ce
142,298,#e1d8cc
143,298,#e2d9cd
144,298,#e0d7cb
145,298,#dfd7c6
146,298,#dfd6c9
147,298,#e0d7ca
148,298,#e3dace
149,298,#e7ddd4
150,298,#ebe3dc
151,298,#efe7e0
152,298,#ece8e1
153,298,#e9e7e2
154,298,#e8e5e2
155,298,#e8e5e2
156,298,#e8e5e2
157,298,#eae7e2
158,298,#eae7e2
159,298,#ede9e4
160,298,#ebe9e4
161,298,#e9e8e4
162,298,#e8e6df
163,298,#e8e6de
164,298,#eae7df
165,298,#ebe8e1
166,298,#efece5
167,298,#f2ecdf
168,298,#f4ebde
169,298,#f0e5d9
170,298,#f1e9de
171,298,#f0e8df
172,298,#f0e7dd
173,298,#eae1d7
174,298,#e8dfd5
175,298,#e3dcd1
176,298,#e2dbd0
177,298,#e3dbd0
178,298,#e6ded3
179,298,#e8e0d5
180,298,#ede0d6
181,298,#efe2d8
182,298,#eee6df
183,298,#ede5df
184,298,#e9e1da
185,298,#e7ded3
186,298,#e2d7cc
187,298,#d8ccc6
188,298,#dcd0cb
189,298,#e0d4cf
190,298,#e1d8cd
191,298,#e8ded5
192,298,#ebe3db
193,298,#eee6dd
194,298,#f1e7df
195,298,#f1e9e0
196,298,#efe7de
197,298,#eee6dd
198,298,#eee5dd
199,298,#ece4db
200,298,#e9e0d8
201,298,#e8dfd7
202,298,#e6ded6
203,298,#e1d9d1
204,298,#e0d8d0
205,298,#e0d8cf
206,298,#ddd5cc
207,298,#d6cec5
208,298,#d3cbc3
209,298,#d8d0c7
210,298,#d9d0c8
211,298,#dad1c9
212,298,#dcd4ca
213,298,#dfd6cc
214,298,#e2d8cf
215,298,#e5decd
216,298,#e4dccb
217,298,#e7dbcf
218,298,#e7d8cd
219,298,#e6d6cb
220,298,#ded4ca
221,298,#d9cfc5
222,298,#d8cec3
223,298,#d6ccc0
224,298,#dbd1c5
225,298,#e1d9cb
226,298,#e6ddd1
227,298,#e5ddd2
228,298,#e5ddd3
229,298,#e8dfd5
230,298,#e8ded3
231,298,#ebe1d7
232,298,#eae1d6
233,298,#e8dfd4
234,298,#e9e0d5
235,298,#e8dfd4
236,298,#e8ded3
237,298,#e8dccd
238,298,#e1d5c8
239,298,#ddd0c7
240,298,#dbd0c7
241,298,#e0d5cc
242,298,#e9ddd4
243,298,#ece1d8
244,298,#ece4da
245,298,#e9e2d5
246,298,#eae1d5
247,298,#e7ddd3
248,298,#ebe1d7
249,298,#e9dfd6
250,298,#e7ded0
251,298,#e7ddd2
252,298,#e5dbd0
253,298,#e5dacf
254,298,#e6dbd0
255,298,#e2d7cc
256,298,#e2d7cc
257,298,#e1d5cb
258,298,#e2d5cb
259,298,#e2d5cb
260,298,#ded7c9
261,298,#e1dacd
262,298,#e1d9cb
263,298,#e0d8cc
264,298,#e0d7ce
265,298,#ded1c5
266,298,#dccfc3
267,298,#d6cfc4
268,298,#dad2c8
269,298,#ddd3ca
270,298,#ded3ca
271,298,#e3d8cf
272,298,#e5dad1
273,298,#e1d6cd
274,298,#e0d5cc
275,298,#dcd8cd
276,298,#e0dbd5
277,298,#e3e1d3
278,298,#e3e0d2
279,298,#e1ded1
280,298,#e4dcd4
281,298,#e2dad2
282,298,#e2ddd3
283,298,#e4ddd3
284,298,#e3dbd0
285,298,#e2dacf
286,298,#e1d9ce
287,298,#e4d9cc
288,298,#e9ddd1
289,298,#ece0d4
290,298,#e8ded2
291,298,#ece0d3
292,298,#eee2d6
293,298,#f0e4d8
294,298,#ebdfd3
295,298,#eaded2
296,298,#e5d9cd
297,298,#e2d8cc
298,298,#e2d8cd
299,298,#e0d6cb
300,298,#e2d8ce
301,298,#e4dad0
302,298,#e4dace
303,298,#e1d7cb
304,298,#dfd5c9
305,298,#dfd5c9
306,298,#e3d9cd
307,298,#e1d7cd
308,298,#e0d6cc
309,298,#dfd5cb
310,298,#dcd3c4
311,298,#ded5c6
312,298,#e3d8c9
313,298,#ebddd0
314,298,#edded1
315,298,#ece1ce
316,298,#eee2d0
317,298,#f1e1d3
318,298,#f0e0d2
319,298,#edddcf
320,298,#e8dccd
321,298,#e7dbcd
322,298,#e5d9cd
323,298,#e0d4c8
324,298,#dcd0c4
325,298,#d7cdc3
326,298,#d5cbc1
327,298,#d3c9bf
328,298,#d3c9bf
329,298,#d1c7bd
330,298,#cec6bb
331,298,#cfc7bc
332,298,#cec6bb
333,298,#d2cabf
334,298,#d7cfc4
335,298,#dad0c6
336,298,#dfd5cb
337,298,#dfd5ca
338,298,#e1d7cc
339,298,#e0d6cb
340,298,#e2d5cc
341,298,#dccfc6
342,298,#d4cac1
343,298,#cbc1b8
344,298,#cdc3ba
345,298,#ccc2b7
346,298,#cfc5ba
347,298,#d1c6bc
348,298,#d5cac1
349,298,#d8cdc4
350,298,#dbd1c5
351,298,#e0d6ca
352,298,#e1d9ce
353,298,#e6ded3
354,298,#e7dfd4
355,298,#e0d8cc
356,298,#d7cfc3
357,298,#dbcfc4
358,298,#e5d9ce
359,298,#efe2d8
360,298,#ede3d8
361,298,#e9dfd4
362,298,#e5dbd1
363,298,#e6dcd2
364,298,#e7ddd3
365,298,#e6dcd1
366,298,#e6dcd1
367,298,#e1d8ce
368,298,#d8cec4
369,298,#d1c5b9
370,298,#cbc1b3
371,298,#cbc0b4
372,298,#cec3b6
373,298,#d1c7bc
374,298,#d5cbc1
375,298,#d4ccc4
376,298,#d9d1c8
377,298,#dbd1c9
378,298,#dfd4cd
379,298,#d9cfc7
380,298,#d3c9c0
381,298,#cdc4bd
382,298,#c4bbb2
383,298,#c3bab1
384,298,#c1b8af
385,298,#c5bcb3
386,298,#c9c0b7
387,298,#d2c8bd
388,298,#d9cfc4
389,298,#dfd5ca
390,298,#e1d6cb
391,298,#ded3c8
392,298,#dcd3c8
393,298,#ded6ca
394,298,#ded6ca
395,298,#e2d6c6
396,298,#e4d6c9
397,298,#ded5ca
398,298,#dbd2c9
399,298,#d9d0c9
400,298,#cec8ba
401,298,#bfb9ab
402,298,#cdc3b9
403,298,#dacdc4
404,298,#d2c4bb
405,298,#cbc4b9
406,298,#c7c0b4
407,298,#cac3b8
408,298,#cac2b9
409,298,#cac2bc
410,298,#c8c3b9
411,298,#c8c1b8
412,298,#cac0b7
413,298,#cbc1b8
414,298,#cec4bb
415,298,#cfc5b9
416,298,#ccc2b6
417,298,#cec4b8
418,298,#cdc3b8
419,298,#cec4b9
420,298,#cec4b9
421,298,#cdc3b8
422,298,#c9bfb4
423,298,#cbc1b6
424,298,#cbc1b6
425,298,#c8beb4
426,298,#c9bfb5
427,298,#cfc5ba
428,298,#d0c6bb
429,298,#d1c7bc
430,298,#d0c6bc
431,298,#cfc5bb
432,298,#cec4b9
433,298,#d2c8bd
434,298,#d3c9be
435,298,#d2c8bc
436,298,#d4cabe
437,298,#d3c9be
438,298,#d3c9be
439,298,#d2c8bd
440,298,#d4c7bd
441,298,#d3c6bc
442,298,#d1c7bd
443,298,#d0c6bc
444,298,#d0c6bc
445,298,#d2c6ba
446,298,#d3c7bb
447,298,#d0c6bc
448,298,#d0c6bc
449,298,#d1c7bd
450,298,#d2c5bc
451,298,#d2c5bc
452,298,#cec6bd
453,298,#cec7bd
454,298,#d0c9bf
455,298,#d0c6be
456,298,#d1c8bf
457,298,#d0c7bd
458,298,#d2c9be
459,298,#d3cac0
460,298,#d2c9be
461,298,#d3c8be
462,298,#d4c9bf
463,298,#d4c9bf
464,298,#d3c7be
465,298,#d0c9be
466,298,#cec7bc
467,298,#d1c8be
468,298,#d1c7bd
469,298,#d2c8be
470,298,#d1c9be
471,298,#d0c7be
472,298,#d2cabe
473,298,#d1c9bd
474,298,#cfc7bb
475,298,#cfc7bc
476,298,#d0c7be
477,298,#cfc6bd
478,298,#cfc6bd
479,298,#cdc4bb
480,298,#cec4bb
481,298,#cec4bb
482,298,#cfc7bc
483,298,#cfc7bc
484,298,#cfc7bc
485,298,#cfc7bc
486,298,#cec6bb
487,298,#cfc6bf
488,298,#cfc6bf
489,298,#d0c7c0
490,298,#cec7bf
491,298,#cec7bf
492,298,#d1c7be
493,298,#d0c6bd
494,298,#d0c6bd
495,298,#d1c7be
496,298,#d0c6bd
497,298,#d0c6bc
498,298,#d0c6bc
499,298,#d0c6bc
500,298,#cec5bc
501,298,#cfc6bd
502,298,#cfc6bd
503,298,#d0c7be
504,298,#d1c8bf
505,298,#d2c8be
506,298,#d2c8be
507,298,#cfc7bc
508,298,#d0c8bd
509,298,#d1c9be
510,298,#d1c8bf
511,298,#d0c7be
512,298,#d0c6bd
513,298,#d0c6bd
514,298,#d0c6bd
515,298,#cfc6bf
516,298,#d0c7c0
517,298,#d1c8bf
518,298,#d0c7be
519,298,#d1c8bf
520,298,#d2c8bf
521,298,#d5cbc2
522,298,#d2c8bf
523,298,#d3c9c0
524,298,#d5cbc2
525,298,#d4cac1
526,298,#d5cbc2
527,298,#d3cbc4
528,298,#d2cbc3
529,298,#d3ccc4
530,298,#d6cdc4
531,298,#d7cec5
532,298,#d5ccc3
533,298,#d3cac1
534,298,#d6cdc4
535,298,#d5cbc1
536,298,#d6ccc2
537,298,#d5ccc3
538,298,#d5ccc3
539,298,#d3cac1
540,298,#d3cac3
541,298,#d3cac3
542,298,#d3cac1
543,298,#d3cac1
544,298,#d2c9c0
545,298,#d0c7be
546,298,#d1c8bf
547,298,#d2c9c0
548,298,#d3cac1
549,298,#d3cac1
550,298,#d3cbc0
551,298,#d3cbc0
552,298,#d2c9c0
553,298,#d3cac1
554,298,#d3cac1
555,298,#d3c9bf
556,298,#d3c9bf
557,298,#d1c7bd
558,298,#d2c8be
559,298,#d3c9bf
560,298,#d2c8be
561,298,#d1c7bd
562,298,#d0c8bd
563,298,#d1c9be
564,298,#d0c8bd
565,298,#d1c7bd
566,298,#d3c9bf
567,298,#d0c8bd
568,298,#d0c8bd
569,298,#d0c8bd
570,298,#cfc7bc
571,298,#cfc7bc
572,298,#d0c8bd
573,298,#d0c8bd
574,298,#d1c9be
575,298,#d2cabf
576,298,#d1c9be
577,298,#cec7bd
578,298,#d1cac0
579,298,#d1cac0
580,298,#d0c7be
581,298,#d2c9c0
582,298,#d3c9c0
583,298,#d4cac1
584,298,#d3c9c0
585,298,#d2c8be
586,298,#d3c9bf
587,298,#d1c7bd
588,298,#d2c8be
589,298,#d1c7bd
590,298,#d2cabf
591,298,#d0c8bd
592,298,#d0c6bc
593,298,#d0c6bc
594,298,#d1c7bd
595,298,#d1c7be
596,298,#d2c8bf
597,298,#d2c8bd
598,298,#d2c8be
599,298,#d2c8bf
0,299,#d4c8bc
1,299,#d5c9bd
2,299,#d5c9bd
3,299,#d5c9bd
4,299,#d6cabe
5,299,#d6cabe
6,299,#d6cabe
7,299,#d6cabe
8,299,#d6cabe
9,299,#d7cbbf
10,299,#d4cac0
11,299,#d7cac1
12,299,#d7cbbf
13,299,#d7cbbf
14,299,#d8ccc0
15,299,#d6ccc0
16,299,#d5cbbf
17,299,#d5cbc1
18,299,#d6ccc2
19,299,#d8cec4
20,299,#dbcec5
21,299,#dbcec5
22,299,#dbcec5
23,299,#dbcec5
24,299,#dbcec5
25,299,#d9cfc5
26,299,#d9cfc5
27,299,#dad0c6
28,299,#d9cfc5
29,299,#d9cfc5
30,299,#d9cfc6
31,299,#dbd1c8
32,299,#d8cec4
33,299,#d8cec4
34,299,#dad0c6
35,299,#d9cfc5
36,299,#d9cfc5
37,299,#dcd2c8
38,299,#dcd2c8
39,299,#dfd5cb
40,299,#ded4ca
41,299,#ddd3c9
42,299,#ddd3c9
43,299,#ddd3c9
44,299,#dcd2c8
45,299,#ddd3ca
46,299,#ddd3ca
47,299,#ded4ca
48,299,#ded4ca
49,299,#ded4ca
50,299,#dcd2c8
51,299,#ddd3c9
52,299,#ddd0c7
53,299,#dccfc6
54,299,#dccfc6
55,299,#dccfc6
56,299,#ddd0c7
57,299,#ded1c8
58,299,#ddd0c7
59,299,#dccfc6
60,299,#dbd1c7
61,299,#dad0c6
62,299,#dbd1c7
63,299,#dbd1c7
64,299,#dcd2c8
65,299,#dcd2c8
66,299,#ddd3c9
67,299,#dcd2c8
68,299,#ddd3c9
69,299,#dcd2c8
70,299,#dbd1c7
71,299,#dbd1c7
72,299,#dccfc6
73,299,#dccfc6
74,299,#dccfc6
75,299,#dad0c6
76,299,#d9cfc3
77,299,#dbcfc3
78,299,#dbcfc3
79,299,#dcd0c4
80,299,#dbcec5
81,299,#dbcec5
82,299,#d9cfc5
83,299,#d9cfc5
84,299,#dccfc6
85,299,#dbcfc3
86,299,#ddd1c5
87,299,#dccfc6
88,299,#dbcec5
89,299,#dacdc4
90,299,#d9cdc1
91,299,#dacec2
92,299,#d8ccc0
93,299,#d9cdc1
94,299,#d8ccc0
95,299,#d9cdc1
96,299,#d8ccc0
97,299,#dbcfc3
98,299,#ddd1c5
99,299,#ded2c6
100,299,#dfd3c7
101,299,#e0d4c8
102,299,#e1d4cb
103,299,#e1d4cb
104,299,#e0d3ca
105,299,#dfd5cb
106,299,#e0d6cc
107,299,#e0d4c8
108,299,#e0d3ca
109,299,#e1d4cc
110,299,#e1d4cb
111,299,#e0d3ca
112,299,#ded3c9
113,299,#e1d5cc
114,299,#e0d5cb
115,299,#e2d5c9
116,299,#e1d4c9
117,299,#ded4c8
118,299,#dfd5c9
119,299,#ddd3c7
120,299,#dfd1c6
121,299,#ded0c5
122,299,#dcd0c4
123,299,#ddd1c5
124,299,#dcd0c4
125,299,#dccec1
126,299,#dccec1
127,299,#dbcec2
128,299,#ddd0c5
129,299,#ddd0c7
130,299,#dacfc4
131,299,#ddd0c6
132,299,#dcd0c3
133,299,#ded1c6
134,299,#ded1c8
135,299,#dfd3c5
136,299,#e0d4c6
137,299,#dfd3c7
138,299,#e0d4c8
139,299,#dfd3c7
140,299,#ddd4c3
141,299,#dfd3c5
142,299,#dfd3c6
143,299,#e0d4c7
144,299,#e0d4c7
145,299,#e0d3ca
146,299,#ded0c5
147,299,#ded2c2
148,299,#ded3c1
149,299,#dfd4c2
150,299,#dfd4c2
151,299,#e1d6c4
152,299,#e0d4c6
153,299,#e0d4c7
154,299,#e0d4c6
155,299,#dfd3c6
156,299,#ddd1c4
157,299,#dbcdc3
158,299,#dacdc3
159,299,#d6cbc0
160,299,#d4c7bc
161,299,#d1c4ba
162,299,#cbbeb4
163,299,#c7bdb3
164,299,#c3bab1
165,299,#c2b6b5
166,299,#c0b5b4
167,299,#bbb6af
168,299,#bcb7b0
169,299,#beb7b0
170,299,#c0b8ad
171,299,#c2b8ae
172,299,#c5bbaf
173,299,#c7bdb1
174,299,#cbc1b5
175,299,#cec2b6
176,299,#d1c5b9
177,299,#d5cabe
178,299,#d7ccc1
179,299,#d9cec3
180,299,#dfcfc0
181,299,#e0cfc1
182,299,#ded1c3
183,299,#ded2c4
184,299,#dfd3c5
185,299,#dcd3c4
186,299,#ded2c4
187,299,#dfd2c4
188,299,#dfd3c4
189,299,#ddd1c2
190,299,#ddd1c1
191,299,#ded2c4
192,299,#ddd1c3
193,299,#ddd1c3
194,299,#ded0c3
195,299,#ddd1c3
196,299,#ddd1c3
197,299,#ded2c4
198,299,#dcd0c2
199,299,#dcd0c2
200,299,#dcd0c2
201,299,#dbcfc1
202,299,#ddd1c3
203,299,#dcd0c2
204,299,#ddd1c3
205,299,#ddcfc2
206,299,#ded0c3
207,299,#dbcfc1
208,299,#dcd0c2
209,299,#dbcfc1
210,299,#dacec0
211,299,#d9cdbf
212,299,#daccbf
213,299,#daccbf
214,299,#d9cdbf
215,299,#dccbbc
216,299,#ddccbd
217,299,#dbcdbc
218,299,#ddcdbd
219,299,#e0cfbf
220,299,#dcd0c0
221,299,#dcd0c0
222,299,#ddd1c3
223,299,#dfd3c5
224,299,#ded2c4
225,299,#ded1c1
226,299,#ddcfc2
227,299,#dccfc0
228,299,#ded1c1
229,299,#dfd2c2
230,299,#ded1c1
231,299,#ded0c3
232,299,#ddcfc2
233,299,#ded0c3
234,299,#ddcfc2
235,299,#dad1c2
236,299,#dcd0c2
237,299,#ddd1c4
238,299,#dfd3c5
239,299,#e1d5c5
240,299,#dfd6c7
241,299,#e0d4c6
242,299,#ded3c6
243,299,#ddd4c5
244,299,#e0d4c6
245,299,#e1d5c7
246,299,#e3d5c8
247,299,#e2d4c7
248,299,#e3d5c8
249,299,#e4d6c9
250,299,#e4d6c9
251,299,#e4d6cb
252,299,#e2d6c8
253,299,#e3d7c9
254,299,#e1d5c7
255,299,#e0d4c6
256,299,#e1d5c7
257,299,#e0d4c6
258,299,#e0d4c6
259,299,#dfd3c5
260,299,#dfd3be
261,299,#dfd2be
262,299,#ddd3c5
263,299,#dfd3c5
264,299,#dfd1c4
265,299,#dad1c5
266,299,#dad1c6
267,299,#dbd0c3
268,299,#ded0c3
269,299,#e1d1c4
270,299,#dfd1c4
271,299,#e0d2c5
272,299,#e4d4c5
273,299,#e5d5c6
274,299,#e5d5c6
275,299,#e2d4c8
276,299,#e2d4c8
277,299,#e1d3cd
278,299,#dfd2cb
279,299,#dfd2c9
280,299,#dbd2c7
281,299,#dbd2c8
282,299,#ded3c6
283,299,#ded2c6
284,299,#ded1c8
285,299,#dbd1c6
286,299,#d9cfc4
287,299,#dacfc6
288,299,#dcd0c7
289,299,#ded3c8
290,299,#dfd4c9
291,299,#e0d2c8
292,299,#ded2c6
293,299,#e1d5c9
294,299,#e2d6ca
295,299,#e1d5c7
296,299,#e1d5c7
297,299,#dfd3c7
298,299,#dfd3c7
299,299,#ded2c6
300,299,#dbd1c5
301,299,#d9cfc3
302,299,#d7cdc3
303,299,#d6ccc2
304,299,#d5cbc1
305,299,#d6c9c0
306,299,#d3c6bd
307,299,#d0c4b8
308,299,#cec2b6
309,299,#ccc0b4
310,299,#c9bfb5
311,299,#c8beb4
312,299,#c5bdb2
313,299,#c6bcb2
314,299,#c9bcb3
315,299,#c7bdb5
316,299,#c9bcb5
317,299,#c7bcb3
318,299,#c7bdb3
319,299,#c7bdb3
320,299,#c7bdb3
321,299,#c6bcb0
322,299,#c8bfb0
323,299,#c9c0b1
324,299,#cbc2b3
325,299,#cbc3b6
326,299,#ccc4b7
327,299,#d0c6ba
328,299,#d0c6ba
329,299,#cfc5b9
330,299,#cdc3b7
331,299,#cbc1b5
332,299,#c9bfb3
333,299,#c7bdb1
334,299,#c5bbaf
335,299,#c4b8ac
336,299,#c3b7ab
337,299,#beb4a8
338,299,#beb4a8
339,299,#bdb3a7
340,299,#bcb2a6
341,299,#bbb1a5
342,299,#bdb5a8
343,299,#bdb5a8
344,299,#c0b8ab
345,299,#c2b8ac
346,299,#c4baae
347,299,#c6bcb1
348,299,#c7bdb2
349,299,#cac0b4
350,299,#c9c1b6
351,299,#cbc3b8
352,299,#d0c8bd
353,299,#d4ccc1
354,299,#d5cdc2
355,299,#d4cbc2
356,299,#d2c9c0
357,299,#d1c8bf
358,299,#d1c8bf
359,299,#cfc6bd
360,299,#cfc5bb
361,299,#cdc3b9
362,299,#cac2b7
363,299,#c8c0b5
364,299,#c6beb3
365,299,#c5beb3
366,299,#c5bdb2
367,299,#c5bbb2
368,299,#c5bcb3
369,299,#c5bcb3
370,299,#c5bbb2
371,299,#c8bfb6
372,299,#c8c1b7
373,299,#cec5bb
374,299,#d1c6bd
375,299,#d3c9bf
376,299,#d6ccc2
377,299,#dad0c6
378,299,#dbd1c7
379,299,#ddd3c9
380,299,#ded2c4
381,299,#dcd2c6
382,299,#ddd1c5
383,299,#dcd0c4
384,299,#dacec2
385,299,#d5cbc1
386,299,#d2c8be
387,299,#cfc6bd
388,299,#ccc3bb
389,299,#c9bfb7
390,299,#c9bfb6
391,299,#c9bfb6
392,299,#cbc1b7
393,299,#cac0b7
394,299,#cec4bb
395,299,#d0c7be
396,299,#d1c7be
397,299,#d2c9bb
398,299,#d1c7bb
399,299,#cec4ba
400,299,#cac0b7
401,299,#c7bdb4
402,299,#c2bcb1
403,299,#c1bab0
404,299,#c0b6ae
405,299,#bfb3a5
406,299,#bfb3a7
407,299,#beb3a6
408,299,#beb3a8
409,299,#c0b4ab
410,299,#c1b7ac
411,299,#c4b8af
412,299,#c4bbb2
413,299,#c6bdb4
414,299,#c8bfb6
415,299,#cbc1b7
416,299,#cec4ba
417,299,#d0c4b8
418,299,#d2c6ba
419,299,#d0c4b8
420,299,#d1c5b9
421,299,#d1c5b9
422,299,#d0c4b8
423,299,#d0c4b8
424,299,#cec2b6
425,299,#cbc1b5
426,299,#cac0b4
427,299,#cbbfb3
428,299,#cbbfb3
429,299,#ccc0b4
430,299,#cac0b4
431,299,#cac0b4
432,299,#ccc0b4
433,299,#cec2b6
434,299,#cfc3b7
435,299,#cfc5bb
436,299,#d1c7bd
437,299,#d3c9bd
438,299,#d1c7bb
439,299,#d3c9bd
440,299,#d6cabe
441,299,#d7cbbf
442,299,#dacec2
443,299,#dacec2
444,299,#d9cdc1
445,299,#d8cec4
446,299,#d8cec4
447,299,#dcd0c4
448,299,#dbcfc3
449,299,#dacec2
450,299,#dbcfc1
451,299,#dbcfc1
452,299,#dccec2
453,299,#ddcfc3
454,299,#ddcfc3
455,299,#ddd0c3
456,299,#ded1c5
457,299,#ddd0c4
458,299,#ddd0c4
459,299,#dccfc3
460,299,#d7cdbf
461,299,#d9cdbf
462,299,#dacbbe
463,299,#dacbbe
464,299,#d9cabd
465,299,#d7c9be
466,299,#d5c7bc
467,299,#d5c9bd
468,299,#d4c8bc
469,299,#d3c7bb
470,299,#d2c6b8
471,299,#d1c5b9
472,299,#cec4b8
473,299,#cec4b8
474,299,#cdc3b7
475,299,#cdc3b7
476,299,#cdc3b9
477,299,#cec4b8
478,299,#cfc5b9
479,299,#cec4b8
480,299,#d1c5b9
481,299,#d2c6ba
482,299,#d2c6ba
483,299,#d2c6ba
484,299,#d3c7bb
485,299,#d3c7bb
486,299,#d1c5b9
487,299,#d0c4b8
488,299,#d0c4b8
489,299,#d0c4b8
490,299,#d2c6ba
491,299,#d4c8bc
492,299,#d2c6ba
493,299,#d3c7bb
494,299,#d3c7bb
495,299,#d2c6ba
496,299,#d2c6ba
497,299,#d1c5b9
498,299,#d2c6ba
499,299,#d2c6ba
500,299,#d1c5b9
501,299,#d2c6ba
502,299,#d2c6ba
503,299,#d2c6ba
504,299,#d4c8bc
505,299,#d4c8bc
506,299,#d4c8bc
507,299,#d7c9be
508,299,#d7c9be
509,299,#d7c9be
510,299,#d8cabd
511,299,#d9cbbe
512,299,#d7cbbd
513,299,#d7cbbd
514,299,#d7cbbd
515,299,#d7cbbf
516,299,#d8ccc0
517,299,#d8ccbe
518,299,#d8ccbe
519,299,#d7cbbd
520,299,#d5c9bd
521,299,#d6cabe
522,299,#d7cbbf
523,299,#d7cbbf
524,299,#d7cbbf
525,299,#d6cabe
526,299,#d6cabe
527,299,#d6cabe
528,299,#d6cabe
529,299,#d6cabe
530,299,#d3c9bd
531,299,#d2c8bc
532,299,#d3c9bf
533,299,#d2c8be
534,299,#d2c8be
535,299,#d4c8bc
536,299,#d4c8bc
537,299,#d5c8bf
538,299,#d5c8bf
539,299,#d6c9c0
540,299,#d4cabe
541,299,#d4cabe
542,299,#d4cabe
543,299,#d4cabe
544,299,#d5cbbf
545,299,#d5c8bf
546,299,#d6c9c0
547,299,#d4cabe
548,299,#d4cabe
549,299,#d3c9bd
550,299,#d4cabe
551,299,#d3c9bd
552,299,#d3c9bf
553,299,#d3c9bf
554,299,#d3c9bf
555,299,#d3c7bb
556,299,#d3c7bb
557,299,#d6cabe
558,299,#d6cabe
559,299,#d6cabe
560,299,#d4c8bc
561,299,#d5c9bd
562,299,#d2c8bc
563,299,#d3c9bd
564,299,#d3c9bd
565,299,#d6cabe
566,299,#d4c8bc
567,299,#d5c9bd
568,299,#d5c9bd
569,299,#d5c9bd
570,299,#d5c9bd
571,299,#d5c9bd
572,299,#d5c9bd
573,299,#d6cabe
574,299,#d7cbbf
575,299,#d6cabe
576,299,#d5c9bd
577,299,#d5c9bd
578,299,#d5c9bd
579,299,#d5c9bd
580,299,#d6cabe
581,299,#d4c8bc
582,299,#d6cabe
583,299,#d7cbbf
584,299,#d6cabe
585,299,#d7cbbf
586,299,#d5c9bd
587,299,#d6cabe
588,299,#d6cabe
589,299,#d7cbbf
590,299,#d7cbbf
591,299,#d7cbbf
592,299,#d5c9bd
593,299,#d5c9bd
594,299,#d6cabe
595,299,#d5c9bb
596,299,#d4c8ba
597,299,#d4c8ba
598,299,#d3c7bb
599,299,#d4c7be
